-- phpMyAdmin SQL Dump
-- version 4.8.0.1
-- https://www.phpmyadmin.net/
--
-- Host: 127.0.0.1
-- Generation Time: Sep 15, 2020 at 01:02 PM
-- Server version: 10.1.32-MariaDB
-- PHP Version: 7.4.7

SET SQL_MODE = "NO_AUTO_VALUE_ON_ZERO";
SET AUTOCOMMIT = 0;
START TRANSACTION;
SET time_zone = "+00:00";


/*!40101 SET @OLD_CHARACTER_SET_CLIENT=@@CHARACTER_SET_CLIENT */;
/*!40101 SET @OLD_CHARACTER_SET_RESULTS=@@CHARACTER_SET_RESULTS */;
/*!40101 SET @OLD_COLLATION_CONNECTION=@@COLLATION_CONNECTION */;
/*!40101 SET NAMES utf8mb4 */;

--
-- Database: `finaltest`
--

-- --------------------------------------------------------

--
-- Table structure for table `accesscontrol`
--

CREATE TABLE `accesscontrol` (
  `access_level` int(11) NOT NULL DEFAULT '0' COMMENT '0th level is default and 1st level is admin level',
  `admission_cancel` tinyint(1) NOT NULL DEFAULT '0',
  `course_management` tinyint(1) NOT NULL DEFAULT '0',
  `course_registration` tinyint(1) NOT NULL DEFAULT '0',
  `add_department` tinyint(1) NOT NULL DEFAULT '0',
  `exam_registration` tinyint(1) NOT NULL DEFAULT '0',
  `add_scheme` tinyint(1) NOT NULL DEFAULT '0',
  `add_semester` tinyint(1) NOT NULL DEFAULT '0',
  `add_user` tinyint(1) NOT NULL DEFAULT '0',
  `admit_student` tinyint(1) NOT NULL DEFAULT '0',
  `accesscontrol_management` tinyint(1) NOT NULL DEFAULT '0',
  `add_messageoftheday` tinyint(1) NOT NULL DEFAULT '0',
  `add_notice` tinyint(1) NOT NULL DEFAULT '0',
  `attendance` tinyint(1) NOT NULL DEFAULT '0',
  `unit_test_marks_entry` tinyint(1) NOT NULL DEFAULT '0',
  `attendance_sheet_generation` tinyint(1) NOT NULL DEFAULT '0',
  `course_wise_registration_list` tinyint(1) NOT NULL DEFAULT '0',
  `teachers_list` tinyint(1) NOT NULL DEFAULT '0',
  `student_admission_list` tinyint(1) NOT NULL DEFAULT '0',
  `semester_internalmarks_entry` tinyint(1) NOT NULL DEFAULT '0',
  `faculty_course_allotment` tinyint(1) NOT NULL DEFAULT '0',
  `semester_theorymarks_entry` tinyint(1) NOT NULL DEFAULT '0',
  `unit_test_report` tinyint(1) NOT NULL DEFAULT '0',
  `marksheet_report` tinyint(1) NOT NULL DEFAULT '0',
  `students_report` tinyint(1) NOT NULL DEFAULT '0'
) ENGINE=InnoDB DEFAULT CHARSET=latin1;

--
-- Dumping data for table `accesscontrol`
--

INSERT INTO `accesscontrol` (`access_level`, `admission_cancel`, `course_management`, `course_registration`, `add_department`, `exam_registration`, `add_scheme`, `add_semester`, `add_user`, `admit_student`, `accesscontrol_management`, `add_messageoftheday`, `add_notice`, `attendance`, `unit_test_marks_entry`, `attendance_sheet_generation`, `course_wise_registration_list`, `teachers_list`, `student_admission_list`, `semester_internalmarks_entry`, `faculty_course_allotment`, `semester_theorymarks_entry`, `unit_test_report`, `marksheet_report`, `students_report`) VALUES
(0, 0, 0, 0, 0, 0, 0, 0, 0, 0, 0, 0, 0, 0, 0, 0, 0, 0, 0, 0, 0, 0, 0, 0, 0),
(1, 1, 1, 1, 1, 1, 1, 1, 1, 1, 1, 1, 1, 1, 1, 1, 1, 1, 1, 1, 1, 1, 1, 1, 1),
(2, 1, 0, 1, 1, 1, 0, 0, 1, 1, 0, 1, 1, 1, 1, 1, 1, 1, 1, 1, 1, 0, 1, 1, 1),
(3, 0, 0, 1, 0, 1, 0, 0, 1, 0, 0, 1, 1, 1, 1, 1, 1, 1, 1, 1, 1, 0, 1, 1, 1),
(4, 0, 0, 0, 0, 0, 0, 0, 0, 0, 0, 1, 1, 1, 1, 1, 1, 0, 0, 1, 0, 1, 1, 1, 0),
(5, 0, 0, 1, 0, 1, 0, 0, 0, 0, 0, 0, 0, 0, 0, 0, 0, 0, 0, 0, 0, 0, 0, 0, 0),
(6, 0, 1, 0, 0, 0, 1, 1, 0, 0, 0, 1, 1, 0, 0, 0, 0, 0, 0, 0, 0, 0, 0, 0, 0);

-- --------------------------------------------------------

--
-- Table structure for table `attendance`
--

CREATE TABLE `attendance` (
  `attendance_id` int(11) NOT NULL,
  `attendance_student_id` int(11) NOT NULL,
  `attendance_date` date NOT NULL,
  `attendance_subject_id` int(11) NOT NULL,
  `attendance_dept_id` int(11) NOT NULL,
  `attendance_is_practical` tinyint(1) NOT NULL DEFAULT '0' COMMENT '0 if lacture 1 if practical',
  `attendance_teacher_id` int(11) NOT NULL COMMENT 'Lecturers FK',
  `attendance_time_from` time DEFAULT NULL COMMENT 'start time of the lecture',
  `attendance_time_to` time DEFAULT NULL COMMENT 'end time of the lecture',
  `attendence_is_present` tinyint(1) NOT NULL DEFAULT '0'
) ENGINE=InnoDB DEFAULT CHARSET=latin1;

--
-- Dumping data for table `attendance`
--

INSERT INTO `attendance` (`attendance_id`, `attendance_student_id`, `attendance_date`, `attendance_subject_id`, `attendance_dept_id`, `attendance_is_practical`, `attendance_teacher_id`, `attendance_time_from`, `attendance_time_to`, `attendence_is_present`) VALUES
(2, 42, '2018-12-01', 1, 1, 0, 31, '08:00:00', '09:00:00', 0),
(3, 43, '2018-12-01', 1, 1, 0, 31, '08:00:00', '09:00:00', 1),
(4, 44, '2018-12-01', 1, 1, 0, 31, '08:00:00', '09:00:00', 1),
(5, 45, '2018-12-01', 1, 1, 0, 31, '08:00:00', '09:00:00', 0),
(6, 46, '2018-12-01', 1, 1, 0, 31, '08:00:00', '09:00:00', 0),
(7, 47, '2018-12-01', 1, 1, 0, 31, '08:00:00', '09:00:00', 0),
(8, 48, '2018-12-01', 1, 1, 0, 31, '08:00:00', '09:00:00', 1),
(9, 49, '2018-12-01', 1, 1, 0, 31, '08:00:00', '09:00:00', 0),
(10, 50, '2018-12-01', 1, 1, 0, 31, '08:00:00', '09:00:00', 0),
(11, 51, '2018-12-01', 1, 1, 0, 31, '08:00:00', '09:00:00', 0),
(12, 52, '2018-12-01', 1, 1, 0, 31, '08:00:00', '09:00:00', 0),
(13, 53, '2018-12-01', 1, 1, 0, 31, '08:00:00', '09:00:00', 0),
(14, 54, '2018-12-01', 1, 1, 0, 31, '08:00:00', '09:00:00', 0),
(15, 55, '2018-12-01', 1, 1, 0, 31, '08:00:00', '09:00:00', 1),
(16, 56, '2018-12-01', 1, 1, 0, 31, '08:00:00', '09:00:00', 0),
(17, 57, '2018-12-01', 1, 1, 0, 31, '08:00:00', '09:00:00', 1),
(18, 59, '2018-12-01', 1, 1, 0, 31, '08:00:00', '09:00:00', 0),
(19, 60, '2018-12-01', 1, 1, 0, 31, '08:00:00', '09:00:00', 1),
(20, 61, '2018-12-01', 1, 1, 0, 31, '08:00:00', '09:00:00', 0),
(21, 62, '2018-12-01', 1, 1, 0, 31, '08:00:00', '09:00:00', 0),
(22, 63, '2018-12-01', 1, 1, 0, 31, '08:00:00', '09:00:00', 0),
(23, 64, '2018-12-01', 1, 1, 0, 31, '08:00:00', '09:00:00', 0),
(24, 65, '2018-12-01', 1, 1, 0, 31, '08:00:00', '09:00:00', 0),
(26, 42, '2018-12-02', 1, 1, 1, 31, '08:00:00', '10:00:00', 0),
(27, 43, '2018-12-02', 1, 1, 1, 31, '08:00:00', '10:00:00', 0),
(28, 44, '2018-12-02', 1, 1, 1, 31, '08:00:00', '10:00:00', 1),
(29, 45, '2018-12-02', 1, 1, 1, 31, '08:00:00', '10:00:00', 0),
(30, 46, '2018-12-02', 1, 1, 1, 31, '08:00:00', '10:00:00', 1),
(31, 47, '2018-12-02', 1, 1, 1, 31, '08:00:00', '10:00:00', 0),
(32, 48, '2018-12-02', 1, 1, 1, 31, '08:00:00', '10:00:00', 0),
(33, 49, '2018-12-02', 1, 1, 1, 31, '08:00:00', '10:00:00', 0),
(34, 50, '2018-12-02', 1, 1, 1, 31, '08:00:00', '10:00:00', 1),
(35, 51, '2018-12-02', 1, 1, 1, 31, '08:00:00', '10:00:00', 0),
(36, 52, '2018-12-02', 1, 1, 1, 31, '08:00:00', '10:00:00', 1),
(37, 53, '2018-12-02', 1, 1, 1, 31, '08:00:00', '10:00:00', 0),
(38, 54, '2018-12-02', 1, 1, 1, 31, '08:00:00', '10:00:00', 1),
(39, 55, '2018-12-02', 1, 1, 1, 31, '08:00:00', '10:00:00', 1),
(40, 56, '2018-12-02', 1, 1, 1, 31, '08:00:00', '10:00:00', 0),
(41, 57, '2018-12-02', 1, 1, 1, 31, '08:00:00', '10:00:00', 1),
(42, 59, '2018-12-02', 1, 1, 1, 31, '08:00:00', '10:00:00', 0),
(43, 60, '2018-12-02', 1, 1, 1, 31, '08:00:00', '10:00:00', 0),
(44, 61, '2018-12-02', 1, 1, 1, 31, '08:00:00', '10:00:00', 1),
(45, 62, '2018-12-02', 1, 1, 1, 31, '08:00:00', '10:00:00', 0),
(46, 63, '2018-12-02', 1, 1, 1, 31, '08:00:00', '10:00:00', 1),
(47, 64, '2018-12-02', 1, 1, 1, 31, '08:00:00', '10:00:00', 0),
(48, 65, '2018-12-02', 1, 1, 1, 31, '08:00:00', '10:00:00', 0),
(50, 42, '2018-12-03', 1, 1, 0, 31, '09:00:00', '10:00:00', 0),
(51, 43, '2018-12-03', 1, 1, 0, 31, '09:00:00', '10:00:00', 0),
(52, 44, '2018-12-03', 1, 1, 0, 31, '09:00:00', '10:00:00', 0),
(53, 45, '2018-12-03', 1, 1, 0, 31, '09:00:00', '10:00:00', 1),
(54, 46, '2018-12-03', 1, 1, 0, 31, '09:00:00', '10:00:00', 1),
(55, 47, '2018-12-03', 1, 1, 0, 31, '09:00:00', '10:00:00', 1),
(56, 48, '2018-12-03', 1, 1, 0, 31, '09:00:00', '10:00:00', 1),
(57, 49, '2018-12-03', 1, 1, 0, 31, '09:00:00', '10:00:00', 1),
(58, 50, '2018-12-03', 1, 1, 0, 31, '09:00:00', '10:00:00', 0),
(59, 51, '2018-12-03', 1, 1, 0, 31, '09:00:00', '10:00:00', 0),
(60, 52, '2018-12-03', 1, 1, 0, 31, '09:00:00', '10:00:00', 0),
(61, 53, '2018-12-03', 1, 1, 0, 31, '09:00:00', '10:00:00', 0),
(62, 54, '2018-12-03', 1, 1, 0, 31, '09:00:00', '10:00:00', 1),
(63, 55, '2018-12-03', 1, 1, 0, 31, '09:00:00', '10:00:00', 1),
(64, 56, '2018-12-03', 1, 1, 0, 31, '09:00:00', '10:00:00', 1),
(65, 57, '2018-12-03', 1, 1, 0, 31, '09:00:00', '10:00:00', 0),
(66, 59, '2018-12-03', 1, 1, 0, 31, '09:00:00', '10:00:00', 1),
(67, 60, '2018-12-03', 1, 1, 0, 31, '09:00:00', '10:00:00', 0),
(68, 61, '2018-12-03', 1, 1, 0, 31, '09:00:00', '10:00:00', 1),
(69, 62, '2018-12-03', 1, 1, 0, 31, '09:00:00', '10:00:00', 1),
(70, 63, '2018-12-03', 1, 1, 0, 31, '09:00:00', '10:00:00', 1),
(71, 64, '2018-12-03', 1, 1, 0, 31, '09:00:00', '10:00:00', 0),
(72, 65, '2018-12-03', 1, 1, 0, 31, '09:00:00', '10:00:00', 0),
(74, 42, '2018-12-04', 1, 1, 1, 31, '10:00:00', '12:00:00', 1),
(75, 43, '2018-12-04', 1, 1, 1, 31, '10:00:00', '12:00:00', 0),
(76, 44, '2018-12-04', 1, 1, 1, 31, '10:00:00', '12:00:00', 0),
(77, 45, '2018-12-04', 1, 1, 1, 31, '10:00:00', '12:00:00', 0),
(78, 46, '2018-12-04', 1, 1, 1, 31, '10:00:00', '12:00:00', 1),
(79, 47, '2018-12-04', 1, 1, 1, 31, '10:00:00', '12:00:00', 0),
(80, 48, '2018-12-04', 1, 1, 1, 31, '10:00:00', '12:00:00', 0),
(81, 49, '2018-12-04', 1, 1, 1, 31, '10:00:00', '12:00:00', 0),
(82, 50, '2018-12-04', 1, 1, 1, 31, '10:00:00', '12:00:00', 1),
(83, 51, '2018-12-04', 1, 1, 1, 31, '10:00:00', '12:00:00', 0),
(84, 52, '2018-12-04', 1, 1, 1, 31, '10:00:00', '12:00:00', 0),
(85, 53, '2018-12-04', 1, 1, 1, 31, '10:00:00', '12:00:00', 0),
(86, 54, '2018-12-04', 1, 1, 1, 31, '10:00:00', '12:00:00', 0),
(87, 55, '2018-12-04', 1, 1, 1, 31, '10:00:00', '12:00:00', 0),
(88, 56, '2018-12-04', 1, 1, 1, 31, '10:00:00', '12:00:00', 0),
(89, 57, '2018-12-04', 1, 1, 1, 31, '10:00:00', '12:00:00', 0),
(90, 59, '2018-12-04', 1, 1, 1, 31, '10:00:00', '12:00:00', 1),
(91, 60, '2018-12-04', 1, 1, 1, 31, '10:00:00', '12:00:00', 0),
(92, 61, '2018-12-04', 1, 1, 1, 31, '10:00:00', '12:00:00', 0),
(93, 62, '2018-12-04', 1, 1, 1, 31, '10:00:00', '12:00:00', 0),
(94, 63, '2018-12-04', 1, 1, 1, 31, '10:00:00', '12:00:00', 0),
(95, 64, '2018-12-04', 1, 1, 1, 31, '10:00:00', '12:00:00', 0),
(96, 65, '2018-12-04', 1, 1, 1, 31, '10:00:00', '12:00:00', 0),
(98, 42, '2018-12-01', 2, 1, 0, 31, '08:00:00', '09:00:00', 1),
(99, 43, '2018-12-01', 2, 1, 0, 31, '08:00:00', '09:00:00', 1),
(100, 44, '2018-12-01', 2, 1, 0, 31, '08:00:00', '09:00:00', 0),
(101, 45, '2018-12-01', 2, 1, 0, 31, '08:00:00', '09:00:00', 0),
(102, 46, '2018-12-01', 2, 1, 0, 31, '08:00:00', '09:00:00', 0),
(103, 47, '2018-12-01', 2, 1, 0, 31, '08:00:00', '09:00:00', 0),
(104, 48, '2018-12-01', 2, 1, 0, 31, '08:00:00', '09:00:00', 0),
(105, 49, '2018-12-01', 2, 1, 0, 31, '08:00:00', '09:00:00', 0),
(106, 50, '2018-12-01', 2, 1, 0, 31, '08:00:00', '09:00:00', 0),
(107, 51, '2018-12-01', 2, 1, 0, 31, '08:00:00', '09:00:00', 1),
(108, 52, '2018-12-01', 2, 1, 0, 31, '08:00:00', '09:00:00', 1),
(109, 53, '2018-12-01', 2, 1, 0, 31, '08:00:00', '09:00:00', 0),
(110, 54, '2018-12-01', 2, 1, 0, 31, '08:00:00', '09:00:00', 0),
(111, 55, '2018-12-01', 2, 1, 0, 31, '08:00:00', '09:00:00', 0),
(112, 56, '2018-12-01', 2, 1, 0, 31, '08:00:00', '09:00:00', 0),
(113, 57, '2018-12-01', 2, 1, 0, 31, '08:00:00', '09:00:00', 0),
(114, 59, '2018-12-01', 2, 1, 0, 31, '08:00:00', '09:00:00', 0),
(115, 60, '2018-12-01', 2, 1, 0, 31, '08:00:00', '09:00:00', 0),
(116, 61, '2018-12-01', 2, 1, 0, 31, '08:00:00', '09:00:00', 0),
(117, 62, '2018-12-01', 2, 1, 0, 31, '08:00:00', '09:00:00', 0),
(118, 63, '2018-12-01', 2, 1, 0, 31, '08:00:00', '09:00:00', 0),
(119, 64, '2018-12-01', 2, 1, 0, 31, '08:00:00', '09:00:00', 0),
(120, 65, '2018-12-01', 2, 1, 0, 31, '08:00:00', '09:00:00', 0),
(122, 42, '2018-12-02', 2, 1, 0, 31, '09:00:00', '10:00:00', 1),
(123, 43, '2018-12-02', 2, 1, 0, 31, '09:00:00', '10:00:00', 1),
(124, 44, '2018-12-02', 2, 1, 0, 31, '09:00:00', '10:00:00', 1),
(125, 45, '2018-12-02', 2, 1, 0, 31, '09:00:00', '10:00:00', 1),
(126, 46, '2018-12-02', 2, 1, 0, 31, '09:00:00', '10:00:00', 1),
(127, 47, '2018-12-02', 2, 1, 0, 31, '09:00:00', '10:00:00', 0),
(128, 48, '2018-12-02', 2, 1, 0, 31, '09:00:00', '10:00:00', 0),
(129, 49, '2018-12-02', 2, 1, 0, 31, '09:00:00', '10:00:00', 0),
(130, 50, '2018-12-02', 2, 1, 0, 31, '09:00:00', '10:00:00', 0),
(131, 51, '2018-12-02', 2, 1, 0, 31, '09:00:00', '10:00:00', 0),
(132, 52, '2018-12-02', 2, 1, 0, 31, '09:00:00', '10:00:00', 0),
(133, 53, '2018-12-02', 2, 1, 0, 31, '09:00:00', '10:00:00', 0),
(134, 54, '2018-12-02', 2, 1, 0, 31, '09:00:00', '10:00:00', 0),
(135, 55, '2018-12-02', 2, 1, 0, 31, '09:00:00', '10:00:00', 0),
(136, 56, '2018-12-02', 2, 1, 0, 31, '09:00:00', '10:00:00', 0),
(137, 57, '2018-12-02', 2, 1, 0, 31, '09:00:00', '10:00:00', 0),
(138, 59, '2018-12-02', 2, 1, 0, 31, '09:00:00', '10:00:00', 0),
(139, 60, '2018-12-02', 2, 1, 0, 31, '09:00:00', '10:00:00', 1),
(140, 61, '2018-12-02', 2, 1, 0, 31, '09:00:00', '10:00:00', 0),
(141, 62, '2018-12-02', 2, 1, 0, 31, '09:00:00', '10:00:00', 0),
(142, 63, '2018-12-02', 2, 1, 0, 31, '09:00:00', '10:00:00', 0),
(143, 64, '2018-12-02', 2, 1, 0, 31, '09:00:00', '10:00:00', 0),
(144, 65, '2018-12-02', 2, 1, 0, 31, '09:00:00', '10:00:00', 0),
(146, 42, '2018-12-03', 2, 1, 0, 31, '08:00:00', '09:00:00', 0),
(147, 43, '2018-12-03', 2, 1, 0, 31, '08:00:00', '09:00:00', 0),
(148, 44, '2018-12-03', 2, 1, 0, 31, '08:00:00', '09:00:00', 1),
(149, 45, '2018-12-03', 2, 1, 0, 31, '08:00:00', '09:00:00', 0),
(150, 46, '2018-12-03', 2, 1, 0, 31, '08:00:00', '09:00:00', 0),
(151, 47, '2018-12-03', 2, 1, 0, 31, '08:00:00', '09:00:00', 0),
(152, 48, '2018-12-03', 2, 1, 0, 31, '08:00:00', '09:00:00', 0),
(153, 49, '2018-12-03', 2, 1, 0, 31, '08:00:00', '09:00:00', 1),
(154, 50, '2018-12-03', 2, 1, 0, 31, '08:00:00', '09:00:00', 0),
(155, 51, '2018-12-03', 2, 1, 0, 31, '08:00:00', '09:00:00', 0),
(156, 52, '2018-12-03', 2, 1, 0, 31, '08:00:00', '09:00:00', 0),
(157, 53, '2018-12-03', 2, 1, 0, 31, '08:00:00', '09:00:00', 1),
(158, 54, '2018-12-03', 2, 1, 0, 31, '08:00:00', '09:00:00', 0),
(159, 55, '2018-12-03', 2, 1, 0, 31, '08:00:00', '09:00:00', 0),
(160, 56, '2018-12-03', 2, 1, 0, 31, '08:00:00', '09:00:00', 0),
(161, 57, '2018-12-03', 2, 1, 0, 31, '08:00:00', '09:00:00', 0),
(162, 59, '2018-12-03', 2, 1, 0, 31, '08:00:00', '09:00:00', 0),
(163, 60, '2018-12-03', 2, 1, 0, 31, '08:00:00', '09:00:00', 0),
(164, 61, '2018-12-03', 2, 1, 0, 31, '08:00:00', '09:00:00', 0),
(165, 62, '2018-12-03', 2, 1, 0, 31, '08:00:00', '09:00:00', 0),
(166, 63, '2018-12-03', 2, 1, 0, 31, '08:00:00', '09:00:00', 0),
(167, 64, '2018-12-03', 2, 1, 0, 31, '08:00:00', '09:00:00', 0),
(168, 65, '2018-12-03', 2, 1, 0, 31, '08:00:00', '09:00:00', 0),
(170, 42, '2018-12-04', 2, 1, 0, 31, '12:30:00', '13:00:00', 0),
(171, 43, '2018-12-04', 2, 1, 0, 31, '12:30:00', '13:00:00', 0),
(172, 44, '2018-12-04', 2, 1, 0, 31, '12:30:00', '13:00:00', 0),
(173, 45, '2018-12-04', 2, 1, 0, 31, '12:30:00', '13:00:00', 0),
(174, 46, '2018-12-04', 2, 1, 0, 31, '12:30:00', '13:00:00', 1),
(175, 47, '2018-12-04', 2, 1, 0, 31, '12:30:00', '13:00:00', 0),
(176, 48, '2018-12-04', 2, 1, 0, 31, '12:30:00', '13:00:00', 0),
(177, 49, '2018-12-04', 2, 1, 0, 31, '12:30:00', '13:00:00', 0),
(178, 50, '2018-12-04', 2, 1, 0, 31, '12:30:00', '13:00:00', 0),
(179, 51, '2018-12-04', 2, 1, 0, 31, '12:30:00', '13:00:00', 1),
(180, 52, '2018-12-04', 2, 1, 0, 31, '12:30:00', '13:00:00', 0),
(181, 53, '2018-12-04', 2, 1, 0, 31, '12:30:00', '13:00:00', 0),
(182, 54, '2018-12-04', 2, 1, 0, 31, '12:30:00', '13:00:00', 0),
(183, 55, '2018-12-04', 2, 1, 0, 31, '12:30:00', '13:00:00', 0),
(184, 56, '2018-12-04', 2, 1, 0, 31, '12:30:00', '13:00:00', 0),
(185, 57, '2018-12-04', 2, 1, 0, 31, '12:30:00', '13:00:00', 0),
(186, 59, '2018-12-04', 2, 1, 0, 31, '12:30:00', '13:00:00', 0),
(187, 60, '2018-12-04', 2, 1, 0, 31, '12:30:00', '13:00:00', 0),
(188, 61, '2018-12-04', 2, 1, 0, 31, '12:30:00', '13:00:00', 0),
(189, 62, '2018-12-04', 2, 1, 0, 31, '12:30:00', '13:00:00', 0),
(190, 63, '2018-12-04', 2, 1, 0, 31, '12:30:00', '13:00:00', 0),
(191, 64, '2018-12-04', 2, 1, 0, 31, '12:30:00', '13:00:00', 0),
(192, 65, '2018-12-04', 2, 1, 0, 31, '12:30:00', '13:00:00', 0),
(194, 42, '2018-12-01', 3, 1, 0, 31, '09:00:00', '10:00:00', 0),
(195, 43, '2018-12-01', 3, 1, 0, 31, '09:00:00', '10:00:00', 0),
(196, 44, '2018-12-01', 3, 1, 0, 31, '09:00:00', '10:00:00', 0),
(197, 45, '2018-12-01', 3, 1, 0, 31, '09:00:00', '10:00:00', 1),
(198, 46, '2018-12-01', 3, 1, 0, 31, '09:00:00', '10:00:00', 0),
(199, 47, '2018-12-01', 3, 1, 0, 31, '09:00:00', '10:00:00', 0),
(200, 48, '2018-12-01', 3, 1, 0, 31, '09:00:00', '10:00:00', 0),
(201, 49, '2018-12-01', 3, 1, 0, 31, '09:00:00', '10:00:00', 0),
(202, 50, '2018-12-01', 3, 1, 0, 31, '09:00:00', '10:00:00', 1),
(203, 51, '2018-12-01', 3, 1, 0, 31, '09:00:00', '10:00:00', 0),
(204, 52, '2018-12-01', 3, 1, 0, 31, '09:00:00', '10:00:00', 0),
(205, 53, '2018-12-01', 3, 1, 0, 31, '09:00:00', '10:00:00', 0),
(206, 54, '2018-12-01', 3, 1, 0, 31, '09:00:00', '10:00:00', 0),
(207, 55, '2018-12-01', 3, 1, 0, 31, '09:00:00', '10:00:00', 1),
(208, 56, '2018-12-01', 3, 1, 0, 31, '09:00:00', '10:00:00', 0),
(209, 57, '2018-12-01', 3, 1, 0, 31, '09:00:00', '10:00:00', 0),
(210, 59, '2018-12-01', 3, 1, 0, 31, '09:00:00', '10:00:00', 0),
(211, 60, '2018-12-01', 3, 1, 0, 31, '09:00:00', '10:00:00', 0),
(212, 61, '2018-12-01', 3, 1, 0, 31, '09:00:00', '10:00:00', 0),
(213, 62, '2018-12-01', 3, 1, 0, 31, '09:00:00', '10:00:00', 0),
(214, 63, '2018-12-01', 3, 1, 0, 31, '09:00:00', '10:00:00', 0),
(215, 64, '2018-12-01', 3, 1, 0, 31, '09:00:00', '10:00:00', 0),
(216, 65, '2018-12-01', 3, 1, 0, 31, '09:00:00', '10:00:00', 0),
(218, 42, '2018-12-02', 3, 1, 1, 31, '12:30:00', '02:30:00', 0),
(219, 43, '2018-12-02', 3, 1, 1, 31, '12:30:00', '02:30:00', 0),
(220, 44, '2018-12-02', 3, 1, 1, 31, '12:30:00', '02:30:00', 1),
(221, 45, '2018-12-02', 3, 1, 1, 31, '12:30:00', '02:30:00', 0),
(222, 46, '2018-12-02', 3, 1, 1, 31, '12:30:00', '02:30:00', 0),
(223, 47, '2018-12-02', 3, 1, 1, 31, '12:30:00', '02:30:00', 1),
(224, 48, '2018-12-02', 3, 1, 1, 31, '12:30:00', '02:30:00', 0),
(225, 49, '2018-12-02', 3, 1, 1, 31, '12:30:00', '02:30:00', 0),
(226, 50, '2018-12-02', 3, 1, 1, 31, '12:30:00', '02:30:00', 0),
(227, 51, '2018-12-02', 3, 1, 1, 31, '12:30:00', '02:30:00', 0),
(228, 52, '2018-12-02', 3, 1, 1, 31, '12:30:00', '02:30:00', 0),
(229, 53, '2018-12-02', 3, 1, 1, 31, '12:30:00', '02:30:00', 0),
(230, 54, '2018-12-02', 3, 1, 1, 31, '12:30:00', '02:30:00', 0),
(231, 55, '2018-12-02', 3, 1, 1, 31, '12:30:00', '02:30:00', 0),
(232, 56, '2018-12-02', 3, 1, 1, 31, '12:30:00', '02:30:00', 0),
(233, 57, '2018-12-02', 3, 1, 1, 31, '12:30:00', '02:30:00', 0),
(234, 59, '2018-12-02', 3, 1, 1, 31, '12:30:00', '02:30:00', 0),
(235, 60, '2018-12-02', 3, 1, 1, 31, '12:30:00', '02:30:00', 0),
(236, 61, '2018-12-02', 3, 1, 1, 31, '12:30:00', '02:30:00', 0),
(237, 62, '2018-12-02', 3, 1, 1, 31, '12:30:00', '02:30:00', 0),
(238, 63, '2018-12-02', 3, 1, 1, 31, '12:30:00', '02:30:00', 0),
(239, 64, '2018-12-02', 3, 1, 1, 31, '12:30:00', '02:30:00', 1),
(240, 65, '2018-12-02', 3, 1, 1, 31, '12:30:00', '02:30:00', 0),
(242, 42, '2018-12-03', 3, 1, 0, 31, '10:00:00', '11:00:00', 0),
(243, 43, '2018-12-03', 3, 1, 0, 31, '10:00:00', '11:00:00', 0),
(244, 44, '2018-12-03', 3, 1, 0, 31, '10:00:00', '11:00:00', 0),
(245, 45, '2018-12-03', 3, 1, 0, 31, '10:00:00', '11:00:00', 1),
(246, 46, '2018-12-03', 3, 1, 0, 31, '10:00:00', '11:00:00', 1),
(247, 47, '2018-12-03', 3, 1, 0, 31, '10:00:00', '11:00:00', 0),
(248, 48, '2018-12-03', 3, 1, 0, 31, '10:00:00', '11:00:00', 0),
(249, 49, '2018-12-03', 3, 1, 0, 31, '10:00:00', '11:00:00', 0),
(250, 50, '2018-12-03', 3, 1, 0, 31, '10:00:00', '11:00:00', 0),
(251, 51, '2018-12-03', 3, 1, 0, 31, '10:00:00', '11:00:00', 0),
(252, 52, '2018-12-03', 3, 1, 0, 31, '10:00:00', '11:00:00', 0),
(253, 53, '2018-12-03', 3, 1, 0, 31, '10:00:00', '11:00:00', 1),
(254, 54, '2018-12-03', 3, 1, 0, 31, '10:00:00', '11:00:00', 0),
(255, 55, '2018-12-03', 3, 1, 0, 31, '10:00:00', '11:00:00', 0),
(256, 56, '2018-12-03', 3, 1, 0, 31, '10:00:00', '11:00:00', 0),
(257, 57, '2018-12-03', 3, 1, 0, 31, '10:00:00', '11:00:00', 0),
(258, 59, '2018-12-03', 3, 1, 0, 31, '10:00:00', '11:00:00', 0),
(259, 60, '2018-12-03', 3, 1, 0, 31, '10:00:00', '11:00:00', 0),
(260, 61, '2018-12-03', 3, 1, 0, 31, '10:00:00', '11:00:00', 0),
(261, 62, '2018-12-03', 3, 1, 0, 31, '10:00:00', '11:00:00', 0),
(262, 63, '2018-12-03', 3, 1, 0, 31, '10:00:00', '11:00:00', 0),
(263, 64, '2018-12-03', 3, 1, 0, 31, '10:00:00', '11:00:00', 0),
(264, 65, '2018-12-03', 3, 1, 0, 31, '10:00:00', '11:00:00', 1),
(266, 42, '2018-12-04', 3, 1, 1, 31, '10:00:00', '12:00:00', 0),
(267, 43, '2018-12-04', 3, 1, 1, 31, '10:00:00', '12:00:00', 0),
(268, 44, '2018-12-04', 3, 1, 1, 31, '10:00:00', '12:00:00', 0),
(269, 45, '2018-12-04', 3, 1, 1, 31, '10:00:00', '12:00:00', 1),
(270, 46, '2018-12-04', 3, 1, 1, 31, '10:00:00', '12:00:00', 0),
(271, 47, '2018-12-04', 3, 1, 1, 31, '10:00:00', '12:00:00', 0),
(272, 48, '2018-12-04', 3, 1, 1, 31, '10:00:00', '12:00:00', 0),
(273, 49, '2018-12-04', 3, 1, 1, 31, '10:00:00', '12:00:00', 1),
(274, 50, '2018-12-04', 3, 1, 1, 31, '10:00:00', '12:00:00', 0),
(275, 51, '2018-12-04', 3, 1, 1, 31, '10:00:00', '12:00:00', 0),
(276, 52, '2018-12-04', 3, 1, 1, 31, '10:00:00', '12:00:00', 1),
(277, 53, '2018-12-04', 3, 1, 1, 31, '10:00:00', '12:00:00', 0),
(278, 54, '2018-12-04', 3, 1, 1, 31, '10:00:00', '12:00:00', 0),
(279, 55, '2018-12-04', 3, 1, 1, 31, '10:00:00', '12:00:00', 0),
(280, 56, '2018-12-04', 3, 1, 1, 31, '10:00:00', '12:00:00', 1),
(281, 57, '2018-12-04', 3, 1, 1, 31, '10:00:00', '12:00:00', 1),
(282, 59, '2018-12-04', 3, 1, 1, 31, '10:00:00', '12:00:00', 0),
(283, 60, '2018-12-04', 3, 1, 1, 31, '10:00:00', '12:00:00', 0),
(284, 61, '2018-12-04', 3, 1, 1, 31, '10:00:00', '12:00:00', 0),
(285, 62, '2018-12-04', 3, 1, 1, 31, '10:00:00', '12:00:00', 0),
(286, 63, '2018-12-04', 3, 1, 1, 31, '10:00:00', '12:00:00', 0),
(287, 64, '2018-12-04', 3, 1, 1, 31, '10:00:00', '12:00:00', 0),
(288, 65, '2018-12-04', 3, 1, 1, 31, '10:00:00', '12:00:00', 0),
(290, 42, '2018-12-01', 4, 1, 0, 31, '08:00:00', '09:00:00', 0),
(291, 43, '2018-12-01', 4, 1, 0, 31, '08:00:00', '09:00:00', 0),
(292, 44, '2018-12-01', 4, 1, 0, 31, '08:00:00', '09:00:00', 0),
(293, 45, '2018-12-01', 4, 1, 0, 31, '08:00:00', '09:00:00', 1),
(294, 46, '2018-12-01', 4, 1, 0, 31, '08:00:00', '09:00:00', 0),
(295, 47, '2018-12-01', 4, 1, 0, 31, '08:00:00', '09:00:00', 1),
(296, 48, '2018-12-01', 4, 1, 0, 31, '08:00:00', '09:00:00', 0),
(297, 49, '2018-12-01', 4, 1, 0, 31, '08:00:00', '09:00:00', 0),
(298, 50, '2018-12-01', 4, 1, 0, 31, '08:00:00', '09:00:00', 1),
(299, 51, '2018-12-01', 4, 1, 0, 31, '08:00:00', '09:00:00', 1),
(300, 52, '2018-12-01', 4, 1, 0, 31, '08:00:00', '09:00:00', 0),
(301, 53, '2018-12-01', 4, 1, 0, 31, '08:00:00', '09:00:00', 0),
(302, 54, '2018-12-01', 4, 1, 0, 31, '08:00:00', '09:00:00', 1),
(303, 55, '2018-12-01', 4, 1, 0, 31, '08:00:00', '09:00:00', 0),
(304, 56, '2018-12-01', 4, 1, 0, 31, '08:00:00', '09:00:00', 0),
(305, 57, '2018-12-01', 4, 1, 0, 31, '08:00:00', '09:00:00', 1),
(306, 59, '2018-12-01', 4, 1, 0, 31, '08:00:00', '09:00:00', 0),
(307, 60, '2018-12-01', 4, 1, 0, 31, '08:00:00', '09:00:00', 0),
(308, 61, '2018-12-01', 4, 1, 0, 31, '08:00:00', '09:00:00', 0),
(309, 62, '2018-12-01', 4, 1, 0, 31, '08:00:00', '09:00:00', 0),
(310, 63, '2018-12-01', 4, 1, 0, 31, '08:00:00', '09:00:00', 0),
(311, 64, '2018-12-01', 4, 1, 0, 31, '08:00:00', '09:00:00', 0),
(312, 65, '2018-12-01', 4, 1, 0, 31, '08:00:00', '09:00:00', 0),
(314, 42, '2018-12-02', 4, 1, 1, 31, '10:00:00', '12:00:00', 0),
(315, 43, '2018-12-02', 4, 1, 1, 31, '10:00:00', '12:00:00', 1),
(316, 44, '2018-12-02', 4, 1, 1, 31, '10:00:00', '12:00:00', 0),
(317, 45, '2018-12-02', 4, 1, 1, 31, '10:00:00', '12:00:00', 0),
(318, 46, '2018-12-02', 4, 1, 1, 31, '10:00:00', '12:00:00', 0),
(319, 47, '2018-12-02', 4, 1, 1, 31, '10:00:00', '12:00:00', 0),
(320, 48, '2018-12-02', 4, 1, 1, 31, '10:00:00', '12:00:00', 0),
(321, 49, '2018-12-02', 4, 1, 1, 31, '10:00:00', '12:00:00', 0),
(322, 50, '2018-12-02', 4, 1, 1, 31, '10:00:00', '12:00:00', 0),
(323, 51, '2018-12-02', 4, 1, 1, 31, '10:00:00', '12:00:00', 0),
(324, 52, '2018-12-02', 4, 1, 1, 31, '10:00:00', '12:00:00', 0),
(325, 53, '2018-12-02', 4, 1, 1, 31, '10:00:00', '12:00:00', 0),
(326, 54, '2018-12-02', 4, 1, 1, 31, '10:00:00', '12:00:00', 0),
(327, 55, '2018-12-02', 4, 1, 1, 31, '10:00:00', '12:00:00', 0),
(328, 56, '2018-12-02', 4, 1, 1, 31, '10:00:00', '12:00:00', 0),
(329, 57, '2018-12-02', 4, 1, 1, 31, '10:00:00', '12:00:00', 0),
(330, 59, '2018-12-02', 4, 1, 1, 31, '10:00:00', '12:00:00', 1),
(331, 60, '2018-12-02', 4, 1, 1, 31, '10:00:00', '12:00:00', 0),
(332, 61, '2018-12-02', 4, 1, 1, 31, '10:00:00', '12:00:00', 0),
(333, 62, '2018-12-02', 4, 1, 1, 31, '10:00:00', '12:00:00', 0),
(334, 63, '2018-12-02', 4, 1, 1, 31, '10:00:00', '12:00:00', 0),
(335, 64, '2018-12-02', 4, 1, 1, 31, '10:00:00', '12:00:00', 0),
(336, 65, '2018-12-02', 4, 1, 1, 31, '10:00:00', '12:00:00', 0),
(338, 42, '2018-12-03', 4, 1, 0, 31, '09:00:00', '10:00:00', 0),
(339, 43, '2018-12-03', 4, 1, 0, 31, '09:00:00', '10:00:00', 0),
(340, 44, '2018-12-03', 4, 1, 0, 31, '09:00:00', '10:00:00', 1),
(341, 45, '2018-12-03', 4, 1, 0, 31, '09:00:00', '10:00:00', 0),
(342, 46, '2018-12-03', 4, 1, 0, 31, '09:00:00', '10:00:00', 0),
(343, 47, '2018-12-03', 4, 1, 0, 31, '09:00:00', '10:00:00', 1),
(344, 48, '2018-12-03', 4, 1, 0, 31, '09:00:00', '10:00:00', 1),
(345, 49, '2018-12-03', 4, 1, 0, 31, '09:00:00', '10:00:00', 0),
(346, 50, '2018-12-03', 4, 1, 0, 31, '09:00:00', '10:00:00', 0),
(347, 51, '2018-12-03', 4, 1, 0, 31, '09:00:00', '10:00:00', 1),
(348, 52, '2018-12-03', 4, 1, 0, 31, '09:00:00', '10:00:00', 1),
(349, 53, '2018-12-03', 4, 1, 0, 31, '09:00:00', '10:00:00', 1),
(350, 54, '2018-12-03', 4, 1, 0, 31, '09:00:00', '10:00:00', 1),
(351, 55, '2018-12-03', 4, 1, 0, 31, '09:00:00', '10:00:00', 0),
(352, 56, '2018-12-03', 4, 1, 0, 31, '09:00:00', '10:00:00', 0),
(353, 57, '2018-12-03', 4, 1, 0, 31, '09:00:00', '10:00:00', 0),
(354, 59, '2018-12-03', 4, 1, 0, 31, '09:00:00', '10:00:00', 0),
(355, 60, '2018-12-03', 4, 1, 0, 31, '09:00:00', '10:00:00', 0),
(356, 61, '2018-12-03', 4, 1, 0, 31, '09:00:00', '10:00:00', 0),
(357, 62, '2018-12-03', 4, 1, 0, 31, '09:00:00', '10:00:00', 0),
(358, 63, '2018-12-03', 4, 1, 0, 31, '09:00:00', '10:00:00', 0),
(359, 64, '2018-12-03', 4, 1, 0, 31, '09:00:00', '10:00:00', 0),
(360, 65, '2018-12-03', 4, 1, 0, 31, '09:00:00', '10:00:00', 0),
(362, 42, '2018-12-04', 4, 1, 1, 31, '12:30:00', '02:30:00', 0),
(363, 43, '2018-12-04', 4, 1, 1, 31, '12:30:00', '02:30:00', 0),
(364, 44, '2018-12-04', 4, 1, 1, 31, '12:30:00', '02:30:00', 1),
(365, 45, '2018-12-04', 4, 1, 1, 31, '12:30:00', '02:30:00', 1),
(366, 46, '2018-12-04', 4, 1, 1, 31, '12:30:00', '02:30:00', 1),
(367, 47, '2018-12-04', 4, 1, 1, 31, '12:30:00', '02:30:00', 1),
(368, 48, '2018-12-04', 4, 1, 1, 31, '12:30:00', '02:30:00', 1),
(369, 49, '2018-12-04', 4, 1, 1, 31, '12:30:00', '02:30:00', 0),
(370, 50, '2018-12-04', 4, 1, 1, 31, '12:30:00', '02:30:00', 0),
(371, 51, '2018-12-04', 4, 1, 1, 31, '12:30:00', '02:30:00', 0),
(372, 52, '2018-12-04', 4, 1, 1, 31, '12:30:00', '02:30:00', 0),
(373, 53, '2018-12-04', 4, 1, 1, 31, '12:30:00', '02:30:00', 0),
(374, 54, '2018-12-04', 4, 1, 1, 31, '12:30:00', '02:30:00', 0),
(375, 55, '2018-12-04', 4, 1, 1, 31, '12:30:00', '02:30:00', 0),
(376, 56, '2018-12-04', 4, 1, 1, 31, '12:30:00', '02:30:00', 1),
(377, 57, '2018-12-04', 4, 1, 1, 31, '12:30:00', '02:30:00', 0),
(378, 59, '2018-12-04', 4, 1, 1, 31, '12:30:00', '02:30:00', 0),
(379, 60, '2018-12-04', 4, 1, 1, 31, '12:30:00', '02:30:00', 0),
(380, 61, '2018-12-04', 4, 1, 1, 31, '12:30:00', '02:30:00', 0),
(381, 62, '2018-12-04', 4, 1, 1, 31, '12:30:00', '02:30:00', 0),
(382, 63, '2018-12-04', 4, 1, 1, 31, '12:30:00', '02:30:00', 0),
(383, 64, '2018-12-04', 4, 1, 1, 31, '12:30:00', '02:30:00', 0),
(384, 65, '2018-12-04', 4, 1, 1, 31, '12:30:00', '02:30:00', 0),
(386, 42, '2018-12-01', 5, 1, 0, 31, '08:00:00', '09:00:00', 0),
(387, 43, '2018-12-01', 5, 1, 0, 31, '08:00:00', '09:00:00', 0),
(388, 44, '2018-12-01', 5, 1, 0, 31, '08:00:00', '09:00:00', 0),
(389, 45, '2018-12-01', 5, 1, 0, 31, '08:00:00', '09:00:00', 1),
(390, 46, '2018-12-01', 5, 1, 0, 31, '08:00:00', '09:00:00', 1),
(391, 47, '2018-12-01', 5, 1, 0, 31, '08:00:00', '09:00:00', 0),
(392, 48, '2018-12-01', 5, 1, 0, 31, '08:00:00', '09:00:00', 0),
(393, 49, '2018-12-01', 5, 1, 0, 31, '08:00:00', '09:00:00', 0),
(394, 50, '2018-12-01', 5, 1, 0, 31, '08:00:00', '09:00:00', 0),
(395, 51, '2018-12-01', 5, 1, 0, 31, '08:00:00', '09:00:00', 0),
(396, 52, '2018-12-01', 5, 1, 0, 31, '08:00:00', '09:00:00', 1),
(397, 53, '2018-12-01', 5, 1, 0, 31, '08:00:00', '09:00:00', 0),
(398, 54, '2018-12-01', 5, 1, 0, 31, '08:00:00', '09:00:00', 0),
(399, 55, '2018-12-01', 5, 1, 0, 31, '08:00:00', '09:00:00', 0),
(400, 56, '2018-12-01', 5, 1, 0, 31, '08:00:00', '09:00:00', 0),
(401, 57, '2018-12-01', 5, 1, 0, 31, '08:00:00', '09:00:00', 0),
(402, 59, '2018-12-01', 5, 1, 0, 31, '08:00:00', '09:00:00', 0),
(403, 60, '2018-12-01', 5, 1, 0, 31, '08:00:00', '09:00:00', 0),
(404, 61, '2018-12-01', 5, 1, 0, 31, '08:00:00', '09:00:00', 1),
(405, 62, '2018-12-01', 5, 1, 0, 31, '08:00:00', '09:00:00', 0),
(406, 63, '2018-12-01', 5, 1, 0, 31, '08:00:00', '09:00:00', 0),
(407, 64, '2018-12-01', 5, 1, 0, 31, '08:00:00', '09:00:00', 0),
(408, 65, '2018-12-01', 5, 1, 0, 31, '08:00:00', '09:00:00', 0),
(410, 42, '2018-12-02', 5, 1, 1, 31, '10:00:00', '12:00:00', 0),
(411, 43, '2018-12-02', 5, 1, 1, 31, '10:00:00', '12:00:00', 1),
(412, 44, '2018-12-02', 5, 1, 1, 31, '10:00:00', '12:00:00', 1),
(413, 45, '2018-12-02', 5, 1, 1, 31, '10:00:00', '12:00:00', 0),
(414, 46, '2018-12-02', 5, 1, 1, 31, '10:00:00', '12:00:00', 1),
(415, 47, '2018-12-02', 5, 1, 1, 31, '10:00:00', '12:00:00', 1),
(416, 48, '2018-12-02', 5, 1, 1, 31, '10:00:00', '12:00:00', 0),
(417, 49, '2018-12-02', 5, 1, 1, 31, '10:00:00', '12:00:00', 0),
(418, 50, '2018-12-02', 5, 1, 1, 31, '10:00:00', '12:00:00', 0),
(419, 51, '2018-12-02', 5, 1, 1, 31, '10:00:00', '12:00:00', 0),
(420, 52, '2018-12-02', 5, 1, 1, 31, '10:00:00', '12:00:00', 0),
(421, 53, '2018-12-02', 5, 1, 1, 31, '10:00:00', '12:00:00', 0),
(422, 54, '2018-12-02', 5, 1, 1, 31, '10:00:00', '12:00:00', 0),
(423, 55, '2018-12-02', 5, 1, 1, 31, '10:00:00', '12:00:00', 0),
(424, 56, '2018-12-02', 5, 1, 1, 31, '10:00:00', '12:00:00', 0),
(425, 57, '2018-12-02', 5, 1, 1, 31, '10:00:00', '12:00:00', 0),
(426, 59, '2018-12-02', 5, 1, 1, 31, '10:00:00', '12:00:00', 0),
(427, 60, '2018-12-02', 5, 1, 1, 31, '10:00:00', '12:00:00', 0),
(428, 61, '2018-12-02', 5, 1, 1, 31, '10:00:00', '12:00:00', 0),
(429, 62, '2018-12-02', 5, 1, 1, 31, '10:00:00', '12:00:00', 0),
(430, 63, '2018-12-02', 5, 1, 1, 31, '10:00:00', '12:00:00', 0),
(431, 64, '2018-12-02', 5, 1, 1, 31, '10:00:00', '12:00:00', 0),
(432, 65, '2018-12-02', 5, 1, 1, 31, '10:00:00', '12:00:00', 0),
(434, 42, '2018-12-03', 5, 1, 0, 31, '09:00:00', '10:00:00', 0),
(435, 43, '2018-12-03', 5, 1, 0, 31, '09:00:00', '10:00:00', 0),
(436, 44, '2018-12-03', 5, 1, 0, 31, '09:00:00', '10:00:00', 0),
(437, 45, '2018-12-03', 5, 1, 0, 31, '09:00:00', '10:00:00', 0),
(438, 46, '2018-12-03', 5, 1, 0, 31, '09:00:00', '10:00:00', 0),
(439, 47, '2018-12-03', 5, 1, 0, 31, '09:00:00', '10:00:00', 1),
(440, 48, '2018-12-03', 5, 1, 0, 31, '09:00:00', '10:00:00', 0),
(441, 49, '2018-12-03', 5, 1, 0, 31, '09:00:00', '10:00:00', 0),
(442, 50, '2018-12-03', 5, 1, 0, 31, '09:00:00', '10:00:00', 0),
(443, 51, '2018-12-03', 5, 1, 0, 31, '09:00:00', '10:00:00', 0),
(444, 52, '2018-12-03', 5, 1, 0, 31, '09:00:00', '10:00:00', 0),
(445, 53, '2018-12-03', 5, 1, 0, 31, '09:00:00', '10:00:00', 1),
(446, 54, '2018-12-03', 5, 1, 0, 31, '09:00:00', '10:00:00', 0),
(447, 55, '2018-12-03', 5, 1, 0, 31, '09:00:00', '10:00:00', 0),
(448, 56, '2018-12-03', 5, 1, 0, 31, '09:00:00', '10:00:00', 0),
(449, 57, '2018-12-03', 5, 1, 0, 31, '09:00:00', '10:00:00', 0),
(450, 59, '2018-12-03', 5, 1, 0, 31, '09:00:00', '10:00:00', 1),
(451, 60, '2018-12-03', 5, 1, 0, 31, '09:00:00', '10:00:00', 0),
(452, 61, '2018-12-03', 5, 1, 0, 31, '09:00:00', '10:00:00', 0),
(453, 62, '2018-12-03', 5, 1, 0, 31, '09:00:00', '10:00:00', 0),
(454, 63, '2018-12-03', 5, 1, 0, 31, '09:00:00', '10:00:00', 0),
(455, 64, '2018-12-03', 5, 1, 0, 31, '09:00:00', '10:00:00', 0),
(456, 65, '2018-12-03', 5, 1, 0, 31, '09:00:00', '10:00:00', 0),
(458, 42, '2018-12-04', 5, 1, 1, 31, '12:30:00', '02:30:00', 0),
(459, 43, '2018-12-04', 5, 1, 1, 31, '12:30:00', '02:30:00', 0),
(460, 44, '2018-12-04', 5, 1, 1, 31, '12:30:00', '02:30:00', 1),
(461, 45, '2018-12-04', 5, 1, 1, 31, '12:30:00', '02:30:00', 0),
(462, 46, '2018-12-04', 5, 1, 1, 31, '12:30:00', '02:30:00', 0),
(463, 47, '2018-12-04', 5, 1, 1, 31, '12:30:00', '02:30:00', 0),
(464, 48, '2018-12-04', 5, 1, 1, 31, '12:30:00', '02:30:00', 0),
(465, 49, '2018-12-04', 5, 1, 1, 31, '12:30:00', '02:30:00', 1),
(466, 50, '2018-12-04', 5, 1, 1, 31, '12:30:00', '02:30:00', 0),
(467, 51, '2018-12-04', 5, 1, 1, 31, '12:30:00', '02:30:00', 0),
(468, 52, '2018-12-04', 5, 1, 1, 31, '12:30:00', '02:30:00', 0),
(469, 53, '2018-12-04', 5, 1, 1, 31, '12:30:00', '02:30:00', 0),
(470, 54, '2018-12-04', 5, 1, 1, 31, '12:30:00', '02:30:00', 1),
(471, 55, '2018-12-04', 5, 1, 1, 31, '12:30:00', '02:30:00', 0),
(472, 56, '2018-12-04', 5, 1, 1, 31, '12:30:00', '02:30:00', 1),
(473, 57, '2018-12-04', 5, 1, 1, 31, '12:30:00', '02:30:00', 0),
(474, 59, '2018-12-04', 5, 1, 1, 31, '12:30:00', '02:30:00', 0),
(475, 60, '2018-12-04', 5, 1, 1, 31, '12:30:00', '02:30:00', 0),
(476, 61, '2018-12-04', 5, 1, 1, 31, '12:30:00', '02:30:00', 0),
(477, 62, '2018-12-04', 5, 1, 1, 31, '12:30:00', '02:30:00', 0),
(478, 63, '2018-12-04', 5, 1, 1, 31, '12:30:00', '02:30:00', 0),
(479, 64, '2018-12-04', 5, 1, 1, 31, '12:30:00', '02:30:00', 0),
(480, 65, '2018-12-04', 5, 1, 1, 31, '12:30:00', '02:30:00', 0),
(482, 42, '2018-12-01', 7, 1, 0, 31, '13:00:00', '02:30:00', 0),
(483, 43, '2018-12-01', 7, 1, 0, 31, '13:00:00', '02:30:00', 0),
(484, 44, '2018-12-01', 7, 1, 0, 31, '13:00:00', '02:30:00', 1),
(485, 45, '2018-12-01', 7, 1, 0, 31, '13:00:00', '02:30:00', 0),
(486, 46, '2018-12-01', 7, 1, 0, 31, '13:00:00', '02:30:00', 0),
(487, 47, '2018-12-01', 7, 1, 0, 31, '13:00:00', '02:30:00', 0),
(488, 48, '2018-12-01', 7, 1, 0, 31, '13:00:00', '02:30:00', 1),
(489, 49, '2018-12-01', 7, 1, 0, 31, '13:00:00', '02:30:00', 0),
(490, 50, '2018-12-01', 7, 1, 0, 31, '13:00:00', '02:30:00', 0),
(491, 51, '2018-12-01', 7, 1, 0, 31, '13:00:00', '02:30:00', 0),
(492, 52, '2018-12-01', 7, 1, 0, 31, '13:00:00', '02:30:00', 0),
(493, 53, '2018-12-01', 7, 1, 0, 31, '13:00:00', '02:30:00', 0),
(494, 54, '2018-12-01', 7, 1, 0, 31, '13:00:00', '02:30:00', 1),
(495, 55, '2018-12-01', 7, 1, 0, 31, '13:00:00', '02:30:00', 0),
(496, 56, '2018-12-01', 7, 1, 0, 31, '13:00:00', '02:30:00', 0),
(497, 57, '2018-12-01', 7, 1, 0, 31, '13:00:00', '02:30:00', 0),
(498, 59, '2018-12-01', 7, 1, 0, 31, '13:00:00', '02:30:00', 1),
(499, 60, '2018-12-01', 7, 1, 0, 31, '13:00:00', '02:30:00', 0),
(500, 61, '2018-12-01', 7, 1, 0, 31, '13:00:00', '02:30:00', 0),
(501, 62, '2018-12-01', 7, 1, 0, 31, '13:00:00', '02:30:00', 0),
(502, 63, '2018-12-01', 7, 1, 0, 31, '13:00:00', '02:30:00', 0),
(503, 64, '2018-12-01', 7, 1, 0, 31, '13:00:00', '02:30:00', 0),
(504, 65, '2018-12-01', 7, 1, 0, 31, '13:00:00', '02:30:00', 0),
(506, 42, '2018-12-02', 7, 1, 1, 31, '10:00:00', '12:00:00', 0),
(507, 43, '2018-12-02', 7, 1, 1, 31, '10:00:00', '12:00:00', 0),
(508, 44, '2018-12-02', 7, 1, 1, 31, '10:00:00', '12:00:00', 1),
(509, 45, '2018-12-02', 7, 1, 1, 31, '10:00:00', '12:00:00', 0),
(510, 46, '2018-12-02', 7, 1, 1, 31, '10:00:00', '12:00:00', 0),
(511, 47, '2018-12-02', 7, 1, 1, 31, '10:00:00', '12:00:00', 0),
(512, 48, '2018-12-02', 7, 1, 1, 31, '10:00:00', '12:00:00', 0),
(513, 49, '2018-12-02', 7, 1, 1, 31, '10:00:00', '12:00:00', 0),
(514, 50, '2018-12-02', 7, 1, 1, 31, '10:00:00', '12:00:00', 1),
(515, 51, '2018-12-02', 7, 1, 1, 31, '10:00:00', '12:00:00', 0),
(516, 52, '2018-12-02', 7, 1, 1, 31, '10:00:00', '12:00:00', 0),
(517, 53, '2018-12-02', 7, 1, 1, 31, '10:00:00', '12:00:00', 0),
(518, 54, '2018-12-02', 7, 1, 1, 31, '10:00:00', '12:00:00', 1),
(519, 55, '2018-12-02', 7, 1, 1, 31, '10:00:00', '12:00:00', 0),
(520, 56, '2018-12-02', 7, 1, 1, 31, '10:00:00', '12:00:00', 0),
(521, 57, '2018-12-02', 7, 1, 1, 31, '10:00:00', '12:00:00', 0),
(522, 59, '2018-12-02', 7, 1, 1, 31, '10:00:00', '12:00:00', 0),
(523, 60, '2018-12-02', 7, 1, 1, 31, '10:00:00', '12:00:00', 0),
(524, 61, '2018-12-02', 7, 1, 1, 31, '10:00:00', '12:00:00', 0),
(525, 62, '2018-12-02', 7, 1, 1, 31, '10:00:00', '12:00:00', 0),
(526, 63, '2018-12-02', 7, 1, 1, 31, '10:00:00', '12:00:00', 0),
(527, 64, '2018-12-02', 7, 1, 1, 31, '10:00:00', '12:00:00', 0),
(528, 65, '2018-12-02', 7, 1, 1, 31, '10:00:00', '12:00:00', 0),
(530, 42, '2018-12-03', 7, 1, 1, 31, '12:30:00', '02:30:00', 1),
(531, 43, '2018-12-03', 7, 1, 1, 31, '12:30:00', '02:30:00', 0),
(532, 44, '2018-12-03', 7, 1, 1, 31, '12:30:00', '02:30:00', 0),
(533, 45, '2018-12-03', 7, 1, 1, 31, '12:30:00', '02:30:00', 0),
(534, 46, '2018-12-03', 7, 1, 1, 31, '12:30:00', '02:30:00', 0),
(535, 47, '2018-12-03', 7, 1, 1, 31, '12:30:00', '02:30:00', 1),
(536, 48, '2018-12-03', 7, 1, 1, 31, '12:30:00', '02:30:00', 0),
(537, 49, '2018-12-03', 7, 1, 1, 31, '12:30:00', '02:30:00', 0),
(538, 50, '2018-12-03', 7, 1, 1, 31, '12:30:00', '02:30:00', 0),
(539, 51, '2018-12-03', 7, 1, 1, 31, '12:30:00', '02:30:00', 0),
(540, 52, '2018-12-03', 7, 1, 1, 31, '12:30:00', '02:30:00', 1),
(541, 53, '2018-12-03', 7, 1, 1, 31, '12:30:00', '02:30:00', 0),
(542, 54, '2018-12-03', 7, 1, 1, 31, '12:30:00', '02:30:00', 0),
(543, 55, '2018-12-03', 7, 1, 1, 31, '12:30:00', '02:30:00', 0),
(544, 56, '2018-12-03', 7, 1, 1, 31, '12:30:00', '02:30:00', 1),
(545, 57, '2018-12-03', 7, 1, 1, 31, '12:30:00', '02:30:00', 0),
(546, 59, '2018-12-03', 7, 1, 1, 31, '12:30:00', '02:30:00', 0),
(547, 60, '2018-12-03', 7, 1, 1, 31, '12:30:00', '02:30:00', 0),
(548, 61, '2018-12-03', 7, 1, 1, 31, '12:30:00', '02:30:00', 0),
(549, 62, '2018-12-03', 7, 1, 1, 31, '12:30:00', '02:30:00', 0),
(550, 63, '2018-12-03', 7, 1, 1, 31, '12:30:00', '02:30:00', 0),
(551, 64, '2018-12-03', 7, 1, 1, 31, '12:30:00', '02:30:00', 0),
(552, 65, '2018-12-03', 7, 1, 1, 31, '12:30:00', '02:30:00', 0),
(554, 42, '2018-12-04', 7, 1, 1, 31, '08:00:00', '10:00:00', 0),
(555, 43, '2018-12-04', 7, 1, 1, 31, '08:00:00', '10:00:00', 0),
(556, 44, '2018-12-04', 7, 1, 1, 31, '08:00:00', '10:00:00', 1),
(557, 45, '2018-12-04', 7, 1, 1, 31, '08:00:00', '10:00:00', 0),
(558, 46, '2018-12-04', 7, 1, 1, 31, '08:00:00', '10:00:00', 0),
(559, 47, '2018-12-04', 7, 1, 1, 31, '08:00:00', '10:00:00', 0),
(560, 48, '2018-12-04', 7, 1, 1, 31, '08:00:00', '10:00:00', 0),
(561, 49, '2018-12-04', 7, 1, 1, 31, '08:00:00', '10:00:00', 1),
(562, 50, '2018-12-04', 7, 1, 1, 31, '08:00:00', '10:00:00', 0),
(563, 51, '2018-12-04', 7, 1, 1, 31, '08:00:00', '10:00:00', 0),
(564, 52, '2018-12-04', 7, 1, 1, 31, '08:00:00', '10:00:00', 1),
(565, 53, '2018-12-04', 7, 1, 1, 31, '08:00:00', '10:00:00', 0),
(566, 54, '2018-12-04', 7, 1, 1, 31, '08:00:00', '10:00:00', 0),
(567, 55, '2018-12-04', 7, 1, 1, 31, '08:00:00', '10:00:00', 0),
(568, 56, '2018-12-04', 7, 1, 1, 31, '08:00:00', '10:00:00', 0),
(569, 57, '2018-12-04', 7, 1, 1, 31, '08:00:00', '10:00:00', 0),
(570, 59, '2018-12-04', 7, 1, 1, 31, '08:00:00', '10:00:00', 0),
(571, 60, '2018-12-04', 7, 1, 1, 31, '08:00:00', '10:00:00', 0),
(572, 61, '2018-12-04', 7, 1, 1, 31, '08:00:00', '10:00:00', 0),
(573, 62, '2018-12-04', 7, 1, 1, 31, '08:00:00', '10:00:00', 0),
(574, 63, '2018-12-04', 7, 1, 1, 31, '08:00:00', '10:00:00', 0),
(575, 64, '2018-12-04', 7, 1, 1, 31, '08:00:00', '10:00:00', 0),
(576, 65, '2018-12-04', 7, 1, 1, 31, '08:00:00', '10:00:00', 0),
(578, 42, '2018-12-05', 1, 1, 0, 31, '08:00:00', '09:00:00', 0),
(579, 43, '2018-12-05', 1, 1, 0, 31, '08:00:00', '09:00:00', 0),
(580, 44, '2018-12-05', 1, 1, 0, 31, '08:00:00', '09:00:00', 0),
(581, 45, '2018-12-05', 1, 1, 0, 31, '08:00:00', '09:00:00', 1),
(582, 46, '2018-12-05', 1, 1, 0, 31, '08:00:00', '09:00:00', 0),
(583, 47, '2018-12-05', 1, 1, 0, 31, '08:00:00', '09:00:00', 1),
(584, 48, '2018-12-05', 1, 1, 0, 31, '08:00:00', '09:00:00', 0),
(585, 49, '2018-12-05', 1, 1, 0, 31, '08:00:00', '09:00:00', 0),
(586, 50, '2018-12-05', 1, 1, 0, 31, '08:00:00', '09:00:00', 0),
(587, 51, '2018-12-05', 1, 1, 0, 31, '08:00:00', '09:00:00', 0),
(588, 52, '2018-12-05', 1, 1, 0, 31, '08:00:00', '09:00:00', 0),
(589, 53, '2018-12-05', 1, 1, 0, 31, '08:00:00', '09:00:00', 0),
(590, 54, '2018-12-05', 1, 1, 0, 31, '08:00:00', '09:00:00', 0),
(591, 55, '2018-12-05', 1, 1, 0, 31, '08:00:00', '09:00:00', 0),
(592, 56, '2018-12-05', 1, 1, 0, 31, '08:00:00', '09:00:00', 0),
(593, 57, '2018-12-05', 1, 1, 0, 31, '08:00:00', '09:00:00', 0),
(594, 59, '2018-12-05', 1, 1, 0, 31, '08:00:00', '09:00:00', 0),
(595, 60, '2018-12-05', 1, 1, 0, 31, '08:00:00', '09:00:00', 0),
(596, 61, '2018-12-05', 1, 1, 0, 31, '08:00:00', '09:00:00', 0),
(597, 62, '2018-12-05', 1, 1, 0, 31, '08:00:00', '09:00:00', 1),
(598, 63, '2018-12-05', 1, 1, 0, 31, '08:00:00', '09:00:00', 0),
(599, 64, '2018-12-05', 1, 1, 0, 31, '08:00:00', '09:00:00', 0),
(600, 65, '2018-12-05', 1, 1, 0, 31, '08:00:00', '09:00:00', 0);

-- --------------------------------------------------------

--
-- Table structure for table `cancled_students`
--

CREATE TABLE `cancled_students` (
  `student_id` int(11) NOT NULL,
  `student_fname` varchar(25) NOT NULL,
  `student_mname` varchar(25) NOT NULL,
  `student_lname` varchar(25) NOT NULL,
  `student_enrollmentno` varchar(10) NOT NULL,
  `student_caste` varchar(20) NOT NULL,
  `student_address` varchar(100) NOT NULL,
  `student_bdate` date NOT NULL,
  `student_phno` varchar(20) NOT NULL,
  `student_email` varchar(50) NOT NULL,
  `student_gender` char(1) NOT NULL,
  `student_dateofadmission` datetime NOT NULL DEFAULT CURRENT_TIMESTAMP,
  `student_shift` char(2) NOT NULL,
  `student_hostel` tinyint(1) NOT NULL,
  `student_tfws` tinyint(1) NOT NULL,
  `student_mothers_fname` varchar(25) NOT NULL,
  `student_mothers_lname` varchar(25) NOT NULL,
  `student_income` int(11) NOT NULL,
  `student_dept_id` int(11) NOT NULL,
  `student_scheme_id` int(11) NOT NULL,
  `student_sem` int(1) NOT NULL DEFAULT '1',
  `student_10th_percent` float DEFAULT NULL,
  `student_12th_percent` float DEFAULT NULL,
  `student_dte_enrollment_no` varchar(50) DEFAULT NULL,
  `student_caste_category_id` varchar(100) DEFAULT NULL,
  `student_sub_caste_id` varchar(100) DEFAULT NULL,
  `student_type` varchar(50) NOT NULL DEFAULT 'REGULAR' COMMENT 'regular or nonregular',
  `student_payment_type` varchar(50) DEFAULT NULL,
  `student_image` longblob NOT NULL,
  `student_image_name` varchar(30) NOT NULL,
  `student_is_directsecondyear` tinyint(1) NOT NULL DEFAULT '0'
) ENGINE=InnoDB DEFAULT CHARSET=latin1;

--
-- Dumping data for table `cancled_students`
--

INSERT INTO `cancled_students` (`student_id`, `student_fname`, `student_mname`, `student_lname`, `student_enrollmentno`, `student_caste`, `student_address`, `student_bdate`, `student_phno`, `student_email`, `student_gender`, `student_dateofadmission`, `student_shift`, `student_hostel`, `student_tfws`, `student_mothers_fname`, `student_mothers_lname`, `student_income`, `student_dept_id`, `student_scheme_id`, `student_sem`, `student_10th_percent`, `student_12th_percent`, `student_dte_enrollment_no`, `student_caste_category_id`, `student_sub_caste_id`, `student_type`, `student_payment_type`, `student_image`, `student_image_name`, `student_is_directsecondyear`) VALUES
(41, 'DAMU', 'LIMBAJI ', 'KHARAT ', 'SS18IF001', 'Scheduled caste', 'Room no. 42,Blg 12-B,Sukh sagar sankul,Opp durga nagar, J. V. Link road, Jogeshwari(E),Mumbai-400060', '1998-02-02', '9867184980', 'nilesh.kharat321@gmail.com', 'M', '2018-12-27 14:17:48', 'SS', 0, 0, 'USHA', 'KHARAT', 80000, 1, 1, 1, 74.73, 0, 'DTE123', 'Scheduled caste', 'Bhangi (12)', 'REGULAR', NULL, 0x89504e470d0a1a0a0000000d49484452000000e1000000e10803000000096d22480000006f504c5445c462a0ffffffc1589bcb74abc25b9dc35e9eecd1e2c05299dca9c8c1599bc0559afefbfdc35f9eeccee0f3e1ecf5e5eff7eaf2e4bbd4e9c8dcc86ca6fcf5f9e7c3d9d89bc1d38fb9cc78adf1dce9e2b5d1f0d8e7dfafcdd491bbc96ea7cf82b2bd4894d9a2c4d698bece7fb1d188b6b7d8c57d0000041449444154789ceddcdb9a9a301405e0101230218320074145cb0cefff8cd5e9b4041c30f464375dffe50c177b7d214701c60000000000000000000000000000000000000000000000000000000000000000fe342985525cbfe35c0929cdb34bfa7d8ce09a55fbf650bc1ceb388e8f41916e5e3b5f6925561053f2302b8b6d1e7963515ea7e539e4f2d925fe0a2354952677d96cf9ae619c6a534a9e6de6e37d389619c59634dc2fee6fcd09d1ae23175131f77c37897e76c5cb98b05d94cff34af1ec9a171159bc2c9f97d3ba4979b3b0013defa09e5df412fcf05923c5c1a16df65dd7ed9bf6f4120f07d9e84c69be088bbb78f1e992a9f7a5da3ba138677e536c7f5cb0e3cfae7a01bd1bb7de2953cadcb591918ab332f876cd1ba12654a3164c4aaea6cb175ab6b5e7d584a60a751af6af8378340b085d150d9d9154ec0701b7954bff92824e40c306d34441a87447fa68073c85cfaee7b713e52020a1e1c3596e054c294d718e066b99e30a039acc1a6672aadbf639ca6e427a1b5a17562fdcad719491afd65286d456c195b636bdc50a8799abb537a1d8f4098335f642a6eb3ee17e9503a9ec27c37c95bd505adb26524712ce84b5f325b49f5d80077d425a67bbae787f3a98af6f5b7893f54bb66095dd50bef53729ade36b57f6504aec371647d23abf58e7c649b47d427f8d8bd2c1ee379b4928f8b4bf57edcfe0a99570fa32713a0693ce7fafdc9f60fd5a11cd5c66af0beefcdb77b795309fb98cbfac21e16c1b124e68f5c399cb2827b4c7d2e9cb0827b4374f33b305e5846d5f6935bda6219cd03e2c9d59b5119e2d64d757da4eafbc65b31969c924acfa83a8b99fd5a418f94225a1b176c08b7e570ba9241c9c622c390f2694d01a43d6d986f694bfe434914e427bba58f2cb139d8426eb4b4d161c27d249c8c2fe4143efe25e2ba184f6ee62c16d4a28a1b9f4b5ce6d8247082564da7ad664e37c284c29a17d189538174b29a1f1fb62bd8d6b4fa4949029eb776eefec38eb934a281b2ba1eb73cda4123261bf4672708b482ba11c3c025d3a75455a09478f08372e1189251c3c7f796d45871b955842c65b3ba197f28745534bc8f8e03ef5e2f3a3662497d0c8d16bb10553b33323b9844cfaa317f3a2b49a7e91594a32676d3dd18ddf3d8cead6d75c0cbf3060a4509a57af29bd844cbd7977a264b7b9641f5f54d03a0c99df6dd2633eb8884c4226aaa93748f3645bd7f136c93ffd2f9d844c66f5a7111e20949049913e0e443ae1755ebc6c1f47229df0da8c4b5fc8a796f0f66e68ebf4518c77d1b165041f1613ba79f97cd81cc8e3432735d1c7fd2467fb623b9d328f77ed85e9f985ddbf4e72915dda348893ef1fe1896ed362b03b94179f71b29fa6193046dcbe0cf5fd7b0352dcbe3870fdc3fd3bfa0000000000000000000000000000000000000000000000000000000000ffb9afa3c02de0071836ec0000000049454e44ae426082, 'download.png', 0);

-- --------------------------------------------------------

--
-- Table structure for table `caste_category`
--

CREATE TABLE `caste_category` (
  `CATEGORYID` int(11) NOT NULL,
  `CATEGORYNAME` varchar(100) DEFAULT NULL
) ENGINE=InnoDB DEFAULT CHARSET=latin1 ROW_FORMAT=COMPACT;

--
-- Dumping data for table `caste_category`
--

INSERT INTO `caste_category` (`CATEGORYID`, `CATEGORYNAME`) VALUES
(1, 'Open'),
(2, 'Scheduled caste'),
(3, 'Scheduled Tribes'),
(4, 'Vimukta Jati(VJ/DT)(NT-A)'),
(5, 'Nomadic Tribes-1( NT-B)'),
(6, 'Nomadic Tribes-2( NT-C)'),
(7, 'Nomadic Tribes-3( NT-D)'),
(8, 'Other Backward Class'),
(9, 'Special Backward class');

-- --------------------------------------------------------

--
-- Table structure for table `caste_ntb`
--

CREATE TABLE `caste_ntb` (
  `SN` double NOT NULL,
  `caste_category_id` int(11) NOT NULL,
  `Name_of_Tribe__NT` varchar(100) DEFAULT NULL,
  `Akin_Tribes__` varchar(100) DEFAULT NULL,
  `Remarks` varchar(100) DEFAULT NULL
) ENGINE=InnoDB DEFAULT CHARSET=latin1 ROW_FORMAT=COMPACT;

--
-- Dumping data for table `caste_ntb`
--

INSERT INTO `caste_ntb` (`SN`, `caste_category_id`, `Name_of_Tribe__NT`, `Akin_Tribes__`, `Remarks`) VALUES
(1, 5, 'Gosavi', '1)Bava 2) Bairagi 3) Bharati 4) Giri Gosavi 5)Bharati Gosavi 6) Saraswati Parvat 7)Sagar 8)Baan or V', '* Included in 2008 June'),
(2, 5, 'Beldar', 'Aud / Od', ' Muslim Beldar'),
(3, 5, 'Bharaadi', 'A)Bal Santoshi B) Kingariwale C) Nathbaba D) Nath Jogi', ' Garpagari E) Nathpanthi Dabari Gosavi F) Nath'),
(4, 5, 'Bhute', 'Bhope', '-'),
(5, 5, '-', '-', '-'),
(6, 5, 'Chitrakathi', '-', '-'),
(7, 5, 'Garudi', 'Saapgarudi (incl Muslim)', '-'),
(8, 5, 'Lohar', 'Ghisadi', ' Ghisadi Lohar or Gaadi Lohar or Chitodi Lohar or Rajput Lohar'),
(9, 5, 'Golla', 'Gollewar', ' Goler'),
(10, 5, 'Gondhali', '-', '-'),
(11, 5, 'Gopal', 'A)Gopal Bhorapi B) Khelkari', '-'),
(12, 5, 'Helave', 'Hilav', '-'),
(13, 5, 'Joshi', 'A) Boodboodki B) Damaruwale C) Koodmoode D) Mendhhagi E) Sarode', ' Sarodi F) Sahadeo Joshi G) Saravade  H) Saroda'),
(14, 5, 'Kashi Kapdi', '-', '-'),
(15, 5, 'Kolhati', 'Dombari', '-'),
(16, 5, 'Mairal', 'A) Dangat B) Veer', '-'),
(17, 5, 'Masanjogi', '1)Sudgadsidhha 2) Mapanajoshi 3) Shardakar * / Shandakar */Shardakal */ Balasantu * ', '* Included in 2008 June'),
(18, 5, 'Nandiwale', 'Tirmal', '-'),
(19, 5, 'Pangul', '-', '-'),
(20, 5, 'Rawal', 'Raul or Ravalyogi', '-'),
(21, 5, 'Sikkalgar', 'Katari', ' Sekkalgar (Muslim)'),
(22, 5, 'Thakar', '-', 'Only in Ratnagiri & Sindhudurg Dists'),
(23, 5, 'Vaidu', '-', '-'),
(24, 5, 'Vasudeo', '-', '-'),
(25, 5, 'Bhoi', '1)Zinga Bhoi 2) Pardeshi Bhoi 3) Rajbhoi 4) Bhoi 5) Kahar 6) Godia Kahar 7) Dhuriya Kahar 8) Kirat 9', ' Bhoi Navadi *'),
(26, 5, 'Bahurupi', 'A) Bohrashi B) Bahurupia C) Bhorpi D) Rairandhra E) Ayyar & Ayyari', '-'),
(27, 5, 'Thhelari', '-', 'Only in Dhule'),
(28, 5, 'Otaari', 'A) Otankar B) Otkar C) Vatari D) Ozari E) Vatkar', ' Vatkari'),
(29, 5, 'NT-C : Dhangar', '-', '-'),
(30, 5, 'NT-D : Vanjari', '-', '-'),
(31, 5, 'Mari-aaiwale Kadak-Laxmiwale Margammawale', '-', 'NT B'),
(32, 5, 'Gihara/Gahara', '-', ' NT B'),
(33, 5, 'Gusai/Gosai', '-', ' NT B'),
(34, 5, 'Muslim Madari Garudi Sanpwale & Jadugar', '-', 'NT B'),
(35, 5, 'Indian Irani', '-', ' NT B'),
(36, 5, 'Gavali Muslim Gavali Gawalan *', '-', '-');

-- --------------------------------------------------------

--
-- Table structure for table `caste_sc_st_sbc_obc`
--

CREATE TABLE `caste_sc_st_sbc_obc` (
  `id` int(11) NOT NULL,
  `category_id` int(11) NOT NULL,
  `Caste_Category` varchar(100) NOT NULL,
  `Code` int(11) NOT NULL,
  `Caste` varchar(100) NOT NULL
) ENGINE=InnoDB DEFAULT CHARSET=latin1 ROW_FORMAT=COMPACT;

--
-- Dumping data for table `caste_sc_st_sbc_obc`
--

INSERT INTO `caste_sc_st_sbc_obc` (`id`, `category_id`, `Caste_Category`, `Code`, `Caste`) VALUES
(1, 2, 'Scheduled Caste', 1, 'Ager (1)'),
(2, 2, 'Scheduled Caste', 10, 'Bedar (10)'),
(3, 2, 'Scheduled Caste', 11, 'Asadaru (11)'),
(4, 2, 'Scheduled Caste', 11, 'Asodi (11)'),
(5, 2, 'Scheduled Caste', 11, 'Chamar (11)'),
(6, 2, 'Scheduled Caste', 11, 'Chamari (11)'),
(7, 2, 'Scheduled Caste', 11, 'Chambhar (11)'),
(8, 2, 'Scheduled Caste', 11, 'Chamdiya (11)'),
(9, 2, 'Scheduled Caste', 11, 'Chamgar (11)'),
(10, 2, 'Scheduled Caste', 11, 'Harali (11)'),
(11, 2, 'Scheduled Caste', 11, 'Kamati Mochi (11)'),
(12, 2, 'Scheduled Caste', 11, 'Khalpa (11)'),
(13, 2, 'Scheduled Caste', 11, 'Madar (11)'),
(14, 2, 'Scheduled Caste', 11, 'Madig (11)'),
(15, 2, 'Scheduled Caste', 11, 'Machigar (11)'),
(16, 2, 'Scheduled Caste', 11, 'Nona (11)'),
(17, 2, 'Scheduled Caste', 11, 'Mochi (11)'),
(18, 2, 'Scheduled Caste', 11, 'Mochigar (11)'),
(19, 2, 'Scheduled Caste', 11, 'Ramnami (11)'),
(20, 2, 'Scheduled Caste', 11, 'Ranigar (11)'),
(21, 2, 'Scheduled Caste', 11, 'Rohidas (11)'),
(22, 2, 'Scheduled Caste', 11, 'Rohit (11)'),
(23, 2, 'Scheduled Caste', 11, 'Samgar (11)'),
(24, 2, 'Scheduled Caste', 11, 'Satnami (11)'),
(25, 2, 'Scheduled Caste', 11, 'Surajyabanshi (11)'),
(26, 2, 'Scheduled Caste', 11, 'Surajyaramnami (11)'),
(27, 2, 'Scheduled Caste', 11, 'Telagu Mochi (11)'),
(28, 2, 'Scheduled Caste', 11, 'Bhambhi (11)'),
(29, 2, 'Scheduled Caste', 11, 'Bhambi (11)'),
(30, 2, 'Scheduled Caste', 11, 'Charmakar (11)'),
(31, 2, 'Scheduled Caste', 11, 'Harlayya (11)'),
(32, 2, 'Scheduled Caste', 11, 'Pardeshi Chamar (11)'),
(33, 2, 'Scheduled Caste', 11, 'Samgara (11)'),
(34, 2, 'Scheduled Caste', 12, 'Bhangi (12)'),
(35, 2, 'Scheduled Caste', 12, 'Hela (12)'),
(36, 2, 'Scheduled Caste', 12, 'Korar (12)'),
(37, 2, 'Scheduled Caste', 12, 'Zadmalli (12)'),
(38, 2, 'Scheduled Caste', 12, 'Rukhi (12)'),
(39, 2, 'Scheduled Caste', 12, 'Olgana (12)'),
(40, 2, 'Scheduled Caste', 12, 'Lalbegi (12)'),
(41, 2, 'Scheduled Caste', 12, 'Malkana (12)'),
(42, 2, 'Scheduled Caste', 12, 'Mehtar (12)'),
(43, 2, 'Scheduled Caste', 12, 'Halalkhor (12)'),
(44, 2, 'Scheduled Caste', 12, 'Balmiki (12)'),
(45, 2, 'Scheduled Caste', 13, 'Bindala (13)'),
(46, 2, 'Scheduled Caste', 14, 'Byagara (14)'),
(47, 2, 'Scheduled Caste', 15, 'Chalvadi (15)'),
(48, 2, 'Scheduled Caste', 15, 'Channaya (15)'),
(49, 2, 'Scheduled Caste', 16, 'Chennadasar (16)'),
(50, 2, 'Scheduled Caste', 16, 'Holaya Dasar (16)'),
(51, 2, 'Scheduled Caste', 16, 'Holeya Dasari (16)'),
(52, 2, 'Scheduled Caste', 17, 'Dakkal (17)'),
(53, 2, 'Scheduled Caste', 17, 'Dokkalwar (17)'),
(54, 2, 'Scheduled Caste', 18, 'Dhor (18)'),
(55, 2, 'Scheduled Caste', 18, 'Dohor (18)'),
(56, 2, 'Scheduled Caste', 18, 'Kakkayya (18)'),
(57, 2, 'Scheduled Caste', 18, 'Kankayya (18)'),
(58, 2, 'Scheduled Caste', 19, 'Dom (19)'),
(59, 2, 'Scheduled Caste', 19, 'Dumar (19)'),
(60, 2, 'Scheduled Caste', 2, 'Anamuk (2)'),
(61, 2, 'Scheduled Caste', 20, 'Yellamalawar (20)'),
(62, 2, 'Scheduled Caste', 20, 'Yellamalavandalu (20)'),
(63, 2, 'Scheduled Caste', 21, 'Ganda (21)'),
(64, 2, 'Scheduled Caste', 21, 'Gandi (21)'),
(65, 2, 'Scheduled Caste', 22, 'Garo (22)'),
(66, 2, 'Scheduled Caste', 22, 'Garoda (22)'),
(67, 2, 'Scheduled Caste', 23, 'Ghasi (23)'),
(68, 2, 'Scheduled Caste', 23, 'Ghasiya (23)'),
(69, 2, 'Scheduled Caste', 24, 'Hallir (24)'),
(70, 2, 'Scheduled Caste', 25, 'Halaswar (25)'),
(71, 2, 'Scheduled Caste', 25, 'Halsar (25)'),
(72, 2, 'Scheduled Caste', 25, 'Haslar (25)'),
(73, 2, 'Scheduled Caste', 25, 'Hulaswar (25)'),
(74, 2, 'Scheduled Caste', 26, 'Holar (26)'),
(75, 2, 'Scheduled Caste', 26, 'Vhalar (26)'),
(76, 2, 'Scheduled Caste', 27, 'Holaya (27)'),
(77, 2, 'Scheduled Caste', 27, 'Holer (27)'),
(78, 2, 'Scheduled Caste', 27, 'Holeya (27)'),
(79, 2, 'Scheduled Caste', 27, 'Holiya (27)'),
(80, 2, 'Scheduled Caste', 28, 'Kaikadi (28)'),
(81, 2, 'Scheduled Caste', 29, 'Katiya (29)'),
(82, 2, 'Scheduled Caste', 29, 'Patharia (29)'),
(83, 2, 'Scheduled Caste', 3, 'Aaremala (3)'),
(84, 2, 'Scheduled Caste', 30, 'Miradha (30)'),
(85, 2, 'Scheduled Caste', 30, 'Kanera (30)'),
(86, 2, 'Scheduled Caste', 30, 'Khangar (30)'),
(87, 2, 'Scheduled Caste', 31, 'Chikava (31)'),
(88, 2, 'Scheduled Caste', 31, 'Chikavi (31)'),
(89, 2, 'Scheduled Caste', 31, 'Khatik (31)'),
(90, 2, 'Scheduled Caste', 32, 'Kolupul-Vandalu (32)'),
(91, 2, 'Scheduled Caste', 33, 'Kori (33)'),
(92, 2, 'Scheduled Caste', 34, 'Lingader (34)'),
(93, 2, 'Scheduled Caste', 35, 'Madagi (35)'),
(94, 2, 'Scheduled Caste', 36, 'Madiga (36)'),
(95, 2, 'Scheduled Caste', 37, 'Mahar (37)'),
(96, 2, 'Scheduled Caste', 37, 'Taral (37)'),
(97, 2, 'Scheduled Caste', 37, 'Dhegu-Megu (37)'),
(98, 2, 'Scheduled Caste', 37, 'Mehara (37)'),
(99, 2, 'Scheduled Caste', 38, 'Mahayavanshi (38)'),
(100, 2, 'Scheduled Caste', 38, 'Maru-Vankar (38)'),
(101, 2, 'Scheduled Caste', 38, 'Dhed (38)'),
(102, 2, 'Scheduled Caste', 38, 'Vanakar (38)'),
(103, 2, 'Scheduled Caste', 39, 'Mala (39)'),
(104, 2, 'Scheduled Caste', 4, 'Aarva Mala (4)'),
(105, 2, 'Scheduled Caste', 40, 'Mala Dasari (40)'),
(106, 2, 'Scheduled Caste', 41, 'Mala Hannai (41)'),
(107, 2, 'Scheduled Caste', 42, 'Mala Jangam (42)'),
(108, 2, 'Scheduled Caste', 43, 'Mala Masti (43)'),
(109, 2, 'Scheduled Caste', 44, 'Mala Sale (44)'),
(110, 2, 'Scheduled Caste', 44, 'Netkani (44)'),
(111, 2, 'Scheduled Caste', 45, 'Mala Sanyasi (45)'),
(112, 2, 'Scheduled Caste', 46, 'Mang-Mhashi (46)'),
(113, 2, 'Scheduled Caste', 46, 'Matang (46)'),
(114, 2, 'Scheduled Caste', 46, 'Minimadig (46)'),
(115, 2, 'Scheduled Caste', 46, 'Garudi (46)'),
(116, 2, 'Scheduled Caste', 46, 'Dakhani-Mang (46)'),
(117, 2, 'Scheduled Caste', 46, 'Radhemang (46)'),
(118, 2, 'Scheduled Caste', 46, 'Madari (46)'),
(119, 2, 'Scheduled Caste', 46, 'Mang (46)'),
(120, 2, 'Scheduled Caste', 47, 'Mang-Garodi (47)'),
(121, 2, 'Scheduled Caste', 47, 'Mang-Garudi (47)'),
(122, 2, 'Scheduled Caste', 48, 'Manne (48)'),
(123, 2, 'Scheduled Caste', 49, 'Masti (49)'),
(124, 2, 'Scheduled Caste', 5, 'Bahana (5)'),
(125, 2, 'Scheduled Caste', 5, 'Bahna (5)'),
(126, 2, 'Scheduled Caste', 50, 'Menghwal (50)'),
(127, 2, 'Scheduled Caste', 50, 'Menghwar (50)'),
(128, 2, 'Scheduled Caste', 51, 'Mitha (51)'),
(129, 2, 'Scheduled Caste', 51, 'Ayalavar (51)'),
(130, 2, 'Scheduled Caste', 52, 'Mukri (52)'),
(131, 2, 'Scheduled Caste', 53, 'Hadi (53)'),
(132, 2, 'Scheduled Caste', 53, 'Nadiya (53)'),
(133, 2, 'Scheduled Caste', 54, 'Pasi (54)'),
(134, 2, 'Scheduled Caste', 55, 'Sansi (55)'),
(135, 2, 'Scheduled Caste', 56, 'Sedama (56)'),
(136, 2, 'Scheduled Caste', 56, 'Chenva (56)'),
(137, 2, 'Scheduled Caste', 56, 'Ravat (56)'),
(138, 2, 'Scheduled Caste', 56, 'Shenava (56)'),
(139, 2, 'Scheduled Caste', 57, 'Chindollu (57)'),
(140, 2, 'Scheduled Caste', 57, 'Sindhollu (57)'),
(141, 2, 'Scheduled Caste', 58, 'Tirgar (58)'),
(142, 2, 'Scheduled Caste', 58, 'Tirbanda (58)'),
(143, 2, 'Scheduled Caste', 59, 'Turi (59)'),
(144, 2, 'Scheduled Caste', 6, 'Bakad (6)'),
(145, 2, 'Scheduled Caste', 6, 'Bant (6)'),
(146, 2, 'Scheduled Caste', 7, 'Balahi (7)'),
(147, 2, 'Scheduled Caste', 7, 'Balai (7)'),
(148, 2, 'Scheduled Caste', 8, 'Bansodi (8)'),
(149, 2, 'Scheduled Caste', 8, 'Bansor (8)'),
(150, 2, 'Scheduled Caste', 8, 'Basod (8)'),
(151, 2, 'Scheduled Caste', 8, 'Basor (8)'),
(152, 2, 'Scheduled Caste', 8, 'Burud (8)'),
(153, 2, 'Scheduled Caste', 9, 'Budaga Jangam (9)'),
(154, 2, 'Scheduled Caste', 9, 'Bedajangam (9)'),
(155, 2, 'Scheduled Caste', 0, 'Navbauddha (NA)'),
(156, 2, 'Scheduled Caste', 0, 'Buddha (NA)'),
(157, 8, 'Other Backward Class', 1, 'Alitkar (1)'),
(158, 8, 'Other Backward Class', 10, 'Bhavin (10)'),
(159, 8, 'Other Backward Class', 100, 'Medar (100)'),
(160, 8, 'Other Backward Class', 101, 'Mhali (101)'),
(161, 8, 'Other Backward Class', 102, 'Mitha (102)'),
(162, 8, 'Other Backward Class', 104, 'Mathura (104)'),
(163, 8, 'Other Backward Class', 105, 'Namdhari (105)'),
(164, 8, 'Other Backward Class', 106, 'Namdhari Paik (106)'),
(165, 8, 'Other Backward Class', 107, 'Nirshikari (107)'),
(166, 8, 'Other Backward Class', 108, 'Hadpad (108)'),
(167, 8, 'Other Backward Class', 108, '\"nhavi (Salmani'),
(168, 8, 'Other Backward Class', 108, 'Hajjam (108)'),
(169, 8, 'Other Backward Class', 108, 'Mhali (108)'),
(170, 8, 'Other Backward Class', 108, 'Navi (108)'),
(171, 8, 'Other Backward Class', 108, 'Navisen (108)'),
(172, 8, 'Other Backward Class', 108, 'Nabhik (108)'),
(173, 8, 'Other Backward Class', 108, 'Napit (108)'),
(174, 8, 'Other Backward Class', 108, 'Salmaniya (108)'),
(175, 8, 'Other Backward Class', 108, 'Waland (108)'),
(176, 8, 'Other Backward Class', 108, 'Warik (108)'),
(177, 8, 'Other Backward Class', 109, 'Nethura (109)'),
(178, 8, 'Other Backward Class', 11, 'Bhisti or Pakhali (11)'),
(179, 8, 'Other Backward Class', 11, 'Sakka (11)'),
(180, 8, 'Other Backward Class', 110, 'Loniya (110)'),
(181, 8, 'Other Backward Class', 110, 'Luniya (110)'),
(182, 8, 'Other Backward Class', 110, 'Noniya (110)'),
(183, 8, 'Other Backward Class', 110, 'Nuniya (110)'),
(184, 8, 'Other Backward Class', 111, 'Nakkashi (111)'),
(185, 8, 'Other Backward Class', 112, 'Nili (112)'),
(186, 8, 'Other Backward Class', 113, 'Nilkanti (113)'),
(187, 8, 'Other Backward Class', 114, 'Nekar jada (114)'),
(188, 8, 'Other Backward Class', 115, 'Padhariya (115)'),
(189, 8, 'Other Backward Class', 116, 'Padiyar (116)'),
(190, 8, 'Other Backward Class', 117, 'Patradavru (117)'),
(191, 8, 'Other Backward Class', 118, 'Phasechari (118)'),
(192, 8, 'Other Backward Class', 119, 'Phudagi (119)'),
(193, 8, 'Other Backward Class', 120, 'Pakhali (120)'),
(194, 8, 'Other Backward Class', 120, 'Sakka (120)'),
(195, 8, 'Other Backward Class', 121, 'Panchal (121)'),
(196, 8, 'Other Backward Class', 122, 'Panka (122)'),
(197, 8, 'Other Backward Class', 123, 'Peraka (123)'),
(198, 8, 'Other Backward Class', 123, 'Perakewad (123)'),
(199, 8, 'Other Backward Class', 123, 'Perki (123)'),
(200, 8, 'Other Backward Class', 123, 'Perike (123)'),
(201, 8, 'Other Backward Class', 123, 'Perika (123)'),
(202, 8, 'Other Backward Class', 124, 'Putali Gar (124)'),
(203, 8, 'Other Backward Class', 125, 'Parit or Dhobi (125)'),
(204, 8, 'Other Backward Class', 125, 'Telgu Madelwar (Parit) (125)'),
(205, 8, 'Other Backward Class', 126, 'Khatri (126)'),
(206, 8, 'Other Backward Class', 126, 'Kshatriya (126)'),
(207, 8, 'Other Backward Class', 126, 'Kshatriya Patkar (126)'),
(208, 8, 'Other Backward Class', 126, 'Patavegar (126)'),
(209, 8, 'Other Backward Class', 126, 'Patavekari (126)'),
(210, 8, 'Other Backward Class', 126, 'Pategar (126)'),
(211, 8, 'Other Backward Class', 126, 'Patkar (126)'),
(212, 8, 'Other Backward Class', 126, 'Pattegar (126)'),
(213, 8, 'Other Backward Class', 126, 'Patvi (126)'),
(214, 8, 'Other Backward Class', 126, 'Somvanshiya Sahastrarjun Kshatriya (126)'),
(215, 8, 'Other Backward Class', 127, 'Phulari (127)'),
(216, 8, 'Other Backward Class', 128, 'Rachevar (128)'),
(217, 8, 'Other Backward Class', 129, 'Raeekari (129)'),
(218, 8, 'Other Backward Class', 129, 'Rayikar (129)'),
(219, 8, 'Other Backward Class', 13, 'Bari or Barai (13)'),
(220, 8, 'Other Backward Class', 130, 'Bandi (130)'),
(221, 8, 'Other Backward Class', 131, 'Rachbandhiya (131)'),
(222, 8, 'Other Backward Class', 132, 'Rangari (132)'),
(223, 8, 'Other Backward Class', 133, 'Rangrez (133)'),
(224, 8, 'Other Backward Class', 134, 'Raot (134)'),
(225, 8, 'Other Backward Class', 134, 'Rautiya (134)'),
(226, 8, 'Other Backward Class', 134, 'Ravat (134)'),
(227, 8, 'Other Backward Class', 135, '\"Rangrej (Bhavsar'),
(228, 8, 'Other Backward Class', 14, 'Beriya (14)'),
(229, 8, 'Other Backward Class', 140, 'Sanjogi (140)'),
(230, 8, 'Other Backward Class', 141, 'Saraniya (141)'),
(231, 8, 'Other Backward Class', 145, 'Suppaling (145)'),
(232, 8, 'Other Backward Class', 146, 'Sutharia (From Sindh) (146)'),
(233, 8, 'Other Backward Class', 147, 'Saees (147)'),
(234, 8, 'Other Backward Class', 147, 'Sahis (147)'),
(235, 8, 'Other Backward Class', 147, 'Shis (147)'),
(236, 8, 'Other Backward Class', 148, 'Sapera (148)'),
(237, 8, 'Other Backward Class', 149, 'Shilavat (149)'),
(238, 8, 'Other Backward Class', 15, 'Besdeva (15)'),
(239, 8, 'Other Backward Class', 153, 'Idrisi/Darji (153)'),
(240, 8, 'Other Backward Class', 153, 'Jain Shimpi (153)'),
(241, 8, 'Other Backward Class', 153, 'Meru Shimpi / Meru Kshatriya Shimpi (153)'),
(242, 8, 'Other Backward Class', 153, 'Saisutar (153)'),
(243, 8, 'Other Backward Class', 153, 'Saitval (153)'),
(244, 8, 'Other Backward Class', 153, 'Shetval (153)'),
(245, 8, 'Other Backward Class', 153, 'Shetval (153)'),
(246, 8, 'Other Backward Class', 153, 'Shimpi (153)'),
(247, 8, 'Other Backward Class', 153, 'Shravak Shimpi (153)'),
(248, 8, 'Other Backward Class', 153, 'Saitval (153)'),
(249, 8, 'Other Backward Class', 154, 'Sonar (154)'),
(250, 8, 'Other Backward Class', 155, 'Tandel (155)'),
(251, 8, 'Other Backward Class', 157, 'Targala (157)'),
(252, 8, 'Other Backward Class', 158, 'Thetwar (158)'),
(253, 8, 'Other Backward Class', 159, 'Thoria (159)'),
(254, 8, 'Other Backward Class', 16, 'Bhadbhunja (16)'),
(255, 8, 'Other Backward Class', 16, 'Bharadbhunja (16)'),
(256, 8, 'Other Backward Class', 16, 'Bhujava (16)'),
(257, 8, 'Other Backward Class', 16, 'Bhunj (16)'),
(258, 8, 'Other Backward Class', 16, 'Bhurjava (16)'),
(259, 8, 'Other Backward Class', 16, 'Bhuranji (16)'),
(260, 8, 'Other Backward Class', 16, 'Bhurji (16)'),
(261, 8, 'Other Backward Class', 160, 'Kasar (160)'),
(262, 8, 'Other Backward Class', 160, 'Tambat (160)'),
(263, 8, 'Other Backward Class', 160, 'Tvashta Kasar (160)'),
(264, 8, 'Other Backward Class', 161, 'Thogti (161)'),
(265, 8, 'Other Backward Class', 162, 'Vadi (162)'),
(266, 8, 'Other Backward Class', 164, 'Hindu Dharkar (164)'),
(267, 8, 'Other Backward Class', 164, 'Wansphod (164)'),
(268, 8, 'Other Backward Class', 166, 'Warthi (166)'),
(269, 8, 'Other Backward Class', 168, 'Yerkula (168)'),
(270, 8, 'Other Backward Class', 169, 'Agale or Kalan (169)'),
(271, 8, 'Other Backward Class', 169, 'Agari (169)'),
(272, 8, 'Other Backward Class', 17, 'Bhanta (17)'),
(273, 8, 'Other Backward Class', 170, 'Bhavsar (170)'),
(274, 8, 'Other Backward Class', 171, 'Kurhin (171)'),
(275, 8, 'Other Backward Class', 172, 'Nilgar (172)'),
(276, 8, 'Other Backward Class', 172, 'Nili (172)'),
(277, 8, 'Other Backward Class', 172, 'Nirali (172)'),
(278, 8, 'Other Backward Class', 173, 'Koskanti Devang (173)'),
(279, 8, 'Other Backward Class', 174, 'Baddhai (174)'),
(280, 8, 'Other Backward Class', 174, 'Baddhi (174)'),
(281, 8, 'Other Backward Class', 174, 'Baddhai (174)'),
(282, 8, 'Other Backward Class', 174, 'Suthar (174)'),
(283, 8, 'Other Backward Class', 174, 'Sutar (174)'),
(284, 8, 'Other Backward Class', 174, 'Vaddhai (174)'),
(285, 8, 'Other Backward Class', 174, 'Vaddhai (174)'),
(286, 8, 'Other Backward Class', 174, 'Vadi (174)'),
(287, 8, 'Other Backward Class', 174, 'Vadhai (174)'),
(288, 8, 'Other Backward Class', 174, 'Vaddhi (174)'),
(289, 8, 'Other Backward Class', 175, 'Phutgudi (175)'),
(290, 8, 'Other Backward Class', 177, 'Mansuri (177)'),
(291, 8, 'Other Backward Class', 177, 'Pinjara (177)'),
(292, 8, 'Other Backward Class', 177, 'Pinjari (177)'),
(293, 8, 'Other Backward Class', 179, 'Bhilala (179)'),
(294, 8, 'Other Backward Class', 18, 'Bhat (18)'),
(295, 8, 'Other Backward Class', 18, 'Bhaat (18)'),
(296, 8, 'Other Backward Class', 181, 'Deshkar Teli (181)'),
(297, 8, 'Other Backward Class', 181, 'Don Bail Teli (181)'),
(298, 8, 'Other Backward Class', 181, 'Ek Bahiya Teli (181)'),
(299, 8, 'Other Backward Class', 181, 'Ekbail Teli (181)'),
(300, 8, 'Other Backward Class', 181, 'Erandel Teli (181)'),
(301, 8, 'Other Backward Class', 181, 'Lingayat Teli (181)'),
(302, 8, 'Other Backward Class', 181, 'Maratha Teli (181)'),
(303, 8, 'Other Backward Class', 181, 'Savteli (181)'),
(304, 8, 'Other Backward Class', 181, 'Tarane Teli (181)'),
(305, 8, 'Other Backward Class', 181, 'Teli (181)'),
(306, 8, 'Other Backward Class', 181, 'Tilwan Teli (181)'),
(307, 8, 'Other Backward Class', 182, 'Bagwan (Muslim) (182)'),
(308, 8, 'Other Backward Class', 182, 'Bharat Bagwan (182)'),
(309, 8, 'Other Backward Class', 182, 'Choukalashi (182)'),
(310, 8, 'Other Backward Class', 182, 'Gase Wanmali (182)'),
(311, 8, 'Other Backward Class', 182, 'Ghodekhao (182)'),
(312, 8, 'Other Backward Class', 182, 'Kosare (182)'),
(313, 8, 'Other Backward Class', 182, 'Mali (182)'),
(314, 8, 'Other Backward Class', 182, 'Maral (182)'),
(315, 8, 'Other Backward Class', 182, 'Marar (182)'),
(316, 8, 'Other Backward Class', 182, 'Pachkalasi (182)'),
(317, 8, 'Other Backward Class', 182, 'Pathare Kshatriya (182)'),
(318, 8, 'Other Backward Class', 182, 'Pathare Kshatriya Pachkalashi (182)'),
(319, 8, 'Other Backward Class', 182, 'Raeen (Bagwan) (182)'),
(320, 8, 'Other Backward Class', 182, 'S.K.P. (182)'),
(321, 8, 'Other Backward Class', 182, 'Sastikar (182)'),
(322, 8, 'Other Backward Class', 182, 'Savatamali (182)'),
(323, 8, 'Other Backward Class', 182, 'Somvanshiya Pathare Kshatriya (182)'),
(324, 8, 'Other Backward Class', 182, 'Sutar (182)'),
(325, 8, 'Other Backward Class', 182, 'Wadwal (182)'),
(326, 8, 'Other Backward Class', 183, 'Lonari (183)'),
(327, 8, 'Other Backward Class', 185, 'Kanade/Kanadi (185)'),
(328, 8, 'Other Backward Class', 186, 'Raghavi (From Vidarbh) (186)'),
(329, 8, 'Other Backward Class', 187, 'Bavarchi/Bhatiyara (Muslim) (187)'),
(330, 8, 'Other Backward Class', 187, 'Bhandari (187)'),
(331, 8, 'Other Backward Class', 188, 'Ganali or Gandali (188)'),
(332, 8, 'Other Backward Class', 189, 'Bhoir (189)'),
(333, 8, 'Other Backward Class', 189, 'Bhoyir (189)'),
(334, 8, 'Other Backward Class', 189, 'Bhoyar (189)'),
(335, 8, 'Other Backward Class', 189, 'Powar or Pawar (Powar or Pawar Aadnave) (189)'),
(336, 8, 'Other Backward Class', 19, 'Chamatha (19)'),
(337, 8, 'Other Backward Class', 190, 'Borad (190)'),
(338, 8, 'Other Backward Class', 190, 'Boral (190)'),
(339, 8, 'Other Backward Class', 190, 'Borul (190)'),
(340, 8, 'Other Backward Class', 190, 'Dhakad (190)'),
(341, 8, 'Other Backward Class', 190, 'Kanthahar Wani (190)'),
(342, 8, 'Other Backward Class', 190, 'Kathar Wani (190)'),
(343, 8, 'Other Backward Class', 190, 'Kathar (190)'),
(344, 8, 'Other Backward Class', 190, 'Kulwant Wani (190)'),
(345, 8, 'Other Backward Class', 190, 'Mitkari Wani (190)'),
(346, 8, 'Other Backward Class', 190, 'Nevi (190)'),
(347, 8, 'Other Backward Class', 190, 'Tamboli (190)'),
(348, 8, 'Other Backward Class', 190, 'Vaishya Wani (190)'),
(349, 8, 'Other Backward Class', 190, 'Wani (190)'),
(350, 8, 'Other Backward Class', 190, 'Boraal (190)'),
(351, 8, 'Other Backward Class', 191, 'Ansari (191)'),
(352, 8, 'Other Backward Class', 191, 'Momin (191)'),
(353, 8, 'Other Backward Class', 192, 'Fakir Bandarwala (192)'),
(354, 8, 'Other Backward Class', 194, 'Ghadashi (194)'),
(355, 8, 'Other Backward Class', 195, 'Muslim Tamboli (195)'),
(356, 8, 'Other Backward Class', 196, 'Christian Converted From Schedule Caste (196)'),
(357, 8, 'Other Backward Class', 197, 'Lanzad (197)'),
(358, 8, 'Other Backward Class', 197, 'Lazad (197)'),
(359, 8, 'Other Backward Class', 198, 'Yadav (198)'),
(360, 8, 'Other Backward Class', 199, 'Ladsi (199)'),
(361, 8, 'Other Backward Class', 2, 'Bagdi (2)'),
(362, 8, 'Other Backward Class', 20, 'Chandalgada (20)'),
(363, 8, 'Other Backward Class', 202, 'Atar (202)'),
(364, 8, 'Other Backward Class', 203, 'Audhiya (203)'),
(365, 8, 'Other Backward Class', 204, 'Badak (204)'),
(366, 8, 'Other Backward Class', 204, 'Barav (204)'),
(367, 8, 'Other Backward Class', 205, 'Bagaloo (205)'),
(368, 8, 'Other Backward Class', 206, 'Marbar Waghari (206)'),
(369, 8, 'Other Backward Class', 206, 'Marwar Baori (206)'),
(370, 8, 'Other Backward Class', 207, 'Udasi (207)'),
(371, 8, 'Other Backward Class', 208, 'Balsanthanam (208)'),
(372, 8, 'Other Backward Class', 209, 'Mathura Banjara (209)'),
(373, 8, 'Other Backward Class', 21, 'Charan or Gadhavi (21)'),
(374, 8, 'Other Backward Class', 210, 'Shingade Banjara (210)'),
(375, 8, 'Other Backward Class', 211, 'Lambade (211)'),
(376, 8, 'Other Backward Class', 212, 'Phanade Banjara (212)'),
(377, 8, 'Other Backward Class', 213, 'Sunar Banjara (213)'),
(378, 8, 'Other Backward Class', 214, 'Dhaliya Banjara (214)'),
(379, 8, 'Other Backward Class', 215, 'Shingadya Banjara (215)'),
(380, 8, 'Other Backward Class', 216, 'Baonriya (216)'),
(381, 8, 'Other Backward Class', 217, 'Koli Bariya (217)'),
(382, 8, 'Other Backward Class', 218, 'Bathini (218)'),
(383, 8, 'Other Backward Class', 219, 'Begari (219)'),
(384, 8, 'Other Backward Class', 22, 'Charodi (22)'),
(385, 8, 'Other Backward Class', 220, 'Bhampata or Ghantichore or Pardeshi (220)'),
(386, 8, 'Other Backward Class', 221, 'Pong (221)'),
(387, 8, 'Other Backward Class', 222, 'Dasar (222)'),
(388, 8, 'Other Backward Class', 223, 'Uchila (223)'),
(389, 8, 'Other Backward Class', 224, 'Belchheda (224)'),
(390, 8, 'Other Backward Class', 224, 'Bhandura (224)'),
(391, 8, 'Other Backward Class', 224, 'Billawa (224)'),
(392, 8, 'Other Backward Class', 224, 'Thiya (224)'),
(393, 8, 'Other Backward Class', 225, 'Dhivar Bhoi (225)'),
(394, 8, 'Other Backward Class', 225, 'Kharavi (225)'),
(395, 8, 'Other Backward Class', 226, 'Bhoyar (226)'),
(396, 8, 'Other Backward Class', 227, 'Bindali (227)'),
(397, 8, 'Other Backward Class', 228, 'Burbuk (228)'),
(398, 8, 'Other Backward Class', 229, 'Chadar (229)'),
(399, 8, 'Other Backward Class', 23, 'Chippa (23)'),
(400, 8, 'Other Backward Class', 23, 'Chhipa (23)'),
(401, 8, 'Other Backward Class', 230, 'Chakravaday -Dasar (230)'),
(402, 8, 'Other Backward Class', 231, 'Chandal (231)'),
(403, 8, 'Other Backward Class', 232, 'Chenvu or Chenvawar (232)'),
(404, 8, 'Other Backward Class', 233, 'Chimur (233)'),
(405, 8, 'Other Backward Class', 234, 'Chintala (234)'),
(406, 8, 'Other Backward Class', 235, 'Dakaleru (235)'),
(407, 8, 'Other Backward Class', 236, 'Darji (236)'),
(408, 8, 'Other Backward Class', 238, 'Kurba (238)'),
(409, 8, 'Other Backward Class', 238, 'Kurubar (238)'),
(410, 8, 'Other Backward Class', 239, 'Harkantra (239)'),
(411, 8, 'Other Backward Class', 239, 'Mangeli (239)'),
(412, 8, 'Other Backward Class', 239, 'Page (239)'),
(413, 8, 'Other Backward Class', 239, 'Sanduri (239)'),
(414, 8, 'Other Backward Class', 239, 'Mangele (239)'),
(415, 8, 'Other Backward Class', 24, 'Das or Dangadidas (24)'),
(416, 8, 'Other Backward Class', 240, 'Bhadwal (240)'),
(417, 8, 'Other Backward Class', 240, 'Rajak (240)'),
(418, 8, 'Other Backward Class', 240, 'Wats (240)'),
(419, 8, 'Other Backward Class', 241, 'Dommara (241)'),
(420, 8, 'Other Backward Class', 242, 'Gadaba or Godaba (242)'),
(421, 8, 'Other Backward Class', 243, 'Gangani (243)'),
(422, 8, 'Other Backward Class', 244, 'Garodi (244)'),
(423, 8, 'Other Backward Class', 245, 'Goller (245)'),
(424, 8, 'Other Backward Class', 246, 'Godala (246)'),
(425, 8, 'Other Backward Class', 247, 'Habura (247)'),
(426, 8, 'Other Backward Class', 248, 'Harani (248)'),
(427, 8, 'Other Backward Class', 249, 'Hil-Redidas (249)'),
(428, 8, 'Other Backward Class', 25, 'Davgar (25)'),
(429, 8, 'Other Backward Class', 250, 'Deveri (250)'),
(430, 8, 'Other Backward Class', 251, 'Bankar (251)'),
(431, 8, 'Other Backward Class', 251, 'Vanya (251)'),
(432, 8, 'Other Backward Class', 251, 'Vinkar (251)'),
(433, 8, 'Other Backward Class', 252, 'Kachhiya (252)'),
(434, 8, 'Other Backward Class', 253, 'Korach (253)'),
(435, 8, 'Other Backward Class', 253, 'Padlor (253)'),
(436, 8, 'Other Backward Class', 254, 'Goud Kalal (Excl. Lad Brahman) (254)'),
(437, 8, 'Other Backward Class', 254, 'Kalal (254)'),
(438, 8, 'Other Backward Class', 254, 'Kalar (Excl. Lad Brahman) (254)'),
(439, 8, 'Other Backward Class', 254, 'Lad (Excl. Lad Brahman) (254)'),
(440, 8, 'Other Backward Class', 254, 'Ladwak (Excl. Lad Brahman) (254)'),
(441, 8, 'Other Backward Class', 254, 'Shivhare (Excl. Lad Brahman) (254)'),
(442, 8, 'Other Backward Class', 254, 'Jain Kalar (Excl. Lad Brahman)(254)'),
(443, 8, 'Other Backward Class', 255, 'Kandel (255)'),
(444, 8, 'Other Backward Class', 256, 'Kasera (256)'),
(445, 8, 'Other Backward Class', 257, 'Kasab (257)'),
(446, 8, 'Other Backward Class', 257, 'Kasai (257)'),
(447, 8, 'Other Backward Class', 257, 'Kureshi (257)'),
(448, 8, 'Other Backward Class', 258, 'Katipamula (258)'),
(449, 8, 'Other Backward Class', 259, 'Kirar (259)'),
(450, 8, 'Other Backward Class', 26, 'Depala (26)'),
(451, 8, 'Other Backward Class', 260, 'Christian Koli (260)'),
(452, 8, 'Other Backward Class', 261, 'Korachar or Korave (261)'),
(453, 8, 'Other Backward Class', 262, 'Kodaku with Korava (262)'),
(454, 8, 'Other Backward Class', 263, 'Komakapu (263)'),
(455, 8, 'Other Backward Class', 264, 'Kondu (264)'),
(456, 8, 'Other Backward Class', 265, 'Lakhari (265)'),
(457, 8, 'Other Backward Class', 266, 'Dodi (266)'),
(458, 8, 'Other Backward Class', 266, 'Khatawali (266)'),
(459, 8, 'Other Backward Class', 266, 'Lohar-Gada (266)'),
(460, 8, 'Other Backward Class', 266, 'Panchaal (266)'),
(461, 8, 'Other Backward Class', 266, 'Panchal (266)'),
(462, 8, 'Other Backward Class', 267, 'Chunari (267)'),
(463, 8, 'Other Backward Class', 269, 'Mahil (269)'),
(464, 8, 'Other Backward Class', 27, 'Devali (27)'),
(465, 8, 'Other Backward Class', 270, 'Maidasi (270)'),
(466, 8, 'Other Backward Class', 271, 'Mazwar (271)'),
(467, 8, 'Other Backward Class', 272, 'Matihara (272)'),
(468, 8, 'Other Backward Class', 272, 'Matiyara (272)'),
(469, 8, 'Other Backward Class', 273, 'Mankar khalu (273)'),
(470, 8, 'Other Backward Class', 274, 'Mondivar (274)'),
(471, 8, 'Other Backward Class', 274, 'Mondivara (274)'),
(472, 8, 'Other Backward Class', 275, 'Munda (275)'),
(473, 8, 'Other Backward Class', 276, 'Hajam (276)'),
(474, 8, 'Other Backward Class', 276, 'Kalseru (276)'),
(475, 8, 'Other Backward Class', 276, 'Kanshi (276)'),
(476, 8, 'Other Backward Class', 276, 'Nabhik (276)'),
(477, 8, 'Other Backward Class', 276, 'Naee (276)'),
(478, 8, 'Other Backward Class', 276, 'Navliga (276)'),
(479, 8, 'Other Backward Class', 276, 'Waland (276)'),
(480, 8, 'Other Backward Class', 277, 'Pachbhotala (277)'),
(481, 8, 'Other Backward Class', 277, 'Pachbotala (277)'),
(482, 8, 'Other Backward Class', 278, 'Padampari (278)'),
(483, 8, 'Other Backward Class', 279, 'Bhisti (279)'),
(484, 8, 'Other Backward Class', 28, 'Devadiga (28)'),
(485, 8, 'Other Backward Class', 28, 'Devdig (28)'),
(486, 8, 'Other Backward Class', 280, 'Pamula (280)'),
(487, 8, 'Other Backward Class', 281, 'Panchama (281)'),
(488, 8, 'Other Backward Class', 282, 'Panda (282)'),
(489, 8, 'Other Backward Class', 283, 'Far (283)'),
(490, 8, 'Other Backward Class', 284, 'Pinjari (284)'),
(491, 8, 'Other Backward Class', 285, 'Purwali (285)'),
(492, 8, 'Other Backward Class', 286, 'Rachbhoya (286)'),
(493, 8, 'Other Backward Class', 287, 'Rautiya (287)'),
(494, 8, 'Other Backward Class', 288, 'Sangari (288)'),
(495, 8, 'Other Backward Class', 289, 'Santal (289)'),
(496, 8, 'Other Backward Class', 290, 'Saunta or Sonta (290)'),
(497, 8, 'Other Backward Class', 291, 'Savteli (291)'),
(498, 8, 'Other Backward Class', 292, 'Sare (292)'),
(499, 8, 'Other Backward Class', 293, 'Bhavgar (293)'),
(500, 8, 'Other Backward Class', 293, 'Namdev (293)'),
(501, 8, 'Other Backward Class', 293, 'Shiv shimpi (293)'),
(502, 8, 'Other Backward Class', 294, 'Shingdav or Shingadya (294)'),
(503, 8, 'Other Backward Class', 295, 'Sindhur (295)'),
(504, 8, 'Other Backward Class', 296, 'Soren (296)'),
(505, 8, 'Other Backward Class', 297, 'Sunna (297)'),
(506, 8, 'Other Backward Class', 298, 'Sunnai (298)'),
(507, 8, 'Other Backward Class', 299, 'Bhadai (299)'),
(508, 8, 'Other Backward Class', 30, 'Dholi (30)'),
(509, 8, 'Other Backward Class', 30, 'Hashmi/ Dafali (30)'),
(510, 8, 'Other Backward Class', 300, 'Ganniga (300)'),
(511, 8, 'Other Backward Class', 300, 'Ganchi (300)'),
(512, 8, 'Other Backward Class', 301, 'Thotewadu (301)'),
(513, 8, 'Other Backward Class', 302, 'Timali (302)'),
(514, 8, 'Other Backward Class', 303, 'Valvai (303)'),
(515, 8, 'Other Backward Class', 304, 'Vadder (Kalavader or Pathrod) (304)'),
(516, 8, 'Other Backward Class', 305, 'Vanadi (305)'),
(517, 8, 'Other Backward Class', 306, 'Yenadiwadas (306)'),
(518, 8, 'Other Backward Class', 307, 'Yergolawad or Thella Pamalwadas (307)'),
(519, 8, 'Other Backward Class', 308, 'Odewar (308)'),
(520, 8, 'Other Backward Class', 309, 'Maneri (309)'),
(521, 8, 'Other Backward Class', 309, 'Maniyar (309)'),
(522, 8, 'Other Backward Class', 309, 'Manyar (309)'),
(523, 8, 'Other Backward Class', 309, 'Manyar (Bangadiwala) (309)'),
(524, 8, 'Other Backward Class', 310, 'Jatgar (310)'),
(525, 8, 'Other Backward Class', 311, 'Karadi (311)'),
(526, 8, 'Other Backward Class', 312, 'Kunkuwale (312)'),
(527, 8, 'Other Backward Class', 313, 'Khatwadhai (313)'),
(528, 8, 'Other Backward Class', 315, 'Kohali (315)'),
(529, 8, 'Other Backward Class', 316, 'Kasai (316)'),
(530, 8, 'Other Backward Class', 316, 'Khatik (316)'),
(531, 8, 'Other Backward Class', 316, 'Kureshi Khatik (316)'),
(532, 8, 'Other Backward Class', 317, 'Daangari (317)'),
(533, 8, 'Other Backward Class', 318, 'Wedu (Waghari) (318)'),
(534, 8, 'Other Backward Class', 319, 'Dhawad (319)'),
(535, 8, 'Other Backward Class', 320, 'Nirhali (Nirali) (320)'),
(536, 8, 'Other Backward Class', 321, 'Chitrakathi Hardas (321)'),
(537, 8, 'Other Backward Class', 322, 'Besta (322)'),
(538, 8, 'Other Backward Class', 322, 'Bestallu (322)'),
(539, 8, 'Other Backward Class', 322, 'Besti (322)'),
(540, 8, 'Other Backward Class', 323, 'Parivar (323)'),
(541, 8, 'Other Backward Class', 324, 'Sawaklar (324)'),
(542, 8, 'Other Backward Class', 325, 'Hanbar (325)'),
(543, 8, 'Other Backward Class', 326, 'Badgujar (326)'),
(544, 8, 'Other Backward Class', 326, 'Dode Gujar (326)'),
(545, 8, 'Other Backward Class', 326, 'Gujar (326)'),
(546, 8, 'Other Backward Class', 326, 'Leve Gujar (326)'),
(547, 8, 'Other Backward Class', 326, 'Londhari (326)'),
(548, 8, 'Other Backward Class', 326, 'Reva Gujar (326)'),
(549, 8, 'Other Backward Class', 326, 'Reve Gujar (326)'),
(550, 8, 'Other Backward Class', 326, 'Suryavanshi Gujar (326)'),
(551, 8, 'Other Backward Class', 327, 'Pahad / Pahadi (327)'),
(552, 8, 'Other Backward Class', 328, 'Gadriya (328)'),
(553, 8, 'Other Backward Class', 329, 'Machhimar (Daldi) (329)'),
(554, 8, 'Other Backward Class', 330, 'Bhaldar (330)'),
(555, 8, 'Other Backward Class', 331, 'Alkari (331)'),
(556, 8, 'Other Backward Class', 332, 'Pendhari (332)'),
(557, 8, 'Other Backward Class', 333, 'Yalam/Yelam/Yallam (333)'),
(558, 8, 'Other Backward Class', 334, 'Mahat/Mahut (334)'),
(559, 8, 'Other Backward Class', 334, 'Mahawat (334)'),
(560, 8, 'Other Backward Class', 335, 'Fakir (335)'),
(561, 8, 'Other Backward Class', 336, 'Lodh (336)'),
(562, 8, 'Other Backward Class', 336, 'Lodha (336)'),
(563, 8, 'Other Backward Class', 336, 'Lodhi (336)'),
(564, 8, 'Other Backward Class', 337, 'Nalband (337)'),
(565, 8, 'Other Backward Class', 338, 'Kulakadgi (338)'),
(566, 8, 'Other Backward Class', 338, 'Kulekadgi (338)'),
(567, 8, 'Other Backward Class', 338, 'Kullakadgi (338)'),
(568, 8, 'Other Backward Class', 338, 'Kullekadgi (338)'),
(569, 8, 'Other Backward Class', 339, 'Mujavar (339)'),
(570, 8, 'Other Backward Class', 340, 'Mulana (340)'),
(571, 8, 'Other Backward Class', 340, 'Mulane (340)'),
(572, 8, 'Other Backward Class', 340, 'Mulani (340)'),
(573, 8, 'Other Backward Class', 341, 'East Indian Christian (341)'),
(574, 8, 'Other Backward Class', 341, 'East Indian Catholic (341)'),
(575, 8, 'Other Backward Class', 341, 'East Indian (341)'),
(576, 8, 'Other Backward Class', 342, 'Nevewani (342)'),
(577, 8, 'Other Backward Class', 343, 'Ladshakhiya Wani (343)'),
(578, 8, 'Other Backward Class', 344, 'Kakar (Muslim) (344)'),
(579, 8, 'Other Backward Class', 345, 'Dorik (345)'),
(580, 8, 'Other Backward Class', 346, 'Patwa (346)'),
(581, 8, 'Other Backward Class', 347, 'Rathod (347)'),
(582, 8, 'Other Backward Class', 348, 'Marwadi Nhavi (348)'),
(583, 8, 'Other Backward Class', 349, 'Gurada-Kapu (349)'),
(584, 8, 'Other Backward Class', 349, 'Gurada-Redadi (349)'),
(585, 8, 'Other Backward Class', 349, 'Guradi (349)'),
(586, 8, 'Other Backward Class', 349, 'Guradi (349)'),
(587, 8, 'Other Backward Class', 349, 'Gurda-Kopewar (349)'),
(588, 8, 'Other Backward Class', 349, 'Gutaradi-Kapewar (349)'),
(589, 8, 'Other Backward Class', 35, 'Gandharap (35)'),
(590, 8, 'Other Backward Class', 350, 'Gawada(350)'),
(591, 8, 'Other Backward Class', 350, 'Gawade'),
(592, 8, 'Other Backward Class', 350, 'Gawada(350)'),
(593, 8, 'Other Backward Class', 350, 'Gawade'),
(594, 8, 'Other Backward Class', 36, 'Gujrath Bori (36)'),
(595, 8, 'Other Backward Class', 39, 'Gadhavi (39)'),
(596, 8, 'Other Backward Class', 4, 'Badia (4)'),
(597, 8, 'Other Backward Class', 42, 'Gochaki (42)'),
(598, 8, 'Other Backward Class', 43, 'Gurav (43)'),
(599, 8, 'Other Backward Class', 45, 'Gavandi (45)'),
(600, 8, 'Other Backward Class', 45, 'Gurjar-Kadiya (45)'),
(601, 8, 'Other Backward Class', 46, 'Halepaik (46)'),
(602, 8, 'Other Backward Class', 49, 'Jagiyasi (49)'),
(603, 8, 'Other Backward Class', 5, 'Bajania (5)'),
(604, 8, 'Other Backward Class', 50, 'Jajak (50)'),
(605, 8, 'Other Backward Class', 51, 'Jatiya (51)'),
(606, 8, 'Other Backward Class', 52, 'Jatigar (52)'),
(607, 8, 'Other Backward Class', 53, 'Javheri (53)'),
(608, 8, 'Other Backward Class', 53, 'Parjiya Soni (53)'),
(609, 8, 'Other Backward Class', 55, 'Jogin (55)'),
(610, 8, 'Other Backward Class', 56, 'Johari (56)'),
(611, 8, 'Other Backward Class', 57, 'Julaha (57)'),
(612, 8, 'Other Backward Class', 57, 'Ansari (57)'),
(613, 8, 'Other Backward Class', 58, 'Jangam (58)'),
(614, 8, 'Other Backward Class', 59, 'Chitari-Jinagar (59)'),
(615, 8, 'Other Backward Class', 6, 'Bajigar (6)'),
(616, 8, 'Other Backward Class', 60, 'Jadi (60)'),
(617, 8, 'Other Backward Class', 62, 'Kammi (62)'),
(618, 8, 'Other Backward Class', 63, 'Kapadi (63)'),
(619, 8, 'Other Backward Class', 65, 'Khati (65)'),
(620, 8, 'Other Backward Class', 69, 'Kongadi (69)'),
(621, 8, 'Other Backward Class', 7, 'Buttal (7)'),
(622, 8, 'Other Backward Class', 70, 'Korchar (70)'),
(623, 8, 'Other Backward Class', 72, 'Kachora (72)'),
(624, 8, 'Other Backward Class', 73, 'Kadera (73)'),
(625, 8, 'Other Backward Class', 74, 'Kamati (74)'),
(626, 8, 'Other Backward Class', 75, 'Kasabi (75)'),
(627, 8, 'Other Backward Class', 8, 'Bhand (8)'),
(628, 8, 'Other Backward Class', 8, 'Chappar Bhand (8)'),
(629, 8, 'Other Backward Class', 8, 'Muslim Bhand (8)'),
(630, 8, 'Other Backward Class', 80, 'Kuchbandh (80)'),
(631, 8, 'Other Backward Class', 81, 'Kuchharia (81)'),
(632, 8, 'Other Backward Class', 82, 'Kumbhar or Kumhar (82)'),
(633, 8, 'Other Backward Class', 82, 'Kumbara (82)'),
(634, 8, 'Other Backward Class', 82, 'Kumbhara (82)'),
(635, 8, 'Other Backward Class', 82, 'Kulala (82)'),
(636, 8, 'Other Backward Class', 82, 'Mulya (82)'),
(637, 8, 'Other Backward Class', 83, 'Kunbi (83)'),
(638, 8, 'Other Backward Class', 85, 'Kachi (85)'),
(639, 8, 'Other Backward Class', 86, 'Kathi (86)'),
(640, 8, 'Other Backward Class', 87, 'Kasar (87)'),
(641, 8, 'Other Backward Class', 88, 'Labha (88)'),
(642, 8, 'Other Backward Class', 89, 'Ladhiya (89)'),
(643, 8, 'Other Backward Class', 89, 'Ladiya (89)'),
(644, 8, 'Other Backward Class', 89, 'Lariya (89)'),
(645, 8, 'Other Backward Class', 9, 'Bavaiya (9)'),
(646, 8, 'Other Backward Class', 9, 'Targal (9)'),
(647, 8, 'Other Backward Class', 90, 'Ladaf (90)'),
(648, 8, 'Other Backward Class', 90, 'Mansuri (90)'),
(649, 8, 'Other Backward Class', 90, 'Laidaf (naddaf) (90)'),
(650, 8, 'Other Backward Class', 91, 'Lakheriya (91)'),
(651, 8, 'Other Backward Class', 92, '\"Hadad/Mistri (Luhar'),
(652, 8, 'Other Backward Class', 93, 'Machhi (93)'),
(653, 8, 'Other Backward Class', 94, 'Manbhav (94)'),
(654, 8, 'Other Backward Class', 94, 'Mahanubhav Bhopi (94)'),
(655, 8, 'Other Backward Class', 94, 'Manbhav Bhopi (94)'),
(656, 8, 'Other Backward Class', 96, 'Marwar bori (96)'),
(657, 8, 'Other Backward Class', 97, 'Me (97)'),
(658, 8, 'Other Backward Class', 98, 'Mina (98)'),
(659, 8, 'Other Backward Class', 99, 'Mahali (99)'),
(660, 9, 'Special Backward Class', 1, 'Gavari (1)'),
(661, 9, 'Special Backward Class', 1, 'Govari (1)'),
(662, 9, 'Special Backward Class', 0, 'Koshti (3-1)'),
(663, 9, 'Special Backward Class', 0, 'Devang (3-10)'),
(664, 9, 'Special Backward Class', 0, 'Kachi Bandhe (3-11)'),
(665, 9, 'Special Backward Class', 0, 'Patvis (3-12)'),
(666, 9, 'Special Backward Class', 0, 'Satsale (3-13)'),
(667, 9, 'Special Backward Class', 0, 'Sade (3-14)'),
(668, 9, 'Special Backward Class', 0, 'Jainkoshti (3-15)'),
(669, 9, 'Special Backward Class', 0, 'Halaba Koshti (3-2)'),
(670, 9, 'Special Backward Class', 0, 'Swakul Sali (3-4)'),
(671, 9, 'Special Backward Class', 0, 'Sali (3-4)'),
(672, 9, 'Special Backward Class', 0, 'Ladkoshti (3-5)'),
(673, 9, 'Special Backward Class', 0, 'Gaddhewal Koshti (3-6)'),
(674, 9, 'Special Backward Class', 0, 'Deshkar (3-7)'),
(675, 9, 'Special Backward Class', 0, 'Chanevar (3-9)'),
(676, 9, 'Special Backward Class', 0, 'Chenevar (3-9)'),
(677, 9, 'Special Backward Class', 0, 'Chennevar (3-9)'),
(678, 9, 'Special Backward Class', 0, 'Salevar (3-9)'),
(679, 9, 'Special Backward Class', 0, 'Padmashali (3-9)'),
(680, 9, 'Special Backward Class', 0, 'Machchhi 4(15)'),
(681, 9, 'Special Backward Class', 0, 'Mitna 4(15)'),
(682, 9, 'Special Backward Class', 0, 'Machchhi-Mitna 4(15)'),
(683, 9, 'Special Backward Class', 0, 'Machchhi 4(15)'),
(684, 9, 'Special Backward Class', 0, 'Mitna 4(15)'),
(685, 9, 'Special Backward Class', 0, 'Machchhi-Mitna 4(15)'),
(686, 9, 'Special Backward Class', 0, 'Koli and similar castes (4-1)'),
(687, 9, 'Special Backward Class', 0, 'Mangela (4-10)'),
(688, 9, 'Special Backward Class', 0, 'Sonkoli (4-11)'),
(689, 9, 'Special Backward Class', 0, 'Vaiti (4-12)'),
(690, 9, 'Special Backward Class', 0, 'Kharava (4-13)'),
(691, 9, 'Special Backward Class', 0, 'Kharavi (4-13)'),
(692, 9, 'Special Backward Class', 0, 'Kolis excluded in Sheduled Caste (4-14)'),
(693, 9, 'Special Backward Class', 0, 'Machhimar Koli (4-2)'),
(694, 9, 'Special Backward Class', 0, 'Ahir Koli (4-3)'),
(695, 9, 'Special Backward Class', 0, 'Khandeshi Koli (4-4)'),
(696, 9, 'Special Backward Class', 0, 'Paankoli (4-5)'),
(697, 9, 'Special Backward Class', 0, 'Christian Koli (4-6)'),
(698, 9, 'Special Backward Class', 0, 'Chumbale Koli (4-7)'),
(699, 9, 'Special Backward Class', 0, 'Paanbhare Koli (4-8)'),
(700, 9, 'Special Backward Class', 0, 'Koli Suryavanshi (4-9)'),
(701, 9, 'Special Backward Class', 0, 'Munnerwar (5-1)'),
(702, 9, 'Special Backward Class', 0, 'Telagu Phulmali (5-10)'),
(703, 9, 'Special Backward Class', 0, 'Munnurwar (5-2)'),
(704, 9, 'Special Backward Class', 0, 'Munnur (5-3)'),
(705, 9, 'Special Backward Class', 0, 'Telagu Munnur (5-4)'),
(706, 9, 'Special Backward Class', 0, 'Munnurwar Telagu (5-5)'),
(707, 9, 'Special Backward Class', 0, 'Telagu Kapevar (5-8)'),
(708, 9, 'Special Backward Class', 0, 'Munnarvad (5-9)'),
(709, 9, 'Special Backward Class', 6, 'Gabit (6)'),
(710, 9, 'Special Backward Class', 7, 'Mehatar (7)'),
(711, 9, 'Special Backward Class', 7, 'Lalbeg (7)'),
(712, 9, 'Special Backward Class', 7, 'Khakrob (7)'),
(713, 9, 'Special Backward Class', 7, 'Bhangi (Muslim) (7)'),
(714, 9, 'Special Backward Class', 7, 'Halalkhor (7)'),
(715, 3, 'Scheduled Tribes', 1, 'Andh'),
(716, 3, 'Scheduled Tribes', 10, 'Ma-Thakur'),
(717, 3, 'Scheduled Tribes', 10, 'Binjhwar'),
(718, 3, 'Scheduled Tribes', 100, 'Hindu Dubla'),
(719, 3, 'Scheduled Tribes', 11, 'Birhul'),
(720, 3, 'Scheduled Tribes', 11, 'Birhor'),
(721, 3, 'Scheduled Tribes', 13, 'Dhanka'),
(722, 3, 'Scheduled Tribes', 13, 'Tadvi'),
(723, 3, 'Scheduled Tribes', 13, 'Tetaria'),
(724, 3, 'Scheduled Tribes', 13, 'Valvi'),
(725, 3, 'Scheduled Tribes', 14, 'Dhanwar'),
(726, 3, 'Scheduled Tribes', 15, 'Dhodia'),
(727, 3, 'Scheduled Tribes', 16, 'Dubla Talavia'),
(728, 3, 'Scheduled Tribes', 16, 'Halpati'),
(729, 3, 'Scheduled Tribes', 17, 'Gamit'),
(730, 3, 'Scheduled Tribes', 17, 'Gamta'),
(731, 3, 'Scheduled Tribes', 17, 'Gavit'),
(732, 3, 'Scheduled Tribes', 17, 'Mavchi'),
(733, 3, 'Scheduled Tribes', 17, 'Padvi'),
(734, 3, 'Scheduled Tribes', 18, 'Gond'),
(735, 3, 'Scheduled Tribes', 18, 'Rajgond'),
(736, 3, 'Scheduled Tribes', 18, 'Arakh'),
(737, 3, 'Scheduled Tribes', 18, 'Arrakh'),
(738, 3, 'Scheduled Tribes', 18, 'Agaria'),
(739, 3, 'Scheduled Tribes', 18, 'Asur'),
(740, 3, 'Scheduled Tribes', 18, 'Bedi Maria'),
(741, 3, 'Scheduled Tribes', 18, 'Bada Maria'),
(742, 3, 'Scheduled Tribes', 18, 'Bhatola'),
(743, 3, 'Scheduled Tribes', 18, 'Bhimma'),
(744, 3, 'Scheduled Tribes', 18, 'Bhuta'),
(745, 3, 'Scheduled Tribes', 18, 'Koilabhuta'),
(746, 3, 'Scheduled Tribes', 18, 'Koilabhuti'),
(747, 3, 'Scheduled Tribes', 18, 'Bhar'),
(748, 3, 'Scheduled Tribes', 18, 'Bisonhorn Maria'),
(749, 3, 'Scheduled Tribes', 18, 'Chota Maria'),
(750, 3, 'Scheduled Tribes', 18, 'Dandami Maria'),
(751, 3, 'Scheduled Tribes', 18, 'Dhuru'),
(752, 3, 'Scheduled Tribes', 18, 'Dhurwa'),
(753, 3, 'Scheduled Tribes', 18, 'Dhoba'),
(754, 3, 'Scheduled Tribes', 18, 'Dhulia'),
(755, 3, 'Scheduled Tribes', 18, 'Dorla'),
(756, 3, 'Scheduled Tribes', 18, 'Kaiki'),
(757, 3, 'Scheduled Tribes', 18, 'Gatta'),
(758, 3, 'Scheduled Tribes', 18, 'Gatti'),
(759, 3, 'Scheduled Tribes', 18, 'Gaita'),
(760, 3, 'Scheduled Tribes', 18, 'Gond Gowari'),
(761, 3, 'Scheduled Tribes', 18, 'Hill Maria'),
(762, 3, 'Scheduled Tribes', 18, 'Kandara Kalanga'),
(763, 3, 'Scheduled Tribes', 18, 'Khatola'),
(764, 3, 'Scheduled Tribes', 18, 'Koitar'),
(765, 3, 'Scheduled Tribes', 18, 'Koya'),
(766, 3, 'Scheduled Tribes', 18, 'Khirwar'),
(767, 3, 'Scheduled Tribes', 18, 'Khirwara'),
(768, 3, 'Scheduled Tribes', 18, 'Kucha Maria'),
(769, 3, 'Scheduled Tribes', 18, 'Kuchaki Maria'),
(770, 3, 'Scheduled Tribes', 18, 'Media'),
(771, 3, 'Scheduled Tribes', 18, 'Maria'),
(772, 3, 'Scheduled Tribes', 18, 'Mana'),
(773, 3, 'Scheduled Tribes', 18, 'Meannewar'),
(774, 3, 'Scheduled Tribes', 18, 'Moghya'),
(775, 3, 'Scheduled Tribes', 18, 'Mogia Moghya'),
(776, 3, 'Scheduled Tribes', 18, 'Mudia'),
(777, 3, 'Scheduled Tribes', 18, 'Muria'),
(778, 3, 'Scheduled Tribes', 18, 'Nagarchi'),
(779, 3, 'Scheduled Tribes', 18, 'Nagarchi'),
(780, 3, 'Scheduled Tribes', 18, 'Naikpod'),
(781, 3, 'Scheduled Tribes', 18, 'Nagwanshi'),
(782, 3, 'Scheduled Tribes', 18, 'Ojha'),
(783, 3, 'Scheduled Tribes', 18, 'Raj Sonjhari Jhareka'),
(784, 3, 'Scheduled Tribes', 18, 'Thatia'),
(785, 3, 'Scheduled Tribes', 18, 'Thotya'),
(786, 3, 'Scheduled Tribes', 18, 'Wade Maria'),
(787, 3, 'Scheduled Tribes', 18, 'Vade Maria.'),
(788, 3, 'Scheduled Tribes', 19, 'Halba'),
(789, 3, 'Scheduled Tribes', 19, 'Halbi'),
(790, 3, 'Scheduled Tribes', 2, 'Baiga'),
(791, 3, 'Scheduled Tribes', 20, 'Kamar'),
(792, 3, 'Scheduled Tribes', 21, 'Kathodi'),
(793, 3, 'Scheduled Tribes', 21, 'Katkari'),
(794, 3, 'Scheduled Tribes', 21, 'Dhor Kathodi'),
(795, 3, 'Scheduled Tribes', 21, 'Dhor Kathkari'),
(796, 3, 'Scheduled Tribes', 21, 'Son Kathodi'),
(797, 3, 'Scheduled Tribes', 21, 'Son Katkari'),
(798, 3, 'Scheduled Tribes', 22, 'Kawar'),
(799, 3, 'Scheduled Tribes', 22, 'Kanwar'),
(800, 3, 'Scheduled Tribes', 22, 'Kaur'),
(801, 3, 'Scheduled Tribes', 22, 'Cherwa'),
(802, 3, 'Scheduled Tribes', 22, 'Rathia'),
(803, 3, 'Scheduled Tribes', 22, 'Tanwar'),
(804, 3, 'Scheduled Tribes', 22, 'Chattri'),
(805, 3, 'Scheduled Tribes', 23, 'Khairwar'),
(806, 3, 'Scheduled Tribes', 24, 'Kharia'),
(807, 3, 'Scheduled Tribes', 25, 'Kokna'),
(808, 3, 'Scheduled Tribes', 25, 'Kokni'),
(809, 3, 'Scheduled Tribes', 25, 'Kukna'),
(810, 3, 'Scheduled Tribes', 26, 'Kol'),
(811, 3, 'Scheduled Tribes', 27, 'Kolam'),
(812, 3, 'Scheduled Tribes', 27, 'Mannervarlu'),
(813, 3, 'Scheduled Tribes', 28, 'Koli dhor'),
(814, 3, 'Scheduled Tribes', 28, 'Tokre Koli'),
(815, 3, 'Scheduled Tribes', 28, 'Kolcha'),
(816, 3, 'Scheduled Tribes', 28, 'Kolgha'),
(817, 3, 'Scheduled Tribes', 29, 'Koli Mahadeo'),
(818, 3, 'Scheduled Tribes', 29, 'Dongar Koli'),
(819, 3, 'Scheduled Tribes', 3, 'Barda'),
(820, 3, 'Scheduled Tribes', 30, 'Koli Malhar'),
(821, 3, 'Scheduled Tribes', 31, 'Kondh'),
(822, 3, 'Scheduled Tribes', 31, 'Khond'),
(823, 3, 'Scheduled Tribes', 31, 'Kandh'),
(824, 3, 'Scheduled Tribes', 32, 'Korku'),
(825, 3, 'Scheduled Tribes', 32, 'Bopchi'),
(826, 3, 'Scheduled Tribes', 32, 'Mouasi'),
(827, 3, 'Scheduled Tribes', 32, 'Nihal'),
(828, 3, 'Scheduled Tribes', 32, 'Nahul'),
(829, 3, 'Scheduled Tribes', 32, 'Bondhi'),
(830, 3, 'Scheduled Tribes', 32, 'Bondeya'),
(831, 3, 'Scheduled Tribes', 33, 'Bhine Koya'),
(832, 3, 'Scheduled Tribes', 33, 'Rajkoya'),
(833, 3, 'Scheduled Tribes', 34, 'Nagasia'),
(834, 3, 'Scheduled Tribes', 34, 'Nagesia'),
(835, 3, 'Scheduled Tribes', 35, 'Naikda'),
(836, 3, 'Scheduled Tribes', 35, 'Nayaka'),
(837, 3, 'Scheduled Tribes', 35, 'Cholivala Nayaka'),
(838, 3, 'Scheduled Tribes', 35, 'Kapadia Nayaka'),
(839, 3, 'Scheduled Tribes', 35, 'Mota Nayaka'),
(840, 3, 'Scheduled Tribes', 35, 'Nana Nayaka'),
(841, 3, 'Scheduled Tribes', 36, 'Oraon'),
(842, 3, 'Scheduled Tribes', 36, 'Dhangad'),
(843, 3, 'Scheduled Tribes', 37, 'Pardhan'),
(844, 3, 'Scheduled Tribes', 37, 'Pathari'),
(845, 3, 'Scheduled Tribes', 37, 'Saroti'),
(846, 3, 'Scheduled Tribes', 38, 'Pardhi'),
(847, 3, 'Scheduled Tribes', 38, 'Advichincher'),
(848, 3, 'Scheduled Tribes', 38, 'Phans Pardhi'),
(849, 3, 'Scheduled Tribes', 38, 'Phanse Pardhi'),
(850, 3, 'Scheduled Tribes', 38, 'Langoli Pardhi'),
(851, 3, 'Scheduled Tribes', 38, 'Behelia'),
(852, 3, 'Scheduled Tribes', 38, 'Behellia'),
(853, 3, 'Scheduled Tribes', 38, 'Chita Pardhi'),
(854, 3, 'Scheduled Tribes', 38, 'Shikari'),
(855, 3, 'Scheduled Tribes', 38, 'Takankar'),
(856, 3, 'Scheduled Tribes', 38, 'Takia'),
(857, 3, 'Scheduled Tribes', 39, 'Parja'),
(858, 3, 'Scheduled Tribes', 4, 'Bavacha'),
(859, 3, 'Scheduled Tribes', 40, 'Patelia'),
(860, 3, 'Scheduled Tribes', 41, 'Pomla'),
(861, 3, 'Scheduled Tribes', 42, 'Rathwa'),
(862, 3, 'Scheduled Tribes', 43, 'Sawar'),
(863, 3, 'Scheduled Tribes', 43, 'Sawara'),
(864, 3, 'Scheduled Tribes', 44, 'Thakur'),
(865, 3, 'Scheduled Tribes', 44, 'Thakar'),
(866, 3, 'Scheduled Tribes', 44, 'Ka Thakar'),
(867, 3, 'Scheduled Tribes', 44, 'Ma Thakur'),
(868, 3, 'Scheduled Tribes', 44, 'Ma Thakar'),
(869, 3, 'Scheduled Tribes', 46, 'Warli'),
(870, 3, 'Scheduled Tribes', 47, 'Vitolia'),
(871, 3, 'Scheduled Tribes', 47, 'Kotwalia'),
(872, 3, 'Scheduled Tribes', 47, 'Barodia'),
(873, 3, 'Scheduled Tribes', 48, 'Pawra'),
(874, 3, 'Scheduled Tribes', 5, 'Bamcha'),
(875, 3, 'Scheduled Tribes', 6, 'Bhaina'),
(876, 3, 'Scheduled Tribes', 7, 'Bharia Bhumia'),
(877, 3, 'Scheduled Tribes', 7, 'Bhattra'),
(878, 3, 'Scheduled Tribes', 8, 'Bhil'),
(879, 3, 'Scheduled Tribes', 8, 'Bhil garasia'),
(880, 3, 'Scheduled Tribes', 8, 'Dholi'),
(881, 3, 'Scheduled Tribes', 8, 'Dangri Bhil'),
(882, 3, 'Scheduled Tribes', 8, 'Dungri'),
(883, 3, 'Scheduled Tribes', 8, 'Garasia'),
(884, 3, 'Scheduled Tribes', 8, 'Mewsi Bhil'),
(885, 3, 'Scheduled Tribes', 8, 'Rawal Bhil'),
(886, 3, 'Scheduled Tribes', 8, 'Tadvi Bhil'),
(887, 3, 'Scheduled Tribes', 8, 'Bhagalia'),
(888, 3, 'Scheduled Tribes', 8, 'Bhilala Pawra'),
(889, 3, 'Scheduled Tribes', 8, 'Vasava'),
(890, 3, 'Scheduled Tribes', 8, 'Vasave'),
(891, 3, 'Scheduled Tribes', 8, 'Bhuinhar Bhumia'),
(892, 3, 'Scheduled Tribes', 9, 'Pando'),
(893, 3, 'Scheduled Tribes', 9, 'Bhunjia'),
(894, 7, 'Nomadic Tribes-3( NT-D)', 30, 'Vanjar'),
(895, 7, 'Nomadic Tribes-3( NT-D)', 30, 'Vanjara'),
(896, 6, 'Nomadic Tribes-2( NT-C)', 29, 'Dhangar'),
(897, 6, 'Nomadic Tribes-2( NT-C)', 29, 'Ahir'),
(898, 6, 'Nomadic Tribes-2( NT-C)', 29, 'Dange'),
(899, 6, 'Nomadic Tribes-2( NT-C)', 29, 'Gatari'),
(900, 6, 'Nomadic Tribes-2( NT-C)', 29, ' Hande '),
(901, 6, 'Nomadic Tribes-2( NT-C)', 29, ' Telwar'),
(902, 6, 'Nomadic Tribes-2( NT-C)', 29, 'Hatkar'),
(903, 6, 'Nomadic Tribes-2( NT-C)', 29, 'Haatkar '),
(904, 6, 'Nomadic Tribes-2( NT-C)', 29, 'Shegar'),
(905, 6, 'Nomadic Tribes-2( NT-C)', 29, 'Sagar'),
(906, 6, 'Nomadic Tribes-2( NT-C)', 29, 'Segar'),
(907, 6, 'Nomadic Tribes-2( NT-C)', 29, 'Khutekar '),
(908, 6, 'Nomadic Tribes-2( NT-C)', 29, 'Telangi'),
(909, 6, 'Nomadic Tribes-2( NT-C)', 29, 'Tellari'),
(910, 6, 'Nomadic Tribes-2( NT-C)', 29, 'Kokani-Dhangar'),
(911, 6, 'Nomadic Tribes-2( NT-C)', 29, 'Kanade '),
(912, 6, 'Nomadic Tribes-2( NT-C)', 29, 'Varhade Dhangar'),
(913, 6, 'Nomadic Tribes-2( NT-C)', 29, 'Zade '),
(914, 6, 'Nomadic Tribes-2( NT-C)', 29, 'Zende'),
(915, 6, 'Nomadic Tribes-2( NT-C)', 29, 'Kurmaar'),
(916, 6, 'Nomadic Tribes-2( NT-C)', 29, 'Mahure'),
(917, 6, 'Nomadic Tribes-2( NT-C)', 29, 'Laadse'),
(918, 6, 'Nomadic Tribes-2( NT-C)', 29, 'Sanagar'),
(919, 6, 'Nomadic Tribes-2( NT-C)', 29, 'Dhanavar'),
(920, 6, 'Nomadic Tribes-2( NT-C)', 29, 'Gadariya'),
(921, 6, 'Nomadic Tribes-2( NT-C)', 29, 'Gadri'),
(922, 6, 'Nomadic Tribes-2( NT-C)', 29, 'Gadhhari'),
(923, 6, 'Nomadic Tribes-2( NT-C)', 29, 'Dange-Dhangar '),
(924, 6, 'Nomadic Tribes-2( NT-C)', 29, 'Dongari Dhangar');

-- --------------------------------------------------------

--
-- Table structure for table `caste_vj_dt`
--

CREATE TABLE `caste_vj_dt` (
  `id` int(11) NOT NULL,
  `caste_category_id` int(11) NOT NULL,
  `sn_no` int(20) DEFAULT NULL,
  `name_vj_tribe` varchar(100) DEFAULT NULL,
  `sn` varchar(100) DEFAULT NULL,
  `akin_tribe` varchar(100) DEFAULT NULL,
  `remarks` varchar(100) DEFAULT NULL
) ENGINE=InnoDB DEFAULT CHARSET=latin1 ROW_FORMAT=COMPACT;

--
-- Dumping data for table `caste_vj_dt`
--

INSERT INTO `caste_vj_dt` (`id`, `caste_category_id`, `sn_no`, `name_vj_tribe`, `sn`, `akin_tribe`, `remarks`) VALUES
(1, 4, 1, 'Berad', '1.A', '-', '-'),
(2, 4, 1, '-', '1.B', 'Naikwadi', '-'),
(3, 4, 1, '-', '1.C', 'Talwar', '-'),
(4, 4, 1, '-', '1.D', 'Walmiki', '-'),
(5, 4, 2, 'Bestar', '2', 'SanchaluVaddar', '-'),
(6, 4, 3, 'Bhamata', '3.A', 'Bhamati', '-'),
(7, 4, 3, '-', '3.B', 'Girni Vaddar', '-'),
(8, 4, 3, '-', '3.C', 'Kamati', '-'),
(9, 4, 3, '-', '3.D', 'Patharut', '-'),
(10, 4, 3, '-', '3.E', 'Takari (incl Muslims)', '-'),
(11, 4, 3, '-', '3.F', 'Uchale', '-'),
(12, 4, 3, '-', '3.G', 'Ghantichor', '-'),
(13, 4, 4, 'Kaikadi', '4.A', 'Dhontale', '-'),
(14, 4, 4, '-', '4.B', 'Korva', '-'),
(15, 4, 4, '-', '4.C', 'Makadwale or Kunchi Korva', '-'),
(16, 4, 4, '-', '4.D', 'Pamlor', '-'),
(17, 4, 4, '-', '4.E', 'Korvi', '-'),
(18, 4, 5, 'Kanjarbhat', '5.A', 'Chhara', '-'),
(19, 4, 5, '-', '5.B', 'Kanjar', '-'),
(20, 4, 5, '-', '5.C', 'Nat', '-'),
(21, 4, 6, 'Katabu', '-', '-', '-'),
(22, 4, 7, 'Banjara', '7.A', 'Gor Banjara', '-'),
(23, 4, 7, '-', '7.B', 'Lambada / Lambara', '-'),
(24, 4, 7, '-', '7.C', 'Lambhani', '-'),
(25, 4, 7, '-', '7.D', 'Charan Banjara', '-'),
(26, 4, 7, '-', '7.E', 'Labhan', '-'),
(27, 4, 7, '-', '7.F', 'Madhura Labhan', '-'),
(28, 4, 7, '-', '7.G', 'Kachakiwale Banjara', '-'),
(29, 4, 7, '-', '7.H', 'Laman Banjara', '-'),
(30, 4, 7, '-', '7.I', 'Laman/Lamani', '-'),
(31, 4, 7, '-', '7.J', 'Laban', '-'),
(32, 4, 7, '-', '7.K', '-', '-'),
(33, 4, 7, '-', '7.L', 'Dhali /Dhalia', '-'),
(34, 4, 7, '-', '7.M', 'Dhadi /Dhari', '-'),
(35, 4, 7, '-', '7.N', 'Singari', '-'),
(36, 4, 7, '-', '7.O', 'Navi Banjara', '-'),
(37, 4, 7, '-', '7.P', 'Jogi Banjara', '-'),
(38, 4, 7, '-', '7.Q', '-', '-'),
(39, 4, 7, '-', '7.R', '-', '-'),
(40, 4, 7, '-', '7.S', 'Banjari', '-'),
(41, 4, 8, '***', '-', 'Pal Pardhi', '-'),
(42, 4, 9, 'Raj Pardhi', '9.A', '****', '-'),
(43, 4, 9, '-', '9.B', 'Gaon Pardhi', '-'),
(44, 4, 9, '-', '9.C', 'Haran Shikari', '-'),
(45, 4, 9, '-', '9.D', '****', '-'),
(46, 4, 10, 'Rajput Bhamta', '10.A', 'Pardeshi Bhaamta', '-'),
(47, 4, 10, '-', '10.B', 'Pardeshi Bhamti', '-'),
(48, 4, 11, 'Ramoshi', '-', '-', '-'),
(49, 4, 12, 'Vadar', '12.A', 'Gadi Vaddar', '-'),
(50, 4, 12, '-', '12.B', 'Jaati Vaddar', '-'),
(51, 4, 12, '-', '12.C', 'Mati Vaddar', '-'),
(52, 4, 12, '-', '12.D', 'Patharwat', '-'),
(53, 4, 12, '-', '12.E', 'Sangtarash / Dagadfodu', '-'),
(54, 4, 12, '-', '12.F', 'Vaddar', '-'),
(55, 4, 13, 'Waghari', '13.A', 'Salaat', '-'),
(56, 4, 13, '-', '13', 'Salaat Waghari', '-'),
(57, 4, 14, 'Chhapparband', '-', '-', '-'),
(58, 4, 14, '(incl Muslims)', '-', '-', '-');

-- --------------------------------------------------------

--
-- Table structure for table `course`
--

CREATE TABLE `course` (
  `course_id` int(11) NOT NULL,
  `course_code` varchar(10) NOT NULL,
  `course_name` varchar(50) NOT NULL,
  `course_lectures` int(11) NOT NULL DEFAULT '0',
  `course_practicals` int(11) NOT NULL DEFAULT '0',
  `course_tutorials` int(11) NOT NULL DEFAULT '0',
  `course_total_teaching_hrs` int(11) NOT NULL DEFAULT '0',
  `course_th` varchar(10) NOT NULL DEFAULT '0,0' COMMENT 'contains comma seprated Marks in order (Max, Min)',
  `course_ts` varchar(10) NOT NULL DEFAULT '0,0' COMMENT 'contains comma seprated Marks in order (Max, Min)',
  `course_pr` varchar(10) NOT NULL DEFAULT '0,0' COMMENT 'contains comma seprated Marks in order (Max, Min)',
  `course_or` varchar(10) NOT NULL DEFAULT '0,0' COMMENT 'contains comma seprated Marks in order (Max, Min)',
  `course_tw` varchar(10) NOT NULL DEFAULT '0,0' COMMENT 'contains comma seprated Marks in order (Max, Min)',
  `cource_credit` int(11) NOT NULL,
  `course_level` int(1) NOT NULL,
  `course_scheme_id` int(11) DEFAULT NULL,
  `course_total_marks` int(11) NOT NULL DEFAULT '0'
) ENGINE=InnoDB DEFAULT CHARSET=latin1;

--
-- Dumping data for table `course`
--

INSERT INTO `course` (`course_id`, `course_code`, `course_name`, `course_lectures`, `course_practicals`, `course_tutorials`, `course_total_teaching_hrs`, `course_th`, `course_ts`, `course_pr`, `course_or`, `course_tw`, `cource_credit`, `course_level`, `course_scheme_id`, `course_total_marks`) VALUES
(1, 'HU16101', 'Basics Of Communication ', 2, 0, 1, 3, '28,70', '12,30', '0,0', '0,0', '0,0', 3, 1, 1, 100),
(2, 'SC16107', 'Mathematics I ', 3, 0, 1, 4, '28,70', '12,30', '0,0', '0,0', '0,0', 4, 1, 1, 100),
(3, 'SC16106', 'Chemistry Of Engineering Materials ', 3, 2, 0, 5, '28,70', '12,30', '0,0', '0,0', '25,50', 5, 1, 1, 150),
(4, 'EE16201', 'Fundamentals Of Electrical Engineering', 3, 2, 0, 5, '28,70', '12,30', '0,0', '10,25', '10,25', 5, 2, 1, 150),
(5, 'ME16201', 'Engineering Drawing I', 2, 4, 0, 6, '0,0', '0,0', '20,50', '0,0', '20,50', 6, 2, 1, 100),
(6, 'HU16103', 'Generic Skills', 0, 0, 2, 2, '0,0', '0,0', '0,0', '20,50', '0,0', 2, 1, 1, 50),
(7, 'IT16201', 'Basics Of Information Technology ', 1, 4, 0, 5, '0,0', '0,0', '20,50', '0,0', '20,50', 5, 2, 1, 100),
(8, 'HU16102', 'Communication Skills ', 0, 0, 2, 2, '0,0', '0,0', '0,0', '20,50', '0,0', 2, 1, 1, 50),
(9, 'SC16108', 'Mathematics 2', 3, 0, 1, 4, '28,70', '12,30', '0,0', '0,0', '0,0', 4, 1, 1, 100),
(10, 'SC16104', 'Engineering Physics ', 3, 2, 0, 5, '28,70', '12,30', '0,0', '0,0', '20,50', 5, 1, 1, 150),
(11, 'IT16202', 'Programming In C', 3, 4, 0, 7, '28,70', '12,30', '20,50', '0,0', '0,0', 7, 2, 1, 150),
(12, 'EC16204', 'Basics Of Electronics Engineering', 3, 2, 0, 5, '28,70', '12,30', '20,50', '0,0', '0,0', 5, 2, 1, 150),
(13, 'HU16104', 'Environmental Studies', 0, 0, 2, 2, '0,0', '0,0', '0,0', '10,25', '10,25', 2, 1, 1, 50),
(14, 'IT16203', 'Web Technology', 1, 4, 0, 5, '0,0', '0,0', '20,50', '0,0', '20,50', 5, 2, 1, 100),
(15, 'IT16204', 'Digital Techniques', 3, 2, 0, 5, '28,70', '12,30', '20,50', '0,0', '0,0', 5, 2, 1, 150),
(16, 'IT16301', 'Professional Practice', 0, 2, 0, 2, '0,0', '0,0', '0,0', '0,0', '20,50', 2, 3, 1, 50),
(17, 'IT16205', 'Data Communication', 3, 2, 0, 5, '28,70', '12,30', '0,0', '20,50', '0,0', 5, 2, 1, 150),
(18, 'IT16302', 'Computer Peripheral And Maintenance', 2, 2, 0, 4, '20,50', '0,0', '20,50', '0,0', '0,0', 4, 3, 1, 100),
(19, 'IT16206', 'Object Oriented Programming Using CPP', 3, 4, 0, 7, '28,70', '12,30', '20,50', '0,0', '0,0', 7, 2, 1, 150),
(20, 'IT16303', 'Database Management System ', 3, 4, 0, 7, '28,70', '12,30', '0,0', '20,50', '0,0', 7, 3, 1, 150),
(21, 'IT16304', 'Uid Programming', 1, 4, 0, 5, '0,0', '0,0', '20,50', '0,0', '20,50', 5, 3, 1, 100),
(22, 'IT16305', 'Data Structure And Applications', 3, 2, 0, 5, '28,70', '12,30', '20,50', '0,0', '0,0', 5, 3, 1, 150),
(23, 'CO16205', 'Microprocessor', 3, 2, 0, 5, '28,70', '12,30', '20,50', '0,0', '0,0', 5, 2, 1, 150),
(24, 'IT16306', 'Computer Networking', 3, 2, 0, 5, '28,70', '12,30', '0,0', '10,25', '0,0', 5, 3, 1, 125),
(25, 'CO16307', 'Java Programming', 3, 4, 0, 7, '28,70', '12,30', '20,50', '0,0', '0,0', 7, 3, 1, 150),
(26, 'IT16307', 'Multimedia Techniques', 1, 4, 0, 5, '0,0', '0,0', '20,50', '0,0', '10,25', 5, 3, 1, 75),
(27, 'IT16308', 'Operating System', 3, 2, 0, 5, '28,70', '12,30', '20,50', '0,0', '0,0', 5, 3, 1, 150),
(28, 'MG16502', 'Entrepreneurship Development', 1, 0, 2, 3, '0,0', '0,0', '0,0', '10,25', '10,25', 3, 5, 1, 50),
(29, 'IT16309', 'Information Security', 3, 0, 0, 3, '28,70', '12,30', '0,0', '0,0', '0,0', 3, 3, 1, 100),
(30, 'CO16501', 'Software Engineering', 3, 0, 0, 3, '28,70', '12,30', '0,0', '0,0', '0,0', 3, 5, 1, 100),
(31, 'IT16314', 'Advanced Java Programming', 3, 4, 0, 7, '28,70', '12,30', '20,50', '0,0', '0,0', 7, 3, 1, 150),
(32, 'IT16310', 'Linux Operating System', 3, 2, 0, 5, '28,70', '12,30', '20,50', '0,0', '0,0', 5, 3, 1, 150),
(33, 'IT16401', 'Python Programming', 3, 2, 0, 5, '28,70', '12,30', '20,50', '0,0', '0,0', 5, 4, 1, 150),
(34, 'IT16312', 'Project And Seminar Stage-1', 0, 4, 0, 4, '0,0', '0,0', '0,0', '20,50', '0,0', 4, 3, 1, 50),
(35, 'IT16311', 'Advanced Web Technology', 0, 4, 0, 4, '0,0', '0,0', '20,50', '0,0', '20,50', 4, 3, 1, 100),
(36, 'IT16313', 'Industrial Training', 0, 4, 0, 4, '0,0', '0,0', '0,0', '20,50', '20,50', 4, 3, 1, 100);

-- --------------------------------------------------------

--
-- Table structure for table `course_reg`
--

CREATE TABLE `course_reg` (
  `course_reg_id` int(11) NOT NULL,
  `course_reg_student_id` int(11) NOT NULL,
  `course_reg_course_id` int(11) NOT NULL,
  `course_reg_date` timestamp NOT NULL DEFAULT CURRENT_TIMESTAMP ON UPDATE CURRENT_TIMESTAMP,
  `course_reg_examstatus` int(11) NOT NULL DEFAULT '0'
) ENGINE=InnoDB DEFAULT CHARSET=latin1;

--
-- Dumping data for table `course_reg`
--

INSERT INTO `course_reg` (`course_reg_id`, `course_reg_student_id`, `course_reg_course_id`, `course_reg_date`, `course_reg_examstatus`) VALUES
(1, 1, 1, '2019-01-01 17:59:51', 2),
(2, 1, 2, '2019-01-01 18:12:46', 2),
(3, 1, 3, '2019-01-01 18:15:01', 2),
(4, 1, 4, '2019-01-01 18:20:44', 2),
(5, 1, 5, '2019-01-04 04:14:46', 2),
(6, 1, 6, '2019-01-01 17:44:02', 2),
(7, 1, 7, '2019-01-02 12:39:56', 2),
(8, 2, 1, '2019-01-02 15:41:52', 1),
(9, 2, 2, '2019-01-01 18:12:46', 2),
(10, 2, 3, '2019-01-01 18:15:01', 2),
(11, 2, 4, '2019-01-01 18:20:44', 2),
(12, 2, 5, '2019-01-01 17:32:22', 4),
(13, 2, 6, '2019-01-01 17:44:03', 2),
(14, 2, 7, '2019-01-02 12:39:56', 2),
(15, 3, 1, '2019-01-01 17:59:51', 2),
(16, 3, 2, '2019-01-01 18:12:46', 2),
(17, 3, 3, '2019-01-01 18:15:01', 2),
(18, 3, 4, '2019-01-01 18:20:44', 2),
(19, 3, 5, '2019-01-01 17:32:22', 2),
(20, 3, 6, '2019-01-01 17:44:03', 2),
(21, 3, 7, '2019-01-02 12:39:56', 2),
(22, 4, 1, '2019-01-01 17:59:51', 2),
(23, 4, 2, '2019-01-01 18:12:46', 2),
(24, 4, 3, '2019-01-01 18:15:01', 2),
(25, 4, 4, '2019-01-01 17:22:40', 4),
(26, 4, 5, '2019-01-04 04:14:46', 2),
(27, 4, 6, '2019-01-01 17:44:03', 2),
(28, 4, 7, '2019-01-02 12:39:56', 2),
(29, 5, 1, '2019-01-02 15:45:58', 1),
(30, 5, 2, '2019-01-01 18:12:46', 2),
(31, 5, 3, '2019-01-01 18:15:01', 2),
(32, 5, 4, '2019-01-01 18:20:44', 2),
(33, 5, 5, '2019-01-01 17:32:23', 2),
(34, 5, 6, '2019-01-04 06:22:29', 2),
(35, 5, 7, '2019-01-02 12:39:57', 2),
(36, 6, 1, '2019-01-01 17:59:51', 4),
(37, 6, 2, '2019-01-01 18:12:46', 2),
(38, 6, 3, '2019-01-01 18:15:01', 2),
(39, 6, 4, '2019-01-01 18:20:44', 2),
(40, 6, 5, '2019-01-01 17:32:23', 2),
(41, 6, 6, '2019-01-01 17:44:03', 2),
(42, 6, 7, '2019-01-02 12:39:57', 2),
(43, 7, 1, '2019-01-02 15:47:07', 1),
(44, 7, 2, '2019-01-01 18:12:46', 2),
(45, 7, 3, '2019-01-01 18:15:01', 2),
(46, 7, 4, '2019-01-01 18:20:44', 2),
(47, 7, 5, '2019-01-01 17:32:23', 2),
(48, 7, 6, '2019-01-01 17:44:04', 2),
(49, 7, 7, '2019-01-02 12:39:57', 2),
(50, 8, 1, '2019-01-01 17:59:51', 2),
(51, 8, 2, '2019-01-01 18:12:46', 2),
(52, 8, 3, '2019-01-01 18:15:01', 2),
(53, 8, 4, '2019-01-01 18:20:44', 2),
(54, 8, 5, '2019-01-01 17:32:23', 2),
(55, 8, 6, '2019-01-01 17:44:04', 2),
(56, 8, 7, '2019-01-02 12:39:57', 2),
(57, 9, 1, '2019-01-01 17:59:51', 2),
(58, 9, 2, '2019-01-01 18:12:46', 2),
(59, 9, 3, '2019-01-01 18:15:01', 2),
(60, 9, 4, '2019-01-01 18:20:44', 2),
(61, 9, 5, '2019-01-01 17:32:23', 2),
(62, 9, 6, '2019-01-01 17:44:04', 2),
(63, 9, 7, '2019-01-02 12:39:57', 2),
(64, 10, 1, '2019-01-01 17:59:51', 2),
(65, 10, 2, '2019-01-01 18:12:46', 2),
(66, 10, 3, '2019-01-01 18:15:01', 2),
(67, 10, 4, '2019-01-01 18:20:44', 2),
(68, 10, 5, '2019-01-01 17:32:24', 2),
(69, 10, 6, '2019-01-01 17:44:04', 2),
(70, 10, 7, '2019-01-02 12:39:57', 2),
(71, 11, 1, '2019-01-01 17:59:51', 2),
(72, 11, 2, '2019-01-01 18:12:46', 2),
(73, 11, 3, '2019-01-01 18:15:01', 2),
(74, 11, 4, '2019-01-01 18:20:44', 2),
(75, 11, 5, '2019-01-01 17:32:24', 2),
(76, 11, 6, '2019-01-01 17:44:05', 2),
(77, 11, 7, '2019-01-02 12:39:57', 2),
(78, 12, 1, '2019-01-01 17:59:51', 2),
(79, 12, 2, '2019-01-01 18:12:46', 2),
(80, 12, 3, '2019-01-01 18:15:01', 2),
(81, 12, 4, '2019-01-01 18:20:44', 2),
(82, 12, 5, '2019-01-01 17:32:24', 2),
(83, 12, 6, '2019-01-01 17:44:05', 2),
(84, 12, 7, '2019-01-02 12:39:58', 2),
(85, 14, 1, '2019-01-01 17:59:51', 2),
(86, 14, 2, '2019-01-01 18:12:46', 2),
(87, 14, 3, '2019-01-01 18:15:01', 2),
(88, 14, 4, '2019-01-01 18:20:44', 2),
(89, 14, 5, '2019-01-01 17:32:24', 2),
(90, 14, 6, '2019-01-01 17:44:05', 2),
(91, 14, 7, '2019-01-02 12:39:58', 2),
(92, 15, 1, '2019-01-01 17:59:51', 2),
(93, 15, 2, '2019-01-01 18:12:46', 2),
(94, 15, 3, '2019-01-01 18:15:01', 2),
(95, 15, 4, '2019-01-01 18:20:44', 2),
(96, 15, 5, '2019-01-01 17:32:24', 2),
(97, 15, 6, '2019-01-01 17:44:06', 2),
(98, 15, 7, '2019-01-02 12:39:58', 2),
(99, 16, 1, '2019-01-01 17:59:51', 2),
(100, 16, 2, '2019-01-01 18:12:46', 2),
(101, 16, 3, '2019-01-01 18:15:01', 2),
(102, 16, 4, '2019-01-01 18:20:44', 2),
(103, 16, 5, '2019-01-01 17:32:25', 2),
(104, 16, 6, '2019-01-01 17:44:06', 2),
(105, 16, 7, '2019-01-02 12:39:58', 2),
(106, 17, 1, '2019-01-01 17:59:51', 2),
(107, 17, 2, '2019-01-01 18:12:46', 2),
(108, 17, 3, '2019-01-01 18:15:01', 2),
(109, 17, 4, '2019-01-01 18:20:44', 2),
(110, 17, 5, '2019-01-01 17:32:25', 2),
(111, 17, 6, '2019-01-01 17:44:06', 2),
(112, 17, 7, '2019-01-02 12:39:58', 2),
(113, 18, 1, '2019-01-01 17:59:51', 2),
(114, 18, 2, '2019-01-01 18:12:46', 2),
(115, 18, 3, '2019-01-01 18:15:01', 2),
(116, 18, 4, '2019-01-01 18:20:44', 2),
(117, 18, 5, '2019-01-01 17:32:25', 2),
(118, 18, 6, '2019-01-01 17:44:07', 2),
(119, 18, 7, '2019-01-02 12:39:58', 2),
(120, 19, 1, '2019-01-01 17:59:51', 2),
(121, 19, 2, '2019-01-01 18:12:46', 2),
(122, 19, 3, '2019-01-01 18:15:01', 2),
(123, 19, 4, '2019-01-01 18:20:44', 2),
(124, 19, 5, '2019-01-01 17:32:25', 2),
(125, 19, 6, '2019-01-01 17:44:07', 2),
(126, 19, 7, '2019-01-02 12:39:59', 2),
(127, 20, 1, '2019-01-01 17:59:51', 2),
(128, 20, 2, '2019-01-01 18:12:46', 2),
(129, 20, 3, '2019-01-01 18:15:01', 2),
(130, 20, 4, '2019-01-01 18:20:44', 2),
(131, 20, 5, '2019-01-01 17:32:25', 2),
(132, 20, 6, '2019-01-01 17:44:07', 2),
(133, 20, 7, '2019-01-02 12:39:59', 2),
(134, 21, 1, '2019-01-01 17:59:51', 2),
(135, 21, 2, '2019-01-01 18:12:46', 2),
(136, 21, 3, '2019-01-01 18:15:01', 2),
(137, 21, 4, '2019-01-01 18:20:44', 2),
(138, 21, 5, '2019-01-01 17:32:25', 2),
(139, 21, 6, '2019-01-01 17:44:08', 2),
(140, 21, 7, '2019-01-02 12:39:59', 2),
(141, 22, 1, '2019-01-01 17:59:51', 2),
(142, 22, 2, '2019-01-01 18:12:46', 2),
(143, 22, 3, '2019-01-01 18:15:01', 2),
(144, 22, 4, '2019-01-01 18:20:44', 2),
(145, 22, 5, '2019-01-01 17:32:26', 2),
(146, 22, 6, '2019-01-01 17:44:08', 2),
(147, 22, 7, '2019-01-02 12:39:59', 2),
(148, 23, 1, '2019-01-01 17:59:51', 2),
(149, 23, 2, '2019-01-01 18:12:46', 2),
(150, 23, 3, '2019-01-01 18:15:01', 2),
(151, 23, 4, '2019-01-01 18:20:44', 2),
(152, 23, 5, '2019-01-01 17:32:26', 2),
(153, 23, 6, '2019-01-01 17:44:08', 2),
(154, 23, 7, '2019-01-02 12:39:59', 2),
(155, 24, 1, '2019-01-01 17:59:51', 2),
(156, 24, 2, '2019-01-01 18:12:46', 2),
(157, 24, 3, '2019-01-01 18:15:01', 2),
(158, 24, 4, '2019-01-01 18:20:44', 2),
(159, 24, 5, '2019-01-01 17:32:26', 2),
(160, 24, 6, '2019-01-01 17:44:09', 2),
(161, 24, 7, '2019-01-02 12:39:59', 2),
(162, 13, 1, '2019-01-01 17:59:51', 2),
(163, 13, 2, '2019-01-01 18:12:46', 2),
(164, 13, 3, '2019-01-01 18:15:01', 2),
(165, 13, 4, '2019-01-02 16:00:08', 1),
(166, 13, 5, '2019-01-01 17:32:31', 2),
(167, 13, 6, '2019-01-01 17:44:14', 2),
(168, 13, 7, '2019-01-02 12:40:02', 2),
(169, 25, 1, '2019-01-01 17:59:51', 2),
(170, 25, 2, '2019-01-01 18:12:46', 2),
(171, 25, 3, '2019-01-01 18:15:01', 2),
(172, 25, 4, '2019-01-01 18:20:44', 2),
(173, 25, 5, '2019-01-01 17:32:26', 2),
(174, 25, 6, '2019-01-01 17:44:09', 2),
(175, 25, 7, '2019-01-02 12:39:59', 2),
(176, 26, 1, '2019-01-01 17:59:51', 2),
(177, 26, 2, '2019-01-01 18:12:46', 2),
(178, 26, 3, '2019-01-01 18:15:01', 2),
(179, 26, 4, '2019-01-01 18:20:44', 2),
(180, 26, 5, '2019-01-01 17:32:26', 2),
(181, 26, 6, '2019-01-01 17:44:09', 2),
(182, 26, 7, '2019-01-02 12:40:00', 2),
(183, 27, 1, '2019-01-01 17:59:51', 2),
(184, 27, 2, '2019-01-01 18:12:46', 2),
(185, 27, 3, '2019-01-01 18:15:01', 2),
(186, 27, 4, '2019-01-01 18:20:44', 2),
(187, 27, 5, '2019-01-01 17:32:27', 2),
(188, 27, 6, '2019-01-01 17:44:09', 2),
(189, 27, 7, '2019-01-02 12:40:00', 2),
(190, 28, 1, '2019-01-01 17:59:51', 2),
(191, 28, 2, '2019-01-01 18:12:46', 2),
(192, 28, 3, '2019-01-01 18:15:01', 2),
(193, 28, 4, '2019-01-01 18:20:44', 2),
(194, 28, 5, '2019-01-01 17:32:27', 2),
(195, 28, 6, '2019-01-01 17:44:10', 2),
(196, 28, 7, '2019-01-02 12:40:00', 2),
(197, 29, 1, '2019-01-01 17:59:51', 2),
(198, 29, 2, '2019-01-01 18:12:46', 2),
(199, 29, 3, '2019-01-01 18:15:01', 2),
(200, 29, 4, '2019-01-01 18:20:44', 2),
(201, 29, 5, '2019-01-01 17:32:27', 2),
(202, 29, 6, '2019-01-01 17:44:10', 2),
(203, 29, 7, '2019-01-02 12:40:00', 2),
(204, 30, 1, '2019-01-01 17:59:51', 2),
(205, 30, 2, '2019-01-01 18:12:46', 2),
(206, 30, 3, '2019-01-01 18:15:01', 2),
(207, 30, 4, '2019-01-01 18:20:44', 2),
(208, 30, 5, '2019-01-01 17:32:27', 2),
(209, 30, 6, '2019-01-01 17:44:10', 2),
(210, 30, 7, '2019-01-02 12:40:00', 2),
(211, 31, 1, '2019-01-01 17:59:51', 2),
(212, 31, 2, '2019-01-01 18:12:46', 2),
(213, 31, 3, '2019-01-01 18:15:01', 2),
(214, 31, 4, '2019-01-01 18:20:44', 2),
(215, 31, 5, '2019-01-01 17:32:28', 2),
(216, 31, 6, '2019-01-01 17:44:11', 2),
(217, 31, 7, '2019-01-02 12:40:00', 2),
(218, 32, 1, '2019-01-01 17:59:51', 2),
(219, 32, 2, '2019-01-01 18:12:46', 2),
(220, 32, 3, '2019-01-01 18:15:01', 2),
(221, 32, 4, '2019-01-01 18:20:44', 2),
(222, 32, 5, '2019-01-01 17:32:28', 2),
(223, 32, 6, '2019-01-01 17:44:11', 2),
(224, 32, 7, '2019-01-02 12:40:01', 2),
(225, 33, 1, '2019-01-01 17:59:51', 2),
(226, 33, 2, '2019-01-01 18:12:46', 2),
(227, 33, 3, '2019-01-01 18:15:01', 2),
(228, 33, 4, '2019-01-01 18:20:44', 2),
(229, 33, 5, '2019-01-01 17:32:28', 2),
(230, 33, 6, '2019-01-01 17:44:11', 2),
(231, 33, 7, '2019-01-02 12:40:01', 2),
(232, 34, 1, '2019-01-01 17:59:51', 2),
(233, 34, 2, '2019-01-01 18:12:46', 2),
(234, 34, 3, '2019-01-01 18:15:01', 2),
(235, 34, 4, '2019-01-01 18:20:44', 2),
(236, 34, 5, '2019-01-01 17:32:29', 2),
(237, 34, 6, '2019-01-01 17:44:12', 2),
(238, 34, 7, '2019-01-02 12:40:02', 2),
(239, 35, 1, '2019-01-01 17:59:51', 2),
(240, 35, 2, '2019-01-01 18:12:46', 2),
(241, 35, 3, '2019-01-01 18:15:01', 2),
(242, 35, 4, '2019-01-01 18:20:44', 2),
(243, 35, 5, '2019-01-01 17:32:29', 2),
(244, 35, 6, '2019-01-01 17:44:13', 2),
(245, 35, 7, '2019-01-02 12:40:02', 2),
(260, 38, 1, '2019-01-01 17:59:51', 2),
(261, 38, 2, '2019-01-01 18:12:46', 2),
(262, 38, 3, '2019-01-01 18:15:01', 2),
(263, 38, 4, '2019-01-01 18:20:44', 2),
(264, 38, 5, '2019-01-01 17:32:30', 2),
(265, 38, 6, '2019-01-01 17:44:13', 2),
(266, 38, 7, '2019-01-02 12:40:02', 2),
(267, 39, 1, '2019-01-01 17:59:51', 2),
(268, 39, 2, '2019-01-01 18:12:46', 2),
(269, 39, 3, '2019-01-01 18:15:01', 2),
(270, 39, 4, '2019-01-02 15:58:58', 1),
(271, 39, 5, '2019-01-01 17:32:30', 2),
(272, 39, 6, '2019-01-01 17:44:14', 2),
(273, 39, 7, '2019-01-02 12:40:02', 2),
(274, 40, 1, '2019-01-01 17:59:51', 2),
(275, 40, 2, '2019-01-01 18:12:46', 2),
(276, 40, 3, '2019-01-01 18:15:01', 2),
(277, 40, 4, '2019-01-01 18:20:44', 4),
(278, 40, 5, '2019-01-01 17:32:30', 2),
(279, 40, 6, '2019-01-01 17:44:14', 2),
(280, 40, 7, '2019-01-02 12:40:02', 2),
(288, 42, 1, '2019-01-02 16:00:47', 1),
(289, 42, 2, '2019-01-01 15:00:16', 2),
(290, 42, 3, '2019-01-01 15:06:14', 2),
(291, 42, 4, '2019-01-01 15:09:23', 2),
(292, 42, 5, '2019-01-01 13:37:01', 2),
(293, 42, 6, '2019-01-01 14:06:24', 2),
(294, 42, 7, '2019-01-02 12:42:40', 2),
(295, 43, 1, '2019-01-01 14:21:38', 4),
(296, 43, 2, '2019-01-01 15:00:16', 2),
(297, 43, 3, '2019-01-01 15:06:14', 2),
(298, 43, 4, '2019-01-04 13:17:58', 1),
(299, 43, 5, '2019-01-01 13:37:01', 2),
(300, 43, 6, '2019-01-01 14:06:24', 2),
(301, 43, 7, '2019-01-02 12:42:40', 2),
(302, 44, 1, '2019-01-02 16:04:36', 1),
(303, 44, 2, '2019-01-01 15:00:16', 2),
(304, 44, 3, '2019-01-01 15:06:14', 2),
(305, 44, 4, '2019-01-01 12:56:39', 4),
(306, 44, 5, '2019-01-01 13:37:01', 2),
(307, 44, 6, '2019-01-01 14:06:24', 2),
(308, 44, 7, '2019-01-02 12:42:40', 2),
(309, 45, 1, '2019-01-01 14:21:38', 2),
(310, 45, 2, '2019-01-01 15:00:16', 2),
(311, 45, 3, '2019-01-01 15:06:14', 2),
(312, 45, 4, '2019-01-04 13:18:17', 1),
(313, 45, 5, '2019-01-04 13:27:19', 2),
(314, 45, 6, '2019-01-01 14:06:24', 2),
(315, 45, 7, '2019-01-02 12:42:40', 2),
(316, 46, 1, '2019-01-01 14:21:38', 2),
(317, 46, 2, '2019-01-01 15:00:16', 2),
(318, 46, 3, '2019-01-01 15:06:14', 2),
(319, 46, 4, '2019-01-01 15:09:23', 2),
(320, 46, 5, '2019-01-01 13:37:01', 2),
(321, 46, 6, '2019-01-01 14:06:24', 2),
(322, 46, 7, '2019-01-02 12:42:40', 2),
(323, 47, 1, '2019-01-01 14:21:38', 2),
(324, 47, 2, '2019-01-01 15:00:16', 2),
(325, 47, 3, '2019-01-01 15:06:14', 2),
(326, 47, 4, '2019-01-01 15:09:23', 2),
(327, 47, 5, '2019-01-04 13:27:18', 2),
(328, 47, 6, '2019-01-01 14:06:25', 2),
(329, 47, 7, '2019-01-02 12:42:39', 2),
(330, 48, 1, '2019-01-01 14:21:38', 2),
(331, 48, 2, '2019-01-01 15:00:16', 2),
(332, 48, 3, '2019-01-01 15:06:14', 2),
(333, 48, 4, '2019-01-01 15:09:23', 2),
(334, 48, 5, '2019-01-01 13:37:01', 2),
(335, 48, 6, '2019-01-01 14:06:25', 2),
(336, 48, 7, '2019-01-02 12:42:41', 2),
(337, 49, 1, '2019-01-01 14:21:38', 2),
(338, 49, 2, '2019-01-01 15:00:16', 2),
(339, 49, 3, '2019-01-01 15:06:14', 2),
(340, 49, 4, '2019-01-01 15:09:23', 2),
(341, 49, 5, '2019-01-01 13:37:01', 2),
(342, 49, 6, '2019-01-01 14:06:25', 2),
(343, 49, 7, '2019-01-02 12:42:41', 2),
(344, 50, 1, '2019-01-01 14:21:38', 2),
(345, 50, 2, '2019-01-01 15:00:16', 2),
(346, 50, 3, '2019-01-01 15:06:14', 2),
(347, 50, 4, '2019-01-01 15:09:23', 2),
(348, 50, 5, '2019-01-01 13:37:01', 2),
(349, 50, 6, '2019-01-01 14:06:25', 2),
(350, 50, 7, '2019-01-02 12:42:41', 2),
(351, 51, 1, '2019-01-01 14:21:38', 2),
(352, 51, 2, '2019-01-01 15:00:16', 2),
(353, 51, 3, '2019-01-01 15:06:14', 2),
(354, 51, 4, '2019-01-01 15:09:23', 2),
(355, 51, 5, '2019-01-01 13:37:02', 2),
(356, 51, 6, '2019-01-01 14:06:25', 2),
(357, 51, 7, '2019-01-02 12:42:41', 2),
(358, 52, 1, '2019-01-01 14:21:38', 2),
(359, 52, 2, '2019-01-01 15:00:16', 2),
(360, 52, 3, '2019-01-01 15:06:14', 2),
(361, 52, 4, '2019-01-01 15:09:23', 2),
(362, 52, 5, '2019-01-01 13:37:02', 2),
(363, 52, 6, '2019-01-04 13:29:03', 2),
(364, 52, 7, '2019-01-02 12:42:41', 2),
(365, 53, 1, '2019-01-01 14:21:38', 2),
(366, 53, 2, '2019-01-01 15:00:16', 2),
(367, 53, 3, '2019-01-01 15:06:14', 2),
(368, 53, 4, '2019-01-01 15:09:23', 2),
(369, 53, 5, '2019-01-01 13:37:02', 2),
(370, 53, 6, '2019-01-01 14:06:26', 4),
(371, 53, 7, '2019-01-02 12:42:42', 2),
(372, 54, 1, '2019-01-01 14:21:38', 2),
(373, 54, 2, '2019-01-01 15:00:16', 2),
(374, 54, 3, '2019-01-01 15:06:14', 2),
(375, 54, 4, '2019-01-01 15:09:23', 2),
(376, 54, 5, '2019-01-01 13:37:02', 2),
(377, 54, 6, '2019-01-04 13:29:04', 2),
(378, 54, 7, '2019-01-02 12:42:42', 2),
(379, 55, 1, '2019-01-01 14:21:38', 2),
(380, 55, 2, '2019-01-01 15:00:16', 2),
(381, 55, 3, '2019-01-01 15:06:14', 2),
(382, 55, 4, '2019-01-01 15:09:23', 2),
(383, 55, 5, '2019-01-01 13:37:02', 2),
(384, 55, 6, '2019-01-01 14:06:27', 2),
(385, 55, 7, '2019-01-02 12:42:39', 2),
(386, 56, 1, '2019-01-01 14:21:38', 2),
(387, 56, 2, '2019-01-01 15:00:16', 2),
(388, 56, 3, '2019-01-01 15:06:14', 2),
(389, 56, 4, '2019-01-01 15:09:23', 2),
(390, 56, 5, '2019-01-01 13:37:02', 2),
(391, 56, 6, '2019-01-01 14:06:27', 2),
(392, 56, 7, '2019-01-02 12:42:42', 2),
(393, 57, 1, '2019-01-01 14:21:38', 2),
(394, 57, 2, '2019-01-01 15:00:16', 2),
(395, 57, 3, '2019-01-01 15:06:14', 2),
(396, 57, 4, '2019-01-01 15:09:23', 2),
(397, 57, 5, '2019-01-01 13:37:02', 2),
(398, 57, 6, '2019-01-01 14:06:27', 2),
(399, 57, 7, '2019-01-02 12:42:42', 2),
(400, 59, 1, '2019-01-01 14:21:38', 2),
(401, 59, 2, '2019-01-01 15:00:16', 2),
(402, 59, 3, '2019-01-01 15:06:14', 2),
(403, 59, 4, '2019-01-01 15:09:23', 2),
(404, 59, 5, '2019-01-01 13:37:03', 2),
(405, 59, 6, '2019-01-01 14:06:27', 2),
(406, 59, 7, '2019-01-02 12:42:42', 2),
(407, 60, 1, '2019-01-01 14:21:38', 2),
(408, 60, 2, '2019-01-01 15:00:16', 2),
(409, 60, 3, '2019-01-01 15:06:14', 2),
(410, 60, 4, '2019-01-01 15:09:23', 2),
(411, 60, 5, '2019-01-01 15:15:39', 2),
(412, 60, 6, '2019-01-01 14:06:27', 2),
(413, 60, 7, '2019-01-02 12:42:43', 2),
(414, 61, 1, '2019-01-01 14:21:38', 2),
(415, 61, 2, '2019-01-01 15:00:16', 2),
(416, 61, 3, '2019-01-01 15:06:14', 2),
(417, 61, 4, '2019-01-01 15:09:23', 2),
(418, 61, 5, '2019-01-01 15:16:16', 2),
(419, 61, 6, '2019-01-01 14:06:27', 2),
(420, 61, 7, '2019-01-02 12:42:43', 2),
(421, 62, 1, '2019-01-01 14:21:38', 2),
(422, 62, 2, '2019-01-01 15:00:16', 2),
(423, 62, 3, '2019-01-01 15:06:14', 2),
(424, 62, 4, '2019-01-01 15:09:23', 2),
(425, 62, 5, '2019-01-01 15:16:56', 2),
(426, 62, 6, '2019-01-01 14:06:28', 2),
(427, 62, 7, '2019-01-02 12:42:43', 2),
(428, 63, 1, '2019-01-01 14:21:38', 2),
(429, 63, 2, '2019-01-01 15:00:16', 2),
(430, 63, 3, '2019-01-01 15:06:14', 2),
(431, 63, 4, '2019-01-01 15:09:23', 2),
(432, 63, 5, '2019-01-01 15:17:35', 2),
(433, 63, 6, '2019-01-01 14:06:28', 2),
(434, 63, 7, '2019-01-02 12:42:43', 2),
(435, 64, 1, '2019-01-01 14:21:38', 2),
(436, 64, 2, '2019-01-01 15:00:16', 2),
(437, 64, 3, '2019-01-01 15:06:14', 2),
(438, 64, 4, '2019-01-01 15:09:23', 2),
(439, 64, 5, '2019-01-01 15:18:17', 2),
(440, 64, 6, '2019-01-01 14:06:28', 2),
(441, 64, 7, '2019-01-02 12:42:44', 2),
(442, 65, 1, '2019-01-01 14:21:38', 2),
(443, 65, 2, '2019-01-01 15:00:16', 2),
(444, 65, 3, '2019-01-01 15:06:14', 2),
(445, 65, 4, '2019-01-01 15:09:23', 2),
(446, 65, 5, '2019-01-01 15:18:23', 2),
(447, 65, 6, '2019-01-01 14:06:28', 2),
(448, 65, 7, '2019-01-02 12:42:44', 2),
(449, 36, 1, '2019-01-01 17:59:51', 2),
(450, 36, 2, '2019-01-01 18:12:46', 2),
(451, 36, 3, '2019-01-01 18:15:01', 2),
(452, 36, 4, '2019-01-01 18:20:44', 2),
(453, 36, 5, '2019-01-01 17:32:29', 2),
(454, 36, 6, '2019-01-01 17:44:13', 2),
(455, 36, 7, '2019-01-02 12:40:02', 2),
(456, 1, 8, '2019-01-03 14:56:17', 2),
(457, 1, 9, '2019-01-02 15:00:23', 1),
(458, 1, 10, '2019-01-02 15:00:23', 1),
(459, 1, 11, '2019-01-02 15:00:23', 1),
(460, 1, 12, '2019-01-02 15:00:23', 1),
(461, 1, 13, '2019-01-03 15:08:18', 2),
(462, 1, 14, '2019-01-02 15:00:24', 1),
(463, 2, 8, '2019-01-03 14:56:17', 2),
(464, 2, 9, '2019-01-02 15:41:51', 1),
(465, 2, 10, '2019-01-02 15:41:52', 1),
(466, 2, 11, '2019-01-02 15:41:52', 1),
(467, 2, 12, '2019-01-02 15:41:52', 1),
(468, 2, 13, '2019-01-03 15:08:18', 2),
(469, 2, 14, '2019-01-02 15:41:52', 1),
(471, 2, 5, '2019-01-04 04:14:46', 2),
(472, 3, 8, '2019-01-03 14:56:17', 2),
(473, 3, 9, '2019-01-02 15:42:18', 1),
(474, 3, 10, '2019-01-02 15:42:18', 1),
(475, 3, 11, '2019-01-02 15:42:18', 1),
(476, 3, 12, '2019-01-02 15:42:19', 1),
(477, 3, 13, '2019-01-03 15:08:18', 2),
(478, 3, 14, '2019-01-02 15:42:19', 1),
(479, 4, 8, '2019-01-03 14:56:18', 2),
(480, 4, 9, '2019-01-02 15:45:18', 1),
(481, 4, 10, '2019-01-02 15:45:18', 1),
(482, 4, 11, '2019-01-02 15:45:18', 1),
(483, 4, 12, '2019-01-02 15:45:18', 1),
(484, 4, 13, '2019-01-03 15:08:19', 2),
(485, 4, 14, '2019-01-02 15:45:19', 1),
(486, 4, 4, '2019-01-03 18:28:31', 1),
(487, 5, 8, '2019-01-03 14:56:18', 2),
(488, 5, 9, '2019-01-02 15:45:57', 1),
(489, 5, 10, '2019-01-02 15:45:57', 1),
(490, 5, 11, '2019-01-02 15:45:57', 1),
(491, 5, 12, '2019-01-02 15:45:57', 1),
(492, 5, 13, '2019-01-03 15:08:19', 2),
(493, 5, 14, '2019-01-02 15:45:57', 1),
(494, 6, 8, '2019-01-03 14:56:18', 2),
(495, 6, 9, '2019-01-02 15:46:28', 1),
(496, 6, 10, '2019-01-02 15:46:28', 1),
(497, 6, 11, '2019-01-02 15:46:28', 1),
(498, 6, 12, '2019-01-02 15:46:28', 1),
(499, 6, 13, '2019-01-03 15:08:19', 2),
(500, 6, 14, '2019-01-02 15:46:28', 1),
(501, 6, 1, '2019-01-03 18:29:48', 1),
(502, 7, 8, '2019-01-03 14:56:18', 2),
(503, 7, 9, '2019-01-02 15:47:06', 1),
(504, 7, 10, '2019-01-02 15:47:06', 1),
(505, 7, 11, '2019-01-02 15:47:06', 1),
(506, 7, 12, '2019-01-02 15:47:07', 1),
(507, 7, 13, '2019-01-03 15:08:19', 2),
(508, 7, 14, '2019-01-02 15:47:07', 1),
(509, 8, 8, '2019-01-03 14:56:18', 2),
(510, 8, 9, '2019-01-02 15:47:31', 1),
(511, 8, 10, '2019-01-02 15:47:31', 1),
(512, 8, 11, '2019-01-02 15:47:31', 1),
(513, 8, 12, '2019-01-02 15:47:31', 1),
(514, 8, 13, '2019-01-03 15:08:20', 2),
(515, 8, 14, '2019-01-02 15:47:31', 1),
(516, 9, 8, '2019-01-03 14:56:18', 2),
(517, 9, 9, '2019-01-02 15:47:59', 1),
(518, 9, 10, '2019-01-02 15:47:59', 1),
(519, 9, 11, '2019-01-02 15:47:59', 1),
(520, 9, 12, '2019-01-02 15:47:59', 1),
(521, 9, 13, '2019-01-03 15:08:20', 2),
(522, 9, 14, '2019-01-02 15:47:59', 1),
(523, 10, 8, '2019-01-03 14:56:19', 2),
(524, 10, 9, '2019-01-02 15:48:20', 1),
(525, 10, 10, '2019-01-02 15:48:20', 1),
(526, 10, 11, '2019-01-02 15:48:20', 1),
(527, 10, 12, '2019-01-02 15:48:20', 1),
(528, 10, 13, '2019-01-03 15:08:20', 2),
(529, 10, 14, '2019-01-02 15:48:21', 1),
(530, 11, 8, '2019-01-03 14:56:19', 2),
(531, 11, 9, '2019-01-02 15:48:42', 1),
(532, 11, 10, '2019-01-02 15:48:42', 1),
(533, 11, 11, '2019-01-02 15:48:42', 1),
(534, 11, 12, '2019-01-02 15:48:42', 1),
(535, 11, 13, '2019-01-03 15:08:20', 2),
(536, 11, 14, '2019-01-02 15:48:42', 1),
(537, 12, 8, '2019-01-03 14:56:19', 2),
(538, 12, 9, '2019-01-02 15:49:04', 1),
(539, 12, 10, '2019-01-02 15:49:04', 1),
(540, 12, 11, '2019-01-02 15:49:04', 1),
(541, 12, 12, '2019-01-02 15:49:05', 1),
(542, 12, 13, '2019-01-03 15:08:21', 2),
(543, 12, 14, '2019-01-02 15:49:05', 1),
(544, 14, 8, '2019-01-03 14:56:19', 2),
(545, 14, 9, '2019-01-02 15:49:26', 1),
(546, 14, 10, '2019-01-02 15:49:26', 1),
(547, 14, 11, '2019-01-02 15:49:26', 1),
(548, 14, 12, '2019-01-02 15:49:27', 1),
(549, 14, 13, '2019-01-03 15:08:21', 2),
(550, 14, 14, '2019-01-02 15:49:27', 1),
(551, 15, 8, '2019-01-03 14:56:19', 2),
(552, 15, 9, '2019-01-02 15:50:10', 1),
(553, 15, 10, '2019-01-02 15:50:11', 1),
(554, 15, 11, '2019-01-02 15:50:11', 1),
(555, 15, 12, '2019-01-02 15:50:11', 1),
(556, 15, 13, '2019-01-03 15:08:21', 2),
(557, 15, 14, '2019-01-02 15:50:11', 1),
(558, 16, 8, '2019-01-03 14:56:20', 2),
(559, 16, 9, '2019-01-02 15:50:33', 1),
(560, 16, 10, '2019-01-02 15:50:33', 1),
(561, 16, 11, '2019-01-02 15:50:33', 1),
(562, 16, 12, '2019-01-02 15:50:33', 1),
(563, 16, 13, '2019-01-03 15:08:21', 2),
(564, 16, 14, '2019-01-02 15:50:33', 1),
(565, 17, 8, '2019-01-03 14:56:20', 2),
(566, 17, 9, '2019-01-02 15:50:51', 1),
(567, 17, 10, '2019-01-02 15:50:51', 1),
(568, 17, 11, '2019-01-02 15:50:51', 1),
(569, 17, 12, '2019-01-02 15:50:51', 1),
(570, 17, 13, '2019-01-03 15:08:21', 2),
(571, 17, 14, '2019-01-02 15:50:51', 1),
(572, 18, 8, '2019-01-03 14:56:20', 2),
(573, 18, 9, '2019-01-02 15:51:09', 1),
(574, 18, 10, '2019-01-02 15:51:09', 1),
(575, 18, 11, '2019-01-02 15:51:09', 1),
(576, 18, 12, '2019-01-02 15:51:09', 1),
(577, 18, 13, '2019-01-03 15:08:21', 2),
(578, 18, 14, '2019-01-02 15:51:10', 1),
(579, 19, 8, '2019-01-03 14:56:20', 2),
(580, 19, 9, '2019-01-02 15:51:40', 1),
(581, 19, 10, '2019-01-02 15:51:41', 1),
(582, 19, 11, '2019-01-02 15:51:41', 1),
(583, 19, 12, '2019-01-02 15:51:41', 1),
(584, 19, 13, '2019-01-03 15:08:21', 2),
(585, 19, 14, '2019-01-02 15:51:41', 1),
(586, 20, 8, '2019-01-03 14:56:20', 2),
(587, 20, 9, '2019-01-02 15:52:02', 1),
(588, 20, 10, '2019-01-02 15:52:02', 1),
(589, 20, 11, '2019-01-02 15:52:02', 1),
(590, 20, 12, '2019-01-02 15:52:02', 1),
(591, 20, 13, '2019-01-03 15:08:21', 2),
(592, 20, 14, '2019-01-02 15:52:02', 1),
(593, 21, 8, '2019-01-03 14:56:21', 2),
(594, 21, 9, '2019-01-02 15:52:26', 1),
(595, 21, 10, '2019-01-02 15:52:26', 1),
(596, 21, 11, '2019-01-02 15:52:26', 1),
(597, 21, 12, '2019-01-02 15:52:27', 1),
(598, 21, 13, '2019-01-03 15:08:22', 2),
(599, 21, 14, '2019-01-02 15:52:27', 1),
(600, 22, 8, '2019-01-03 14:56:21', 2),
(601, 22, 9, '2019-01-02 15:52:49', 1),
(602, 22, 10, '2019-01-02 15:52:49', 1),
(603, 22, 11, '2019-01-02 15:52:49', 1),
(604, 22, 12, '2019-01-02 15:52:49', 1),
(605, 22, 13, '2019-01-03 15:08:22', 2),
(606, 22, 14, '2019-01-02 15:52:49', 1),
(607, 23, 8, '2019-01-03 14:56:22', 2),
(608, 23, 9, '2019-01-02 15:53:55', 1),
(609, 23, 10, '2019-01-02 15:53:55', 1),
(610, 23, 11, '2019-01-02 15:53:55', 1),
(611, 23, 12, '2019-01-02 15:53:55', 1),
(612, 23, 13, '2019-01-03 15:08:22', 2),
(613, 23, 14, '2019-01-02 15:53:55', 1),
(614, 24, 8, '2019-01-03 14:56:22', 2),
(615, 24, 9, '2019-01-02 15:54:11', 1),
(616, 24, 10, '2019-01-02 15:54:11', 1),
(617, 24, 11, '2019-01-02 15:54:11', 1),
(618, 24, 12, '2019-01-02 15:54:11', 1),
(619, 24, 13, '2019-01-03 15:08:22', 2),
(620, 24, 14, '2019-01-02 15:54:12', 1),
(621, 25, 8, '2019-01-03 14:56:22', 2),
(622, 25, 9, '2019-01-02 15:54:30', 1),
(623, 25, 10, '2019-01-02 15:54:30', 1),
(624, 25, 11, '2019-01-02 15:54:30', 1),
(625, 25, 12, '2019-01-02 15:54:30', 1),
(626, 25, 13, '2019-01-03 15:08:23', 2),
(627, 25, 14, '2019-01-02 15:54:30', 1),
(628, 26, 8, '2019-01-03 14:56:22', 2),
(629, 26, 9, '2019-01-02 15:54:45', 1),
(630, 26, 10, '2019-01-02 15:54:46', 1),
(631, 26, 11, '2019-01-02 15:54:46', 1),
(632, 26, 12, '2019-01-02 15:54:46', 1),
(633, 26, 13, '2019-01-03 15:08:23', 2),
(634, 26, 14, '2019-01-02 15:54:46', 1),
(635, 27, 8, '2019-01-03 14:56:22', 2),
(636, 27, 9, '2019-01-02 15:55:06', 1),
(637, 27, 10, '2019-01-02 15:55:06', 1),
(638, 27, 11, '2019-01-02 15:55:06', 1),
(639, 27, 12, '2019-01-02 15:55:06', 1),
(640, 27, 13, '2019-01-03 15:08:23', 2),
(641, 27, 14, '2019-01-02 15:55:07', 1),
(642, 28, 8, '2019-01-03 14:56:22', 2),
(643, 28, 9, '2019-01-02 15:55:24', 1),
(644, 28, 10, '2019-01-02 15:55:24', 1),
(645, 28, 11, '2019-01-02 15:55:24', 1),
(646, 28, 12, '2019-01-02 15:55:24', 1),
(647, 28, 13, '2019-01-03 15:08:23', 2),
(648, 28, 14, '2019-01-02 15:55:24', 1),
(649, 29, 8, '2019-01-03 14:56:23', 2),
(650, 29, 9, '2019-01-02 15:55:45', 1),
(651, 29, 10, '2019-01-02 15:55:45', 1),
(652, 29, 11, '2019-01-02 15:55:45', 1),
(653, 29, 12, '2019-01-02 15:55:45', 1),
(654, 29, 13, '2019-01-03 15:08:23', 2),
(655, 29, 14, '2019-01-02 15:55:45', 1),
(656, 30, 8, '2019-01-03 14:56:23', 2),
(657, 30, 9, '2019-01-02 15:56:01', 1),
(658, 30, 10, '2019-01-02 15:56:01', 1),
(659, 30, 11, '2019-01-02 15:56:01', 1),
(660, 30, 12, '2019-01-02 15:56:01', 1),
(661, 30, 13, '2019-01-03 15:08:24', 2),
(662, 30, 14, '2019-01-02 15:56:02', 1),
(663, 31, 8, '2019-01-03 14:56:23', 2),
(664, 31, 9, '2019-01-02 15:56:23', 1),
(665, 31, 10, '2019-01-02 15:56:24', 1),
(666, 31, 11, '2019-01-02 15:56:24', 1),
(667, 31, 12, '2019-01-02 15:56:24', 1),
(668, 31, 13, '2019-01-03 15:08:24', 2),
(669, 31, 14, '2019-01-02 15:56:24', 1),
(670, 32, 8, '2019-01-03 14:56:23', 2),
(671, 32, 9, '2019-01-02 15:56:40', 1),
(672, 32, 10, '2019-01-02 15:56:40', 1),
(673, 32, 11, '2019-01-02 15:56:40', 1),
(674, 32, 12, '2019-01-02 15:56:40', 1),
(675, 32, 13, '2019-01-03 15:08:24', 2),
(676, 32, 14, '2019-01-02 15:56:41', 1),
(677, 33, 8, '2019-01-03 14:56:24', 2),
(678, 33, 9, '2019-01-02 15:56:57', 1),
(679, 33, 10, '2019-01-02 15:56:57', 1),
(680, 33, 11, '2019-01-02 15:56:57', 1),
(681, 33, 12, '2019-01-02 15:56:57', 1),
(682, 33, 13, '2019-01-03 15:08:24', 2),
(683, 33, 14, '2019-01-02 15:56:58', 1),
(684, 34, 8, '2019-01-03 14:56:24', 2),
(685, 34, 9, '2019-01-02 15:57:16', 1),
(686, 34, 10, '2019-01-02 15:57:16', 1),
(687, 34, 11, '2019-01-02 15:57:16', 1),
(688, 34, 12, '2019-01-02 15:57:16', 1),
(689, 34, 13, '2019-01-03 15:08:24', 2),
(690, 34, 14, '2019-01-02 15:57:16', 1),
(691, 35, 8, '2019-01-03 14:56:24', 2),
(692, 35, 9, '2019-01-02 15:57:41', 1),
(693, 35, 10, '2019-01-02 15:57:41', 1),
(694, 35, 11, '2019-01-02 15:57:41', 1),
(695, 35, 12, '2019-01-02 15:57:41', 1),
(696, 35, 13, '2019-01-03 15:08:24', 2),
(697, 35, 14, '2019-01-02 15:57:41', 1),
(698, 36, 8, '2019-01-03 14:56:25', 2),
(699, 36, 9, '2019-01-02 15:58:11', 1),
(700, 36, 10, '2019-01-02 15:58:11', 1),
(701, 36, 11, '2019-01-02 15:58:11', 1),
(702, 36, 12, '2019-01-02 15:58:11', 1),
(703, 36, 13, '2019-01-03 15:08:25', 2),
(704, 36, 14, '2019-01-02 15:58:11', 1),
(705, 38, 8, '2019-01-03 14:56:25', 2),
(706, 38, 9, '2019-01-02 15:58:27', 1),
(707, 38, 10, '2019-01-02 15:58:27', 1),
(708, 38, 11, '2019-01-02 15:58:27', 1),
(709, 38, 12, '2019-01-02 15:58:28', 1),
(710, 38, 13, '2019-01-03 15:08:25', 2),
(711, 38, 14, '2019-01-02 15:58:28', 1),
(712, 39, 8, '2019-01-03 14:56:25', 2),
(713, 39, 9, '2019-01-02 15:58:58', 1),
(714, 39, 10, '2019-01-02 15:58:58', 1),
(715, 39, 11, '2019-01-02 15:58:58', 1),
(716, 39, 12, '2019-01-02 15:58:58', 1),
(717, 39, 13, '2019-01-03 15:08:26', 2),
(718, 39, 14, '2019-01-02 15:58:58', 1),
(719, 40, 8, '2019-01-03 14:56:26', 2),
(720, 40, 9, '2019-01-02 15:59:19', 1),
(721, 40, 10, '2019-01-02 15:59:19', 1),
(722, 40, 11, '2019-01-02 15:59:19', 1),
(723, 40, 12, '2019-01-02 15:59:19', 1),
(724, 40, 13, '2019-01-03 15:08:26', 2),
(725, 40, 14, '2019-01-02 15:59:19', 1),
(726, 40, 4, '2019-01-03 18:30:51', 1),
(727, 13, 8, '2019-01-03 14:56:26', 2),
(728, 13, 9, '2019-01-02 16:00:07', 1),
(729, 13, 10, '2019-01-02 16:00:07', 1),
(730, 13, 11, '2019-01-02 16:00:07', 1),
(731, 13, 12, '2019-01-02 16:00:08', 1),
(732, 13, 13, '2019-01-03 15:08:26', 2),
(733, 13, 14, '2019-01-02 16:00:08', 1),
(734, 42, 8, '2019-01-03 14:32:33', 2),
(735, 42, 9, '2019-01-02 16:00:47', 1),
(736, 42, 10, '2019-01-02 16:00:47', 1),
(737, 42, 11, '2019-01-02 16:00:47', 1),
(738, 42, 12, '2019-01-02 16:00:47', 1),
(739, 42, 13, '2019-01-03 14:51:25', 2),
(740, 42, 14, '2019-01-03 14:53:51', 2),
(741, 43, 8, '2019-01-03 14:32:33', 2),
(742, 43, 9, '2019-01-02 16:03:14', 1),
(743, 43, 10, '2019-01-02 16:03:15', 1),
(744, 43, 11, '2019-01-02 16:03:15', 1),
(745, 43, 12, '2019-01-02 16:03:15', 1),
(746, 43, 13, '2019-01-03 14:51:25', 2),
(747, 43, 14, '2019-01-03 14:53:52', 2),
(748, 43, 1, '2019-01-03 18:32:08', 1),
(749, 44, 8, '2019-01-03 14:32:34', 2),
(750, 44, 9, '2019-01-02 16:04:35', 1),
(751, 44, 10, '2019-01-02 16:04:35', 1),
(752, 44, 11, '2019-01-02 16:04:35', 1),
(753, 44, 12, '2019-01-02 16:04:36', 1),
(754, 44, 13, '2019-01-03 14:51:26', 2),
(755, 44, 14, '2019-01-03 14:53:52', 2),
(756, 44, 4, '2019-01-03 18:32:56', 1),
(757, 45, 8, '2019-01-03 14:32:34', 2),
(758, 45, 9, '2019-01-02 16:06:16', 1),
(759, 45, 10, '2019-01-02 16:06:16', 1),
(760, 45, 11, '2019-01-02 16:06:16', 1),
(761, 45, 12, '2019-01-02 16:06:16', 1),
(762, 45, 13, '2019-01-03 14:51:26', 2),
(763, 45, 14, '2019-01-03 14:53:52', 2),
(764, 46, 8, '2019-01-03 14:32:34', 2),
(765, 46, 9, '2019-01-02 16:06:40', 1),
(766, 46, 10, '2019-01-02 16:06:40', 1),
(767, 46, 11, '2019-01-02 16:06:41', 1),
(768, 46, 12, '2019-01-02 16:06:41', 1),
(769, 46, 13, '2019-01-03 14:51:26', 2),
(770, 46, 14, '2019-01-03 14:53:52', 2),
(771, 48, 8, '2019-01-03 14:32:34', 2),
(772, 48, 9, '2019-01-02 16:06:59', 1),
(773, 48, 10, '2019-01-02 16:06:59', 1),
(774, 48, 11, '2019-01-02 16:06:59', 1),
(775, 48, 12, '2019-01-02 16:06:59', 1),
(776, 48, 13, '2019-01-03 14:51:26', 2),
(777, 48, 14, '2019-01-03 14:53:52', 2),
(778, 49, 8, '2019-01-03 14:32:34', 2),
(779, 49, 9, '2019-01-02 16:07:17', 1),
(780, 49, 10, '2019-01-02 16:07:18', 1),
(781, 49, 11, '2019-01-02 16:07:18', 1),
(782, 49, 12, '2019-01-02 16:07:18', 1),
(783, 49, 13, '2019-01-03 14:51:26', 2),
(784, 49, 14, '2019-01-03 14:53:52', 2),
(785, 50, 8, '2019-01-03 14:32:35', 2),
(786, 50, 9, '2019-01-02 16:07:30', 1),
(787, 50, 10, '2019-01-02 16:07:30', 1),
(788, 50, 11, '2019-01-02 16:07:31', 1),
(789, 50, 12, '2019-01-02 16:07:31', 1),
(790, 50, 13, '2019-01-03 14:51:26', 2),
(791, 50, 14, '2019-01-03 14:53:52', 2),
(792, 51, 8, '2019-01-03 14:32:35', 2),
(793, 51, 9, '2019-01-02 16:07:48', 1),
(794, 51, 10, '2019-01-02 16:07:48', 1),
(795, 51, 11, '2019-01-02 16:07:48', 1),
(796, 51, 12, '2019-01-02 16:07:48', 1),
(797, 51, 13, '2019-01-03 14:51:27', 2),
(798, 51, 14, '2019-01-03 14:53:52', 2),
(799, 52, 8, '2019-01-03 14:32:35', 2),
(800, 52, 9, '2019-01-02 16:08:07', 1),
(801, 52, 10, '2019-01-02 16:08:07', 1),
(802, 52, 11, '2019-01-02 16:08:07', 1),
(803, 52, 12, '2019-01-02 16:08:07', 1),
(804, 52, 13, '2019-01-03 14:51:27', 2),
(805, 52, 14, '2019-01-03 14:53:53', 2),
(806, 53, 8, '2019-01-03 14:32:36', 2),
(807, 53, 9, '2019-01-02 16:08:24', 1),
(808, 53, 10, '2019-01-02 16:08:24', 1),
(809, 53, 11, '2019-01-02 16:08:25', 1),
(810, 53, 12, '2019-01-02 16:08:25', 1),
(811, 53, 13, '2019-01-03 14:51:27', 2),
(812, 53, 14, '2019-01-03 14:53:53', 2),
(813, 53, 6, '2019-01-04 13:29:03', 2),
(814, 54, 8, '2019-01-03 14:32:36', 2),
(815, 54, 9, '2019-01-02 16:09:42', 1),
(816, 54, 10, '2019-01-02 16:09:42', 1),
(817, 54, 11, '2019-01-02 16:09:42', 1),
(818, 54, 12, '2019-01-02 16:09:42', 1),
(819, 54, 13, '2019-01-03 14:51:27', 2),
(820, 54, 14, '2019-01-03 14:53:53', 2),
(821, 56, 8, '2019-01-03 14:32:36', 2),
(822, 56, 9, '2019-01-02 16:10:11', 1),
(823, 56, 10, '2019-01-02 16:10:11', 1),
(824, 56, 11, '2019-01-02 16:10:11', 1),
(825, 56, 12, '2019-01-02 16:10:12', 1),
(826, 56, 13, '2019-01-03 14:51:28', 2),
(827, 56, 14, '2019-01-03 14:53:53', 2),
(828, 57, 8, '2019-01-03 14:32:37', 2),
(829, 57, 9, '2019-01-02 16:10:33', 1),
(830, 57, 10, '2019-01-02 16:10:34', 1),
(831, 57, 11, '2019-01-02 16:10:34', 1),
(832, 57, 12, '2019-01-02 16:10:34', 1),
(833, 57, 13, '2019-01-03 14:51:28', 2),
(834, 57, 14, '2019-01-03 14:53:53', 2),
(835, 59, 8, '2019-01-03 14:32:37', 2),
(836, 59, 9, '2019-01-02 16:10:52', 1),
(837, 59, 10, '2019-01-02 16:10:52', 1),
(838, 59, 11, '2019-01-02 16:10:52', 1),
(839, 59, 12, '2019-01-02 16:10:52', 1),
(840, 59, 13, '2019-01-03 14:51:28', 2),
(841, 59, 14, '2019-01-03 14:53:54', 2),
(842, 60, 8, '2019-01-03 14:32:37', 2),
(843, 60, 9, '2019-01-02 16:11:08', 1),
(844, 60, 10, '2019-01-02 16:11:08', 1),
(845, 60, 11, '2019-01-02 16:11:08', 1),
(846, 60, 12, '2019-01-02 16:11:08', 1),
(847, 60, 13, '2019-01-03 14:51:28', 2),
(848, 60, 14, '2019-01-03 14:53:54', 2),
(849, 61, 8, '2019-01-03 14:32:37', 2),
(850, 61, 9, '2019-01-02 16:11:25', 1),
(851, 61, 10, '2019-01-02 16:11:25', 1),
(852, 61, 11, '2019-01-02 16:11:25', 1),
(853, 61, 12, '2019-01-02 16:11:25', 1),
(854, 61, 13, '2019-01-03 14:51:28', 2),
(855, 61, 14, '2019-01-03 14:53:54', 2),
(856, 62, 8, '2019-01-03 14:32:37', 2),
(857, 62, 9, '2019-01-02 16:11:38', 1),
(858, 62, 10, '2019-01-02 16:11:38', 1),
(859, 62, 11, '2019-01-02 16:11:38', 1),
(860, 62, 12, '2019-01-02 16:11:38', 1),
(861, 62, 13, '2019-01-03 14:51:28', 2),
(862, 62, 14, '2019-01-03 14:53:54', 2),
(863, 63, 8, '2019-01-03 14:32:37', 2),
(864, 63, 9, '2019-01-02 16:11:55', 1),
(865, 63, 10, '2019-01-02 16:11:55', 1),
(866, 63, 11, '2019-01-02 16:11:55', 1),
(867, 63, 12, '2019-01-02 16:11:55', 1),
(868, 63, 13, '2019-01-03 14:51:29', 2),
(869, 63, 14, '2019-01-03 14:53:54', 2),
(870, 64, 8, '2019-01-03 14:32:37', 2),
(871, 64, 9, '2019-01-02 16:12:15', 1),
(872, 64, 10, '2019-01-02 16:12:15', 1),
(873, 64, 11, '2019-01-02 16:12:15', 1),
(874, 64, 12, '2019-01-02 16:12:15', 1),
(875, 64, 13, '2019-01-03 14:51:29', 2),
(876, 64, 14, '2019-01-03 14:53:54', 2),
(877, 65, 8, '2019-01-03 14:32:38', 2),
(878, 65, 9, '2019-01-02 16:12:34', 1),
(879, 65, 10, '2019-01-02 16:12:34', 1),
(880, 65, 11, '2019-01-02 16:12:34', 1),
(881, 65, 12, '2019-01-02 16:12:34', 1),
(882, 65, 13, '2019-01-03 14:51:29', 2),
(883, 65, 14, '2019-01-03 14:53:55', 2),
(884, 47, 8, '2019-01-03 14:32:32', 2),
(885, 47, 9, '2019-01-02 16:13:10', 1),
(886, 47, 10, '2019-01-02 16:13:10', 1),
(887, 47, 11, '2019-01-02 16:13:10', 1),
(888, 47, 12, '2019-01-02 16:13:10', 1),
(889, 47, 13, '2019-01-03 14:51:25', 2),
(890, 47, 14, '2019-01-03 14:53:51', 2),
(891, 55, 8, '2019-01-03 14:32:32', 2),
(892, 55, 9, '2019-01-02 16:13:30', 1),
(893, 55, 10, '2019-01-02 16:13:30', 1),
(894, 55, 11, '2019-01-02 16:13:30', 1),
(895, 55, 12, '2019-01-02 16:13:30', 1),
(896, 55, 13, '2019-01-03 14:51:25', 2),
(897, 55, 14, '2019-01-03 14:53:51', 2);

-- --------------------------------------------------------

--
-- Table structure for table `dept`
--

CREATE TABLE `dept` (
  `dept_id` int(11) NOT NULL,
  `dept_name` varchar(50) NOT NULL,
  `dept_initial` char(2) NOT NULL,
  `dept_shift` int(1) NOT NULL,
  `dept_intake` int(11) NOT NULL
) ENGINE=InnoDB DEFAULT CHARSET=latin1;

--
-- Dumping data for table `dept`
--

INSERT INTO `dept` (`dept_id`, `dept_name`, `dept_initial`, `dept_shift`, `dept_intake`) VALUES
(1, 'Information Technology', 'IF', 2, 120),
(2, 'Electronics', 'EC', 2, 120),
(3, 'Computer', 'CO', 2, 120);

-- --------------------------------------------------------

--
-- Table structure for table `exam`
--

CREATE TABLE `exam` (
  `exam_id` int(11) NOT NULL,
  `exam_student_id` int(11) DEFAULT NULL,
  `exam_semister_id` int(11) DEFAULT NULL
) ENGINE=InnoDB DEFAULT CHARSET=latin1;

-- --------------------------------------------------------

--
-- Table structure for table `exam_reg`
--

CREATE TABLE `exam_reg` (
  `exam_reg_id` int(11) NOT NULL,
  `exam_reg_course_reg_id` int(11) DEFAULT NULL,
  `exam_reg_student_id` int(11) DEFAULT NULL,
  `exam_reg_date` timestamp NOT NULL DEFAULT CURRENT_TIMESTAMP ON UPDATE CURRENT_TIMESTAMP,
  `exam_reg_type` int(11) NOT NULL DEFAULT '0',
  `exam_reg_type_status` int(11) DEFAULT NULL
) ENGINE=InnoDB DEFAULT CHARSET=latin1;

--
-- Dumping data for table `exam_reg`
--

INSERT INTO `exam_reg` (`exam_reg_id`, `exam_reg_course_reg_id`, `exam_reg_student_id`, `exam_reg_date`, `exam_reg_type`, `exam_reg_type_status`) VALUES
(1, 1, 1, '2019-01-01 17:59:51', 7, 9),
(2, 2, 1, '2019-01-01 18:12:45', 7, 9),
(3, 3, 1, '2019-01-01 18:15:01', 7, 9),
(4, 4, 1, '2019-01-01 18:20:44', 7, 9),
(5, 4, 1, '2019-01-01 17:22:40', 6, 6),
(6, 6, 1, '2019-01-01 17:44:02', 6, 9),
(7, 7, 1, '2019-01-02 12:39:56', 5, 9),
(8, 5, 1, '2019-01-01 17:32:22', 5, 5),
(9, 8, 2, '2019-01-01 17:59:51', 7, 7),
(10, 9, 2, '2019-01-01 18:12:45', 7, 9),
(11, 10, 2, '2019-01-01 18:15:01', 7, 9),
(12, 11, 2, '2019-01-01 18:20:44', 7, 9),
(13, 11, 2, '2019-01-01 17:22:40', 6, 9),
(14, 12, 2, '2018-12-28 07:28:48', 5, NULL),
(15, 13, 2, '2019-01-01 17:44:03', 6, 9),
(16, 14, 2, '2019-01-02 12:39:56', 5, 9),
(17, 15, 3, '2019-01-01 17:59:51', 7, 9),
(18, 16, 3, '2019-01-01 18:12:45', 7, 9),
(19, 17, 3, '2019-01-01 18:15:01', 7, 9),
(20, 18, 3, '2019-01-01 18:20:44', 7, 9),
(21, 18, 3, '2019-01-01 17:22:40', 6, 6),
(22, 19, 3, '2019-01-01 17:32:22', 5, 9),
(23, 20, 3, '2019-01-01 17:44:03', 6, 9),
(24, 21, 3, '2019-01-02 12:39:56', 5, 9),
(25, 22, 4, '2019-01-01 17:59:51', 7, 9),
(26, 23, 4, '2019-01-01 18:12:45', 7, 9),
(27, 24, 4, '2019-01-01 18:15:01', 7, 9),
(28, 25, 4, '2018-12-28 07:31:44', 7, NULL),
(29, 25, 4, '2018-12-28 07:31:44', 6, NULL),
(30, 26, 4, '2019-01-01 17:32:22', 5, 5),
(31, 27, 4, '2019-01-01 17:44:03', 6, 9),
(32, 28, 4, '2019-01-02 12:39:56', 5, 9),
(33, 29, 5, '2019-01-01 17:59:51', 7, 7),
(34, 30, 5, '2019-01-01 18:12:45', 7, 9),
(35, 31, 5, '2019-01-01 18:15:01', 7, 9),
(36, 32, 5, '2019-01-01 18:20:44', 7, 9),
(37, 32, 5, '2019-01-01 17:22:40', 6, 9),
(38, 33, 5, '2019-01-01 17:32:23', 5, 9),
(39, 34, 5, '2019-01-01 17:44:03', 6, 6),
(40, 35, 5, '2019-01-02 12:39:57', 5, 9),
(41, 36, 6, '2019-01-01 17:59:51', 7, 7),
(42, 37, 6, '2019-01-01 18:12:45', 7, 9),
(43, 38, 6, '2019-01-01 18:15:01', 7, 9),
(44, 39, 6, '2019-01-01 18:20:44', 7, 9),
(45, 39, 6, '2019-01-01 17:22:41', 6, 9),
(46, 40, 6, '2019-01-01 17:32:23', 5, 9),
(47, 41, 6, '2019-01-01 17:44:03', 6, 9),
(48, 42, 6, '2019-01-02 12:39:57', 5, 9),
(49, 43, 7, '2019-01-01 17:59:51', 7, 7),
(50, 44, 7, '2019-01-01 18:12:45', 7, 9),
(51, 45, 7, '2019-01-01 18:15:01', 7, 9),
(52, 46, 7, '2019-01-01 18:20:44', 7, 9),
(53, 46, 7, '2019-01-01 17:22:41', 6, 9),
(54, 47, 7, '2019-01-01 17:32:23', 5, 9),
(55, 48, 7, '2019-01-01 17:44:04', 6, 9),
(56, 49, 7, '2019-01-02 12:39:57', 5, 9),
(57, 50, 8, '2019-01-01 17:59:51', 7, 9),
(58, 51, 8, '2019-01-01 18:12:45', 7, 9),
(59, 52, 8, '2019-01-01 18:15:01', 7, 9),
(60, 53, 8, '2019-01-01 18:20:44', 7, 9),
(61, 53, 8, '2019-01-01 17:22:41', 6, 9),
(62, 54, 8, '2019-01-01 17:32:23', 5, 9),
(63, 55, 8, '2019-01-01 17:44:04', 6, 9),
(64, 56, 8, '2019-01-02 12:39:57', 5, 9),
(65, 57, 9, '2019-01-01 17:59:51', 7, 9),
(66, 58, 9, '2019-01-01 18:12:45', 7, 9),
(67, 59, 9, '2019-01-01 18:15:01', 7, 9),
(68, 60, 9, '2019-01-01 18:20:44', 7, 9),
(69, 60, 9, '2019-01-01 17:22:41', 6, 9),
(70, 61, 9, '2019-01-01 17:32:23', 5, 9),
(71, 62, 9, '2019-01-01 17:44:04', 6, 9),
(72, 63, 9, '2019-01-02 12:39:57', 5, 9),
(73, 64, 10, '2019-01-01 17:59:51', 7, 9),
(74, 65, 10, '2019-01-01 18:12:45', 7, 9),
(75, 66, 10, '2019-01-01 18:15:01', 7, 9),
(76, 67, 10, '2019-01-01 18:20:44', 7, 9),
(77, 67, 10, '2019-01-01 17:22:41', 6, 9),
(78, 68, 10, '2019-01-01 17:32:24', 5, 9),
(79, 69, 10, '2019-01-01 17:44:04', 6, 9),
(80, 70, 10, '2019-01-02 12:39:57', 5, 9),
(81, 71, 11, '2019-01-01 17:59:51', 7, 9),
(82, 72, 11, '2019-01-01 18:12:45', 7, 9),
(83, 73, 11, '2019-01-01 18:15:01', 7, 9),
(84, 74, 11, '2019-01-01 18:20:44', 7, 9),
(85, 74, 11, '2019-01-01 17:22:41', 6, 9),
(86, 75, 11, '2019-01-01 17:32:24', 5, 9),
(87, 76, 11, '2019-01-01 17:44:05', 6, 9),
(88, 77, 11, '2019-01-02 12:39:57', 5, 9),
(89, 78, 12, '2019-01-01 17:59:51', 7, 9),
(90, 79, 12, '2019-01-01 18:12:45', 7, 9),
(91, 80, 12, '2019-01-01 18:15:01', 7, 9),
(92, 81, 12, '2019-01-01 18:20:44', 7, 9),
(93, 81, 12, '2019-01-01 17:22:41', 6, 9),
(94, 82, 12, '2019-01-01 17:32:24', 5, 9),
(95, 83, 12, '2019-01-01 17:44:05', 6, 9),
(96, 84, 12, '2019-01-02 12:39:57', 5, 9),
(97, 85, 14, '2019-01-01 17:59:51', 7, 9),
(98, 86, 14, '2019-01-01 18:12:45', 7, 9),
(99, 87, 14, '2019-01-01 18:15:01', 7, 9),
(100, 88, 14, '2019-01-01 18:20:44', 7, 9),
(101, 88, 14, '2019-01-01 17:22:41', 6, 9),
(102, 89, 14, '2019-01-01 17:32:24', 5, 9),
(103, 90, 14, '2019-01-01 17:44:05', 6, 9),
(104, 91, 14, '2019-01-02 12:39:58', 5, 9),
(105, 92, 15, '2019-01-01 17:59:51', 7, 9),
(106, 93, 15, '2019-01-01 18:12:45', 7, 9),
(107, 94, 15, '2019-01-01 18:15:01', 7, 9),
(108, 95, 15, '2019-01-01 18:20:44', 7, 9),
(109, 95, 15, '2019-01-01 17:22:41', 6, 9),
(110, 96, 15, '2019-01-01 17:32:24', 5, 9),
(111, 97, 15, '2019-01-01 17:44:05', 6, 9),
(112, 98, 15, '2019-01-02 12:39:58', 5, 9),
(113, 99, 16, '2019-01-01 17:59:51', 7, 9),
(114, 100, 16, '2019-01-01 18:12:45', 7, 9),
(115, 101, 16, '2019-01-01 18:15:01', 7, 9),
(116, 102, 16, '2019-01-01 18:20:44', 7, 9),
(117, 102, 16, '2019-01-01 17:22:42', 6, 9),
(118, 103, 16, '2019-01-01 17:32:25', 5, 9),
(119, 104, 16, '2019-01-01 17:44:06', 6, 9),
(120, 105, 16, '2019-01-02 12:39:58', 5, 9),
(121, 106, 17, '2019-01-01 17:59:51', 7, 9),
(122, 107, 17, '2019-01-01 18:12:45', 7, 9),
(123, 108, 17, '2019-01-01 18:15:01', 7, 9),
(124, 109, 17, '2019-01-01 18:20:44', 7, 9),
(125, 109, 17, '2019-01-01 17:22:42', 6, 9),
(126, 110, 17, '2019-01-01 17:32:25', 5, 9),
(127, 111, 17, '2019-01-01 17:44:06', 6, 9),
(128, 112, 17, '2019-01-02 12:39:58', 5, 9),
(129, 113, 18, '2019-01-01 17:59:51', 7, 9),
(130, 114, 18, '2019-01-01 18:12:45', 7, 9),
(131, 115, 18, '2019-01-01 18:15:01', 7, 9),
(132, 116, 18, '2019-01-01 18:20:44', 7, 9),
(133, 116, 18, '2019-01-01 17:22:42', 6, 9),
(134, 117, 18, '2019-01-01 17:32:25', 5, 9),
(135, 118, 18, '2019-01-01 17:44:07', 6, 9),
(136, 119, 18, '2019-01-02 12:39:58', 5, 9),
(137, 120, 19, '2019-01-01 17:59:51', 7, 9),
(138, 121, 19, '2019-01-01 18:12:45', 7, 9),
(139, 122, 19, '2019-01-01 18:15:01', 7, 9),
(140, 123, 19, '2019-01-01 18:20:44', 7, 9),
(141, 123, 19, '2019-01-01 17:22:42', 6, 9),
(142, 124, 19, '2019-01-01 17:32:25', 5, 9),
(143, 125, 19, '2019-01-01 17:44:07', 6, 9),
(144, 126, 19, '2019-01-02 12:39:59', 5, 9),
(145, 127, 20, '2019-01-01 17:59:51', 7, 9),
(146, 128, 20, '2019-01-01 18:12:45', 7, 9),
(147, 129, 20, '2019-01-01 18:15:01', 7, 9),
(148, 130, 20, '2019-01-01 18:20:44', 7, 9),
(149, 130, 20, '2019-01-01 17:22:42', 6, 9),
(150, 131, 20, '2019-01-01 17:32:25', 5, 9),
(151, 132, 20, '2019-01-01 17:44:07', 6, 9),
(152, 133, 20, '2019-01-02 12:39:59', 5, 9),
(153, 134, 21, '2019-01-01 17:59:51', 7, 9),
(154, 135, 21, '2019-01-01 18:12:45', 7, 9),
(155, 136, 21, '2019-01-01 18:15:01', 7, 9),
(156, 137, 21, '2019-01-01 18:20:44', 7, 9),
(157, 137, 21, '2019-01-01 17:22:42', 6, 9),
(158, 138, 21, '2019-01-01 17:32:25', 5, 9),
(159, 139, 21, '2019-01-01 17:44:08', 6, 9),
(160, 140, 21, '2019-01-02 12:39:59', 5, 9),
(161, 141, 22, '2019-01-01 17:59:51', 7, 9),
(162, 142, 22, '2019-01-01 18:12:45', 7, 9),
(163, 143, 22, '2019-01-01 18:15:01', 7, 9),
(164, 144, 22, '2019-01-01 18:20:44', 7, 9),
(165, 144, 22, '2019-01-01 17:22:42', 6, 9),
(166, 145, 22, '2019-01-01 17:32:25', 5, 9),
(167, 146, 22, '2019-01-01 17:44:08', 6, 9),
(168, 147, 22, '2019-01-02 12:39:59', 5, 9),
(169, 148, 23, '2019-01-01 17:59:51', 7, 9),
(170, 149, 23, '2019-01-01 18:12:45', 7, 9),
(171, 150, 23, '2019-01-01 18:15:01', 7, 9),
(172, 151, 23, '2019-01-01 18:20:44', 7, 9),
(173, 151, 23, '2019-01-01 17:22:42', 6, 9),
(174, 152, 23, '2019-01-01 17:32:26', 5, 9),
(175, 153, 23, '2019-01-01 17:44:08', 6, 9),
(176, 154, 23, '2019-01-02 12:39:59', 5, 9),
(177, 155, 24, '2019-01-01 17:59:51', 7, 9),
(178, 156, 24, '2019-01-01 18:12:45', 7, 9),
(179, 157, 24, '2019-01-01 18:15:01', 7, 9),
(180, 158, 24, '2019-01-01 18:20:44', 7, 9),
(181, 158, 24, '2019-01-01 17:22:42', 6, 9),
(182, 159, 24, '2019-01-01 17:32:26', 5, 9),
(183, 160, 24, '2019-01-01 17:44:08', 6, 9),
(184, 161, 24, '2019-01-02 12:39:59', 5, 9),
(185, 169, 25, '2019-01-01 17:59:51', 7, 9),
(186, 170, 25, '2019-01-01 18:12:45', 7, 9),
(187, 171, 25, '2019-01-01 18:15:01', 7, 9),
(188, 172, 25, '2019-01-01 18:20:44', 7, 9),
(189, 172, 25, '2019-01-01 17:22:42', 6, 9),
(190, 173, 25, '2019-01-01 17:32:26', 5, 9),
(191, 174, 25, '2019-01-01 17:44:09', 6, 9),
(192, 175, 25, '2019-01-02 12:39:59', 5, 9),
(193, 176, 26, '2019-01-01 17:59:51', 7, 9),
(194, 177, 26, '2019-01-01 18:12:45', 7, 9),
(195, 178, 26, '2019-01-01 18:15:01', 7, 9),
(196, 179, 26, '2019-01-01 18:20:44', 7, 9),
(197, 179, 26, '2019-01-01 17:22:43', 6, 9),
(198, 180, 26, '2019-01-01 17:32:26', 5, 9),
(199, 181, 26, '2019-01-01 17:44:09', 6, 9),
(200, 182, 26, '2019-01-02 12:40:00', 5, 9),
(201, 183, 27, '2019-01-01 17:59:51', 7, 9),
(202, 184, 27, '2019-01-01 18:12:45', 7, 9),
(203, 185, 27, '2019-01-01 18:15:01', 7, 9),
(204, 186, 27, '2019-01-01 18:20:44', 7, 9),
(205, 186, 27, '2019-01-01 17:22:43', 6, 9),
(206, 187, 27, '2019-01-01 17:32:26', 5, 9),
(207, 188, 27, '2019-01-01 17:44:09', 6, 9),
(208, 189, 27, '2019-01-02 12:40:00', 5, 9),
(209, 190, 28, '2019-01-01 17:59:51', 7, 9),
(210, 191, 28, '2019-01-01 18:12:45', 7, 9),
(211, 192, 28, '2019-01-01 18:15:01', 7, 9),
(212, 193, 28, '2019-01-01 18:20:44', 7, 9),
(213, 193, 28, '2019-01-01 17:22:43', 6, 9),
(214, 194, 28, '2019-01-01 17:32:27', 5, 9),
(215, 195, 28, '2019-01-01 17:44:10', 6, 9),
(216, 196, 28, '2019-01-02 12:40:00', 5, 9),
(217, 197, 29, '2019-01-01 17:59:51', 7, 9),
(218, 198, 29, '2019-01-01 18:12:45', 7, 9),
(219, 199, 29, '2019-01-01 18:15:01', 7, 9),
(220, 200, 29, '2019-01-01 18:20:44', 7, 9),
(221, 200, 29, '2019-01-01 17:22:43', 6, 9),
(222, 201, 29, '2019-01-01 17:32:27', 5, 9),
(223, 202, 29, '2019-01-01 17:44:10', 6, 9),
(224, 203, 29, '2019-01-02 12:40:00', 5, 9),
(225, 204, 30, '2019-01-01 17:59:51', 7, 9),
(226, 205, 30, '2019-01-01 18:12:45', 7, 9),
(227, 206, 30, '2019-01-01 18:15:01', 7, 9),
(228, 207, 30, '2019-01-01 18:20:44', 7, 9),
(229, 207, 30, '2019-01-01 17:22:43', 6, 9),
(230, 208, 30, '2019-01-01 17:32:27', 5, 9),
(231, 209, 30, '2019-01-01 17:44:10', 6, 9),
(232, 210, 30, '2019-01-02 12:40:00', 5, 9),
(233, 211, 31, '2019-01-01 17:59:51', 7, 9),
(234, 212, 31, '2019-01-01 18:12:45', 7, 9),
(235, 213, 31, '2019-01-01 18:15:01', 7, 9),
(236, 214, 31, '2019-01-01 18:20:44', 7, 9),
(237, 214, 31, '2019-01-01 17:22:43', 6, 9),
(238, 215, 31, '2019-01-01 17:32:28', 5, 9),
(239, 216, 31, '2019-01-01 17:44:10', 6, 9),
(240, 217, 31, '2019-01-02 12:40:00', 5, 9),
(241, 218, 32, '2019-01-01 17:59:51', 7, 9),
(242, 219, 32, '2019-01-01 18:12:45', 7, 9),
(243, 220, 32, '2019-01-01 18:15:01', 7, 9),
(244, 221, 32, '2019-01-01 18:20:44', 7, 9),
(245, 221, 32, '2019-01-01 17:22:43', 6, 9),
(246, 222, 32, '2019-01-01 17:32:28', 5, 9),
(247, 223, 32, '2019-01-01 17:44:11', 6, 9),
(248, 224, 32, '2019-01-02 12:40:01', 5, 9),
(249, 225, 33, '2019-01-01 17:59:51', 7, 9),
(250, 226, 33, '2019-01-01 18:12:45', 7, 9),
(251, 227, 33, '2019-01-01 18:15:01', 7, 9),
(252, 228, 33, '2019-01-01 18:20:44', 7, 9),
(253, 228, 33, '2019-01-01 17:22:43', 6, 9),
(254, 229, 33, '2019-01-01 17:32:28', 5, 9),
(255, 230, 33, '2019-01-01 17:44:11', 6, 9),
(256, 231, 33, '2019-01-02 12:40:01', 5, 9),
(257, 232, 34, '2019-01-01 17:59:51', 7, 9),
(258, 233, 34, '2019-01-01 18:12:45', 7, 9),
(259, 234, 34, '2019-01-01 18:15:01', 7, 9),
(260, 235, 34, '2019-01-01 18:20:44', 7, 9),
(261, 235, 34, '2019-01-01 17:22:43', 6, 9),
(262, 236, 34, '2019-01-01 17:32:29', 5, 9),
(263, 237, 34, '2019-01-01 17:44:12', 6, 9),
(264, 238, 34, '2019-01-02 12:40:02', 5, 9),
(265, 239, 35, '2019-01-01 17:59:51', 7, 9),
(266, 240, 35, '2019-01-01 18:12:45', 7, 9),
(267, 241, 35, '2019-01-01 18:15:01', 7, 9),
(268, 242, 35, '2019-01-01 18:20:44', 7, 9),
(269, 242, 35, '2019-01-01 17:22:43', 6, 9),
(270, 243, 35, '2019-01-01 17:32:29', 5, 9),
(271, 244, 35, '2019-01-01 17:44:13', 6, 9),
(272, 245, 35, '2019-01-02 12:40:02', 5, 9),
(273, 260, 38, '2019-01-01 17:59:51', 7, 9),
(274, 261, 38, '2019-01-01 18:12:45', 7, 9),
(275, 262, 38, '2019-01-01 18:15:01', 7, 9),
(276, 263, 38, '2019-01-01 18:20:44', 7, 9),
(277, 263, 38, '2019-01-01 17:22:44', 6, 9),
(278, 264, 38, '2019-01-01 17:32:30', 5, 9),
(279, 265, 38, '2019-01-01 17:44:13', 6, 9),
(280, 266, 38, '2019-01-02 12:40:02', 5, 9),
(281, 267, 39, '2019-01-01 17:59:51', 7, 9),
(282, 268, 39, '2019-01-01 18:12:45', 7, 9),
(283, 269, 39, '2019-01-01 18:15:01', 7, 9),
(284, 270, 39, '2019-01-01 18:20:44', 7, 7),
(285, 270, 39, '2019-01-01 17:22:44', 6, 9),
(286, 271, 39, '2019-01-01 17:32:30', 5, 9),
(287, 272, 39, '2019-01-01 17:44:14', 6, 9),
(288, 273, 39, '2019-01-02 12:40:02', 5, 9),
(289, 274, 40, '2019-01-01 17:59:51', 7, 9),
(290, 275, 40, '2019-01-01 18:12:45', 7, 9),
(291, 276, 40, '2019-01-01 18:15:01', 7, 9),
(292, 277, 40, '2019-01-01 18:20:44', 7, 7),
(293, 277, 40, '2019-01-01 17:22:44', 6, 9),
(294, 278, 40, '2019-01-01 17:32:30', 5, 9),
(295, 279, 40, '2019-01-01 17:44:14', 6, 9),
(296, 280, 40, '2019-01-02 12:40:02', 5, 9),
(297, 162, 13, '2019-01-01 17:59:51', 7, 9),
(298, 163, 13, '2019-01-01 18:12:45', 7, 9),
(299, 164, 13, '2019-01-01 18:15:01', 7, 9),
(300, 165, 13, '2019-01-01 18:20:44', 7, 7),
(301, 165, 13, '2019-01-01 17:22:44', 6, 9),
(302, 166, 13, '2019-01-01 17:32:31', 5, 9),
(303, 167, 13, '2019-01-01 17:44:14', 6, 9),
(304, 168, 13, '2019-01-02 12:40:02', 5, 9),
(305, 449, 36, '2019-01-01 17:59:51', 7, 9),
(306, 450, 36, '2019-01-01 18:12:45', 7, 9),
(307, 451, 36, '2019-01-01 18:15:01', 7, 9),
(308, 452, 36, '2019-01-01 18:20:44', 7, 9),
(309, 452, 36, '2019-01-01 17:22:44', 6, 9),
(310, 453, 36, '2019-01-01 17:32:29', 5, 9),
(311, 454, 36, '2019-01-01 17:44:13', 6, 9),
(312, 455, 36, '2019-01-02 12:40:02', 5, 9),
(513, 288, 42, '2019-01-01 14:21:38', 7, 7),
(514, 289, 42, '2019-01-01 15:00:16', 7, 9),
(515, 290, 42, '2019-01-01 15:06:14', 7, 9),
(516, 291, 42, '2019-01-01 15:09:23', 7, 9),
(517, 291, 42, '2019-01-01 12:56:39', 6, 9),
(518, 292, 42, '2019-01-01 13:13:43', 5, 9),
(519, 293, 42, '2019-01-01 14:06:24', 6, 9),
(520, 294, 42, '2019-01-02 12:42:40', 5, 9),
(521, 295, 43, '2019-01-01 14:21:38', 7, 7),
(522, 296, 43, '2019-01-01 15:00:16', 7, 9),
(523, 297, 43, '2019-01-01 15:06:14', 7, 9),
(524, 298, 43, '2019-01-01 15:09:23', 7, 9),
(525, 298, 43, '2019-01-01 12:56:39', 6, 6),
(526, 299, 43, '2019-01-01 13:13:43', 5, 9),
(527, 300, 43, '2019-01-01 14:06:24', 6, 9),
(528, 301, 43, '2019-01-02 12:42:40', 5, 9),
(529, 302, 44, '2019-01-01 14:21:38', 7, 7),
(530, 303, 44, '2019-01-01 15:00:16', 7, 9),
(531, 304, 44, '2019-01-01 15:06:14', 7, 9),
(532, 305, 44, '2018-12-30 09:44:28', 7, NULL),
(533, 305, 44, '2018-12-30 09:44:28', 6, NULL),
(534, 306, 44, '2019-01-01 13:13:43', 5, 9),
(535, 307, 44, '2019-01-01 14:06:24', 6, 9),
(536, 308, 44, '2019-01-02 12:42:40', 5, 9),
(537, 309, 45, '2019-01-01 14:21:38', 7, 9),
(538, 310, 45, '2019-01-01 15:00:16', 7, 9),
(539, 311, 45, '2019-01-01 15:06:14', 7, 9),
(540, 312, 45, '2019-01-01 15:09:23', 7, 9),
(541, 312, 45, '2019-01-01 12:56:39', 6, 6),
(542, 313, 45, '2019-01-01 13:13:43', 5, 5),
(543, 314, 45, '2019-01-01 14:06:24', 6, 9),
(544, 315, 45, '2019-01-02 12:42:40', 5, 9),
(545, 317, 46, '2019-01-01 15:00:16', 7, 9),
(546, 318, 46, '2019-01-01 15:06:14', 7, 9),
(547, 319, 46, '2019-01-01 15:09:23', 7, 9),
(548, 319, 46, '2019-01-01 12:56:40', 6, 9),
(549, 320, 46, '2019-01-01 13:13:43', 5, 9),
(550, 321, 46, '2019-01-01 14:06:24', 6, 9),
(551, 322, 46, '2019-01-02 12:42:40', 5, 9),
(552, 316, 46, '2019-01-01 14:21:38', 7, 9),
(553, 330, 48, '2019-01-01 14:21:38', 7, 9),
(554, 331, 48, '2019-01-01 15:00:16', 7, 9),
(555, 332, 48, '2019-01-01 15:06:14', 7, 9),
(556, 333, 48, '2019-01-01 15:09:23', 7, 9),
(557, 333, 48, '2019-01-01 12:56:40', 6, 9),
(558, 334, 48, '2019-01-01 13:13:44', 5, 9),
(559, 335, 48, '2019-01-01 14:06:25', 6, 9),
(560, 336, 48, '2019-01-02 12:42:41', 5, 9),
(561, 337, 49, '2019-01-01 14:21:38', 7, 9),
(562, 338, 49, '2019-01-01 15:00:16', 7, 9),
(563, 339, 49, '2019-01-01 15:06:14', 7, 9),
(564, 340, 49, '2019-01-01 15:09:23', 7, 9),
(565, 340, 49, '2019-01-01 12:56:40', 6, 9),
(566, 341, 49, '2019-01-01 13:13:44', 5, 9),
(567, 342, 49, '2019-01-01 14:06:25', 6, 9),
(568, 343, 49, '2019-01-02 12:42:41', 5, 9),
(569, 344, 50, '2019-01-01 14:21:38', 7, 9),
(570, 345, 50, '2019-01-01 15:00:16', 7, 9),
(571, 346, 50, '2019-01-01 15:06:14', 7, 9),
(572, 347, 50, '2019-01-01 15:09:23', 7, 9),
(573, 347, 50, '2019-01-01 12:56:40', 6, 9),
(574, 348, 50, '2019-01-01 13:13:44', 5, 9),
(575, 349, 50, '2019-01-01 14:06:25', 6, 9),
(576, 350, 50, '2019-01-02 12:42:41', 5, 9),
(577, 351, 51, '2019-01-01 14:21:38', 7, 9),
(578, 352, 51, '2019-01-01 15:00:16', 7, 9),
(579, 353, 51, '2019-01-01 15:06:14', 7, 9),
(580, 354, 51, '2019-01-01 15:09:23', 7, 9),
(581, 354, 51, '2019-01-01 12:56:40', 6, 9),
(582, 355, 51, '2019-01-01 13:13:44', 5, 9),
(583, 356, 51, '2019-01-01 14:06:25', 6, 9),
(584, 357, 51, '2019-01-02 12:42:41', 5, 9),
(585, 358, 52, '2019-01-01 14:21:38', 7, 9),
(586, 359, 52, '2019-01-01 15:00:16', 7, 9),
(587, 360, 52, '2019-01-01 15:06:14', 7, 9),
(588, 361, 52, '2019-01-01 15:09:23', 7, 9),
(589, 361, 52, '2019-01-01 12:56:40', 6, 9),
(590, 362, 52, '2019-01-01 13:13:44', 5, 9),
(591, 363, 52, '2019-01-01 14:06:26', 6, 6),
(592, 364, 52, '2019-01-02 12:42:41', 5, 9),
(593, 365, 53, '2019-01-01 14:21:38', 7, 9),
(594, 366, 53, '2019-01-01 15:00:16', 7, 9),
(595, 367, 53, '2019-01-01 15:06:14', 7, 9),
(596, 368, 53, '2019-01-01 15:09:23', 7, 9),
(597, 368, 53, '2019-01-01 12:56:40', 6, 9),
(598, 369, 53, '2019-01-01 13:13:45', 5, 9),
(599, 370, 53, '2018-12-30 09:51:34', 6, NULL),
(600, 371, 53, '2019-01-02 12:42:42', 5, 9),
(601, 372, 54, '2019-01-01 14:21:38', 7, 9),
(602, 373, 54, '2019-01-01 15:00:16', 7, 9),
(603, 374, 54, '2019-01-01 15:06:14', 7, 9),
(604, 375, 54, '2019-01-01 15:09:23', 7, 9),
(605, 375, 54, '2019-01-01 12:56:40', 6, 9),
(606, 376, 54, '2019-01-01 13:13:45', 5, 9),
(607, 377, 54, '2019-01-01 14:06:26', 6, 6),
(608, 378, 54, '2019-01-02 12:42:42', 5, 9),
(609, 386, 56, '2019-01-01 14:21:38', 7, 9),
(610, 387, 56, '2019-01-01 15:00:16', 7, 9),
(611, 388, 56, '2019-01-01 15:06:14', 7, 9),
(612, 389, 56, '2019-01-01 15:09:23', 7, 9),
(613, 389, 56, '2019-01-01 12:56:41', 6, 9),
(614, 390, 56, '2019-01-01 13:13:45', 5, 9),
(615, 391, 56, '2019-01-01 14:06:27', 6, 9),
(616, 392, 56, '2019-01-02 12:42:42', 5, 9),
(617, 393, 57, '2019-01-01 14:21:38', 7, 9),
(618, 394, 57, '2019-01-01 15:00:16', 7, 9),
(619, 395, 57, '2019-01-01 15:06:14', 7, 9),
(620, 396, 57, '2019-01-01 15:09:23', 7, 9),
(621, 396, 57, '2019-01-01 12:56:41', 6, 9),
(622, 397, 57, '2019-01-01 13:13:45', 5, 9),
(623, 398, 57, '2019-01-01 14:06:27', 6, 9),
(624, 399, 57, '2019-01-02 12:42:42', 5, 9),
(625, 400, 59, '2019-01-01 14:21:38', 7, 9),
(626, 401, 59, '2019-01-01 15:00:16', 7, 9),
(627, 402, 59, '2019-01-01 15:06:14', 7, 9),
(628, 403, 59, '2019-01-01 15:09:23', 7, 9),
(629, 403, 59, '2019-01-01 12:56:41', 6, 9),
(630, 404, 59, '2019-01-01 13:13:45', 5, 9),
(631, 405, 59, '2019-01-01 14:06:27', 6, 9),
(632, 406, 59, '2019-01-02 12:42:42', 5, 9),
(633, 407, 60, '2019-01-01 14:21:38', 7, 9),
(634, 408, 60, '2019-01-01 15:00:16', 7, 9),
(635, 409, 60, '2019-01-01 15:06:14', 7, 9),
(636, 410, 60, '2019-01-01 15:09:23', 7, 9),
(637, 410, 60, '2019-01-01 12:56:41', 6, 9),
(638, 411, 60, '2019-01-01 15:15:16', 5, 9),
(639, 412, 60, '2019-01-01 14:06:27', 6, 9),
(640, 413, 60, '2019-01-02 12:42:43', 5, 9),
(641, 414, 61, '2019-01-01 14:21:38', 7, 9),
(642, 415, 61, '2019-01-01 15:00:16', 7, 9),
(643, 416, 61, '2019-01-01 15:06:14', 7, 9),
(644, 417, 61, '2019-01-01 15:09:23', 7, 9),
(645, 417, 61, '2019-01-01 12:56:41', 6, 9),
(646, 418, 61, '2019-01-01 15:16:06', 5, 9),
(647, 419, 61, '2019-01-01 14:06:27', 6, 9),
(648, 420, 61, '2019-01-02 12:42:43', 5, 9),
(649, 421, 62, '2019-01-01 14:21:38', 7, 9),
(650, 422, 62, '2019-01-01 15:00:16', 7, 9),
(651, 423, 62, '2019-01-01 15:06:14', 7, 9),
(652, 424, 62, '2019-01-01 15:09:23', 7, 9),
(653, 424, 62, '2019-01-01 12:56:41', 6, 9),
(654, 425, 62, '2019-01-01 15:16:45', 5, 9),
(655, 426, 62, '2019-01-01 14:06:27', 6, 9),
(656, 427, 62, '2019-01-02 12:42:43', 5, 9),
(657, 428, 63, '2019-01-01 14:21:38', 7, 9),
(658, 429, 63, '2019-01-01 15:00:16', 7, 9),
(659, 430, 63, '2019-01-01 15:06:14', 7, 9),
(660, 431, 63, '2019-01-01 15:09:23', 7, 9),
(661, 431, 63, '2019-01-01 12:56:41', 6, 9),
(662, 432, 63, '2019-01-01 15:17:26', 5, 9),
(663, 433, 63, '2019-01-01 14:06:28', 6, 9),
(664, 434, 63, '2019-01-02 12:42:43', 5, 9),
(665, 435, 64, '2019-01-01 14:21:38', 7, 9),
(666, 436, 64, '2019-01-01 15:00:16', 7, 9),
(667, 437, 64, '2019-01-01 15:06:14', 7, 9),
(668, 438, 64, '2019-01-01 15:09:23', 7, 9),
(669, 438, 64, '2019-01-01 12:56:41', 6, 9),
(670, 439, 64, '2019-01-01 15:18:01', 5, 9),
(671, 440, 64, '2019-01-01 14:06:28', 6, 9),
(672, 441, 64, '2019-01-02 12:42:43', 5, 9),
(673, 442, 65, '2019-01-01 14:21:38', 7, 9),
(674, 443, 65, '2019-01-01 15:00:16', 7, 9),
(675, 444, 65, '2019-01-01 15:06:14', 7, 9),
(676, 445, 65, '2019-01-01 15:09:23', 7, 9),
(677, 445, 65, '2019-01-01 12:56:42', 6, 9),
(678, 446, 65, '2019-01-01 15:18:43', 5, 9),
(679, 447, 65, '2019-01-01 14:06:28', 6, 9),
(680, 448, 65, '2019-01-02 12:42:44', 5, 9),
(681, 323, 47, '2019-01-01 14:21:38', 7, 9),
(682, 324, 47, '2019-01-01 15:00:16', 7, 9),
(683, 325, 47, '2019-01-01 15:06:14', 7, 9),
(684, 326, 47, '2019-01-01 15:09:23', 7, 9),
(685, 326, 47, '2019-01-01 12:56:40', 6, 9),
(686, 327, 47, '2019-01-01 13:13:44', 5, 5),
(687, 328, 47, '2019-01-01 14:06:25', 6, 9),
(688, 329, 47, '2019-01-02 12:42:39', 5, 9),
(689, 379, 55, '2019-01-01 14:21:38', 7, 9),
(690, 380, 55, '2019-01-01 15:00:16', 7, 9),
(691, 381, 55, '2019-01-01 15:06:14', 7, 9),
(692, 382, 55, '2019-01-01 15:09:23', 7, 9),
(693, 382, 55, '2019-01-01 12:56:41', 6, 9),
(694, 383, 55, '2019-01-01 13:13:45', 5, 9),
(695, 384, 55, '2019-01-01 14:06:26', 6, 9),
(696, 385, 55, '2019-01-02 12:42:39', 5, 9),
(697, 456, 1, '2019-01-03 14:56:17', 6, 9),
(698, 457, 1, '2019-01-02 15:00:23', 7, NULL),
(699, 458, 1, '2019-01-02 15:00:23', 7, NULL),
(700, 459, 1, '2019-01-02 15:00:23', 7, NULL),
(701, 459, 1, '2019-01-03 15:02:22', 5, 9),
(702, 460, 1, '2019-01-02 15:00:23', 7, NULL),
(703, 460, 1, '2019-01-03 15:04:46', 5, 9),
(704, 461, 1, '2019-01-03 15:08:18', 6, 9),
(705, 462, 1, '2019-01-02 15:00:23', 5, NULL),
(708, 5, 1, '2019-01-04 04:14:46', 5, 9),
(709, 463, 2, '2019-01-03 14:56:17', 6, 9),
(710, 464, 2, '2019-01-02 15:41:51', 7, NULL),
(711, 465, 2, '2019-01-02 15:41:51', 7, NULL),
(712, 466, 2, '2019-01-02 15:41:52', 7, NULL),
(713, 466, 2, '2019-01-03 15:02:23', 5, 9),
(714, 467, 2, '2019-01-02 15:41:52', 7, NULL),
(715, 467, 2, '2019-01-03 15:04:47', 5, 9),
(716, 468, 2, '2019-01-03 15:08:18', 6, 9),
(717, 469, 2, '2019-01-02 15:41:52', 5, NULL),
(718, 8, 2, '2019-01-02 15:41:52', 7, NULL),
(719, 472, 3, '2019-01-03 14:56:17', 6, 9),
(720, 473, 3, '2019-01-02 15:42:18', 7, NULL),
(721, 474, 3, '2019-01-02 15:42:18', 7, NULL),
(722, 475, 3, '2019-01-02 15:42:18', 7, NULL),
(723, 475, 3, '2019-01-03 15:02:23', 5, 9),
(724, 476, 3, '2019-01-02 15:42:19', 7, NULL),
(725, 476, 3, '2019-01-03 15:04:47', 5, 9),
(726, 477, 3, '2019-01-03 15:08:18', 6, 9),
(727, 478, 3, '2019-01-02 15:42:19', 5, NULL),
(728, 479, 4, '2019-01-03 14:56:18', 6, 9),
(729, 480, 4, '2019-01-02 15:45:18', 7, NULL),
(730, 481, 4, '2019-01-02 15:45:18', 7, NULL),
(731, 482, 4, '2019-01-02 15:45:18', 7, NULL),
(732, 482, 4, '2019-01-03 15:02:23', 5, 9),
(733, 483, 4, '2019-01-02 15:45:18', 7, NULL),
(734, 483, 4, '2019-01-03 15:04:47', 5, 9),
(735, 484, 4, '2019-01-03 15:08:19', 6, 9),
(736, 485, 4, '2019-01-02 15:45:19', 5, NULL),
(737, 26, 4, '2019-01-04 04:14:46', 5, 9),
(738, 487, 5, '2019-01-03 14:56:18', 6, 9),
(739, 488, 5, '2019-01-02 15:45:57', 7, NULL),
(740, 489, 5, '2019-01-02 15:45:57', 7, NULL),
(741, 490, 5, '2019-01-02 15:45:57', 7, NULL),
(742, 490, 5, '2019-01-03 15:02:23', 5, 9),
(743, 491, 5, '2019-01-02 15:45:57', 7, NULL),
(744, 491, 5, '2019-01-03 15:04:47', 5, 9),
(745, 492, 5, '2019-01-03 15:08:19', 6, 9),
(746, 493, 5, '2019-01-02 15:45:57', 5, NULL),
(747, 29, 5, '2019-01-02 15:45:57', 7, NULL),
(748, 494, 6, '2019-01-03 14:56:18', 6, 9),
(749, 495, 6, '2019-01-02 15:46:28', 7, NULL),
(750, 496, 6, '2019-01-02 15:46:28', 7, NULL),
(751, 497, 6, '2019-01-02 15:46:28', 7, NULL),
(752, 497, 6, '2019-01-03 15:02:23', 5, 9),
(753, 498, 6, '2019-01-02 15:46:28', 7, NULL),
(754, 498, 6, '2019-01-03 15:04:47', 5, 9),
(755, 499, 6, '2019-01-03 15:08:19', 6, 9),
(756, 500, 6, '2019-01-02 15:46:28', 5, NULL),
(757, 502, 7, '2019-01-03 14:56:18', 6, 9),
(758, 503, 7, '2019-01-02 15:47:06', 7, NULL),
(759, 504, 7, '2019-01-02 15:47:06', 7, NULL),
(760, 505, 7, '2019-01-02 15:47:06', 7, NULL),
(761, 505, 7, '2019-01-03 15:02:23', 5, 9),
(762, 506, 7, '2019-01-02 15:47:07', 7, NULL),
(763, 506, 7, '2019-01-03 15:04:47', 5, 9),
(764, 507, 7, '2019-01-03 15:08:19', 6, 9),
(765, 508, 7, '2019-01-02 15:47:07', 5, NULL),
(766, 43, 7, '2019-01-02 15:47:07', 7, NULL),
(767, 509, 8, '2019-01-03 14:56:18', 6, 9),
(768, 510, 8, '2019-01-02 15:47:31', 7, NULL),
(769, 511, 8, '2019-01-02 15:47:31', 7, NULL),
(770, 512, 8, '2019-01-02 15:47:31', 7, NULL),
(771, 512, 8, '2019-01-03 15:02:23', 5, 9),
(772, 513, 8, '2019-01-02 15:47:31', 7, NULL),
(773, 513, 8, '2019-01-03 15:04:47', 5, 9),
(774, 514, 8, '2019-01-03 15:08:20', 6, 9),
(775, 515, 8, '2019-01-02 15:47:31', 5, NULL),
(776, 516, 9, '2019-01-03 14:56:18', 6, 9),
(777, 517, 9, '2019-01-02 15:47:59', 7, NULL),
(778, 518, 9, '2019-01-02 15:47:59', 7, NULL),
(779, 519, 9, '2019-01-02 15:47:59', 7, NULL),
(780, 519, 9, '2019-01-03 15:02:23', 5, 9),
(781, 520, 9, '2019-01-02 15:47:59', 7, NULL),
(782, 520, 9, '2019-01-03 15:04:47', 5, 9),
(783, 521, 9, '2019-01-03 15:08:20', 6, 9),
(784, 522, 9, '2019-01-02 15:47:59', 5, NULL),
(785, 523, 10, '2019-01-03 14:56:18', 6, 9),
(786, 524, 10, '2019-01-02 15:48:20', 7, NULL),
(787, 525, 10, '2019-01-02 15:48:20', 7, NULL),
(788, 526, 10, '2019-01-02 15:48:20', 7, NULL),
(789, 526, 10, '2019-01-03 15:02:23', 5, 9),
(790, 527, 10, '2019-01-02 15:48:20', 7, NULL),
(791, 527, 10, '2019-01-03 15:04:47', 5, 9),
(792, 528, 10, '2019-01-03 15:08:20', 6, 9),
(793, 529, 10, '2019-01-02 15:48:21', 5, NULL),
(794, 530, 11, '2019-01-03 14:56:19', 6, 9),
(795, 531, 11, '2019-01-02 15:48:42', 7, NULL),
(796, 532, 11, '2019-01-02 15:48:42', 7, NULL),
(797, 533, 11, '2019-01-02 15:48:42', 7, NULL),
(798, 533, 11, '2019-01-03 15:02:24', 5, 9),
(799, 534, 11, '2019-01-02 15:48:42', 7, NULL),
(800, 534, 11, '2019-01-03 15:04:48', 5, 9),
(801, 535, 11, '2019-01-03 15:08:20', 6, 9),
(802, 536, 11, '2019-01-02 15:48:42', 5, NULL),
(803, 537, 12, '2019-01-03 14:56:19', 6, 9),
(804, 538, 12, '2019-01-02 15:49:04', 7, NULL),
(805, 539, 12, '2019-01-02 15:49:04', 7, NULL),
(806, 540, 12, '2019-01-02 15:49:04', 7, NULL),
(807, 540, 12, '2019-01-03 15:02:24', 5, 9),
(808, 541, 12, '2019-01-02 15:49:05', 7, NULL),
(809, 541, 12, '2019-01-03 15:04:48', 5, 9),
(810, 542, 12, '2019-01-03 15:08:21', 6, 9),
(811, 543, 12, '2019-01-02 15:49:05', 5, NULL),
(812, 544, 14, '2019-01-03 14:56:19', 6, 9),
(813, 545, 14, '2019-01-02 15:49:26', 7, NULL),
(814, 546, 14, '2019-01-02 15:49:26', 7, NULL),
(815, 547, 14, '2019-01-02 15:49:26', 7, NULL),
(816, 547, 14, '2019-01-03 15:02:24', 5, 9),
(817, 548, 14, '2019-01-02 15:49:26', 7, NULL),
(818, 548, 14, '2019-01-03 15:04:48', 5, 9),
(819, 549, 14, '2019-01-03 15:08:21', 6, 9),
(820, 550, 14, '2019-01-02 15:49:27', 5, NULL),
(821, 551, 15, '2019-01-03 14:56:19', 6, 9),
(822, 552, 15, '2019-01-02 15:50:10', 7, NULL),
(823, 553, 15, '2019-01-02 15:50:11', 7, NULL),
(824, 554, 15, '2019-01-02 15:50:11', 7, NULL),
(825, 554, 15, '2019-01-03 15:02:24', 5, 9),
(826, 555, 15, '2019-01-02 15:50:11', 7, NULL),
(827, 555, 15, '2019-01-03 15:04:48', 5, 9),
(828, 556, 15, '2019-01-03 15:08:21', 6, 9),
(829, 557, 15, '2019-01-02 15:50:11', 5, NULL),
(830, 558, 16, '2019-01-03 14:56:20', 6, 9),
(831, 559, 16, '2019-01-02 15:50:33', 7, NULL),
(832, 560, 16, '2019-01-02 15:50:33', 7, NULL),
(833, 561, 16, '2019-01-02 15:50:33', 7, NULL),
(834, 561, 16, '2019-01-03 15:02:24', 5, 9),
(835, 562, 16, '2019-01-02 15:50:33', 7, NULL),
(836, 562, 16, '2019-01-03 15:04:48', 5, 9),
(837, 563, 16, '2019-01-03 15:08:21', 6, 9),
(838, 564, 16, '2019-01-02 15:50:33', 5, NULL),
(839, 565, 17, '2019-01-03 14:56:20', 6, 9),
(840, 566, 17, '2019-01-02 15:50:51', 7, NULL),
(841, 567, 17, '2019-01-02 15:50:51', 7, NULL),
(842, 568, 17, '2019-01-02 15:50:51', 7, NULL),
(843, 568, 17, '2019-01-03 15:02:24', 5, 9),
(844, 569, 17, '2019-01-02 15:50:51', 7, NULL),
(845, 569, 17, '2019-01-03 15:04:48', 5, 9),
(846, 570, 17, '2019-01-03 15:08:21', 6, 9),
(847, 571, 17, '2019-01-02 15:50:51', 5, NULL),
(848, 572, 18, '2019-01-03 14:56:20', 6, 9),
(849, 573, 18, '2019-01-02 15:51:09', 7, NULL),
(850, 574, 18, '2019-01-02 15:51:09', 7, NULL),
(851, 575, 18, '2019-01-02 15:51:09', 7, NULL),
(852, 575, 18, '2019-01-03 15:02:24', 5, 9),
(853, 576, 18, '2019-01-02 15:51:09', 7, NULL),
(854, 576, 18, '2019-01-03 15:04:48', 5, 9),
(855, 577, 18, '2019-01-03 15:08:21', 6, 9),
(856, 578, 18, '2019-01-02 15:51:10', 5, NULL),
(857, 579, 19, '2019-01-03 14:56:20', 6, 9),
(858, 580, 19, '2019-01-02 15:51:40', 7, NULL),
(859, 581, 19, '2019-01-02 15:51:40', 7, NULL),
(860, 582, 19, '2019-01-02 15:51:41', 7, NULL),
(861, 582, 19, '2019-01-03 15:02:24', 5, 9),
(862, 583, 19, '2019-01-02 15:51:41', 7, NULL),
(863, 583, 19, '2019-01-03 15:04:48', 5, 9),
(864, 584, 19, '2019-01-03 15:08:21', 6, 9),
(865, 585, 19, '2019-01-02 15:51:41', 5, NULL),
(866, 586, 20, '2019-01-03 14:56:20', 6, 9),
(867, 587, 20, '2019-01-02 15:52:02', 7, NULL),
(868, 588, 20, '2019-01-02 15:52:02', 7, NULL),
(869, 589, 20, '2019-01-02 15:52:02', 7, NULL),
(870, 589, 20, '2019-01-03 15:02:24', 5, 9),
(871, 590, 20, '2019-01-02 15:52:02', 7, NULL),
(872, 590, 20, '2019-01-03 15:04:48', 5, 9),
(873, 591, 20, '2019-01-03 15:08:21', 6, 9),
(874, 592, 20, '2019-01-02 15:52:02', 5, NULL),
(875, 593, 21, '2019-01-03 14:56:21', 6, 9),
(876, 594, 21, '2019-01-02 15:52:26', 7, NULL),
(877, 595, 21, '2019-01-02 15:52:26', 7, NULL),
(878, 596, 21, '2019-01-02 15:52:26', 7, NULL),
(879, 596, 21, '2019-01-03 15:02:24', 5, 9),
(880, 597, 21, '2019-01-02 15:52:26', 7, NULL),
(881, 597, 21, '2019-01-03 15:04:48', 5, 9),
(882, 598, 21, '2019-01-03 15:08:22', 6, 9),
(883, 599, 21, '2019-01-02 15:52:27', 5, NULL),
(884, 600, 22, '2019-01-03 14:56:21', 6, 9),
(885, 601, 22, '2019-01-02 15:52:49', 7, NULL),
(886, 602, 22, '2019-01-02 15:52:49', 7, NULL),
(887, 603, 22, '2019-01-02 15:52:49', 7, NULL),
(888, 603, 22, '2019-01-03 15:02:24', 5, 9),
(889, 604, 22, '2019-01-02 15:52:49', 7, NULL),
(890, 604, 22, '2019-01-03 15:04:49', 5, 9),
(891, 605, 22, '2019-01-03 15:08:22', 6, 9),
(892, 606, 22, '2019-01-02 15:52:49', 5, NULL),
(893, 607, 23, '2019-01-03 14:56:21', 6, 9),
(894, 608, 23, '2019-01-02 15:53:55', 7, NULL),
(895, 609, 23, '2019-01-02 15:53:55', 7, NULL),
(896, 610, 23, '2019-01-02 15:53:55', 7, NULL),
(897, 610, 23, '2019-01-03 15:02:25', 5, 9),
(898, 611, 23, '2019-01-02 15:53:55', 7, NULL),
(899, 611, 23, '2019-01-03 15:04:49', 5, 9),
(900, 612, 23, '2019-01-03 15:08:22', 6, 9),
(901, 613, 23, '2019-01-02 15:53:55', 5, NULL),
(902, 614, 24, '2019-01-03 14:56:22', 6, 9),
(903, 615, 24, '2019-01-02 15:54:11', 7, NULL),
(904, 616, 24, '2019-01-02 15:54:11', 7, NULL),
(905, 617, 24, '2019-01-02 15:54:11', 7, NULL),
(906, 617, 24, '2019-01-03 15:02:25', 5, 9),
(907, 618, 24, '2019-01-02 15:54:11', 7, NULL),
(908, 618, 24, '2019-01-03 15:04:49', 5, 9),
(909, 619, 24, '2019-01-03 15:08:22', 6, 9),
(910, 620, 24, '2019-01-02 15:54:11', 5, NULL),
(911, 621, 25, '2019-01-03 14:56:22', 6, 9),
(912, 622, 25, '2019-01-02 15:54:30', 7, NULL),
(913, 623, 25, '2019-01-02 15:54:30', 7, NULL),
(914, 624, 25, '2019-01-02 15:54:30', 7, NULL),
(915, 624, 25, '2019-01-03 15:02:25', 5, 9),
(916, 625, 25, '2019-01-02 15:54:30', 7, NULL),
(917, 625, 25, '2019-01-03 15:04:49', 5, 9),
(918, 626, 25, '2019-01-03 15:08:23', 6, 9),
(919, 627, 25, '2019-01-02 15:54:30', 5, NULL),
(920, 628, 26, '2019-01-03 14:56:22', 6, 9),
(921, 629, 26, '2019-01-02 15:54:45', 7, NULL),
(922, 630, 26, '2019-01-02 15:54:46', 7, NULL),
(923, 631, 26, '2019-01-02 15:54:46', 7, NULL),
(924, 631, 26, '2019-01-03 15:02:25', 5, 9),
(925, 632, 26, '2019-01-02 15:54:46', 7, NULL),
(926, 632, 26, '2019-01-03 15:04:49', 5, 9),
(927, 633, 26, '2019-01-03 15:08:23', 6, 9),
(928, 634, 26, '2019-01-02 15:54:46', 5, NULL),
(929, 635, 27, '2019-01-03 14:56:22', 6, 9),
(930, 636, 27, '2019-01-02 15:55:06', 7, NULL),
(931, 637, 27, '2019-01-02 15:55:06', 7, NULL),
(932, 638, 27, '2019-01-02 15:55:06', 7, NULL),
(933, 638, 27, '2019-01-03 15:02:25', 5, 9),
(934, 639, 27, '2019-01-02 15:55:06', 7, NULL),
(935, 639, 27, '2019-01-03 15:04:49', 5, 9),
(936, 640, 27, '2019-01-03 15:08:23', 6, 9),
(937, 641, 27, '2019-01-02 15:55:07', 5, NULL),
(938, 642, 28, '2019-01-03 14:56:22', 6, 9),
(939, 643, 28, '2019-01-02 15:55:24', 7, NULL),
(940, 644, 28, '2019-01-02 15:55:24', 7, NULL),
(941, 645, 28, '2019-01-02 15:55:24', 7, NULL),
(942, 645, 28, '2019-01-03 15:02:25', 5, 9),
(943, 646, 28, '2019-01-02 15:55:24', 7, NULL),
(944, 646, 28, '2019-01-03 15:04:49', 5, 9),
(945, 647, 28, '2019-01-03 15:08:23', 6, 9),
(946, 648, 28, '2019-01-02 15:55:24', 5, NULL),
(947, 649, 29, '2019-01-03 14:56:22', 6, 9),
(948, 650, 29, '2019-01-02 15:55:45', 7, NULL),
(949, 651, 29, '2019-01-02 15:55:45', 7, NULL),
(950, 652, 29, '2019-01-02 15:55:45', 7, NULL),
(951, 652, 29, '2019-01-03 15:02:25', 5, 9),
(952, 653, 29, '2019-01-02 15:55:45', 7, NULL),
(953, 653, 29, '2019-01-03 15:04:49', 5, 9),
(954, 654, 29, '2019-01-03 15:08:23', 6, 9),
(955, 655, 29, '2019-01-02 15:55:45', 5, NULL),
(956, 656, 30, '2019-01-03 14:56:23', 6, 9),
(957, 657, 30, '2019-01-02 15:56:01', 7, NULL),
(958, 658, 30, '2019-01-02 15:56:01', 7, NULL),
(959, 659, 30, '2019-01-02 15:56:01', 7, NULL),
(960, 659, 30, '2019-01-03 15:02:25', 5, 9),
(961, 660, 30, '2019-01-02 15:56:01', 7, NULL),
(962, 660, 30, '2019-01-03 15:04:49', 5, 9),
(963, 661, 30, '2019-01-03 15:08:23', 6, 9),
(964, 662, 30, '2019-01-02 15:56:02', 5, NULL),
(965, 663, 31, '2019-01-03 14:56:23', 6, 9),
(966, 664, 31, '2019-01-02 15:56:23', 7, NULL),
(967, 665, 31, '2019-01-02 15:56:23', 7, NULL),
(968, 666, 31, '2019-01-02 15:56:24', 7, NULL),
(969, 666, 31, '2019-01-03 15:02:25', 5, 9),
(970, 667, 31, '2019-01-02 15:56:24', 7, NULL),
(971, 667, 31, '2019-01-03 15:04:49', 5, 9),
(972, 668, 31, '2019-01-03 15:08:24', 6, 9),
(973, 669, 31, '2019-01-02 15:56:24', 5, NULL),
(974, 670, 32, '2019-01-03 14:56:23', 6, 9),
(975, 671, 32, '2019-01-02 15:56:40', 7, NULL),
(976, 672, 32, '2019-01-02 15:56:40', 7, NULL),
(977, 673, 32, '2019-01-02 15:56:40', 7, NULL),
(978, 673, 32, '2019-01-03 15:02:25', 5, 9),
(979, 674, 32, '2019-01-02 15:56:40', 7, NULL),
(980, 674, 32, '2019-01-03 15:04:49', 5, 9),
(981, 675, 32, '2019-01-03 15:08:24', 6, 9),
(982, 676, 32, '2019-01-02 15:56:41', 5, NULL),
(983, 677, 33, '2019-01-03 14:56:23', 6, 9),
(984, 678, 33, '2019-01-02 15:56:57', 7, NULL),
(985, 679, 33, '2019-01-02 15:56:57', 7, NULL),
(986, 680, 33, '2019-01-02 15:56:57', 7, NULL),
(987, 680, 33, '2019-01-03 15:02:25', 5, 9),
(988, 681, 33, '2019-01-02 15:56:57', 7, NULL),
(989, 681, 33, '2019-01-03 15:04:50', 5, 9),
(990, 682, 33, '2019-01-03 15:08:24', 6, 9),
(991, 683, 33, '2019-01-02 15:56:58', 5, NULL),
(992, 684, 34, '2019-01-03 14:56:24', 6, 9),
(993, 685, 34, '2019-01-02 15:57:16', 7, NULL),
(994, 686, 34, '2019-01-02 15:57:16', 7, NULL),
(995, 687, 34, '2019-01-02 15:57:16', 7, NULL),
(996, 687, 34, '2019-01-03 15:02:25', 5, 9),
(997, 688, 34, '2019-01-02 15:57:16', 7, NULL),
(998, 688, 34, '2019-01-03 15:04:50', 5, 9),
(999, 689, 34, '2019-01-03 15:08:24', 6, 9),
(1000, 690, 34, '2019-01-02 15:57:16', 5, NULL),
(1001, 691, 35, '2019-01-03 14:56:24', 6, 9),
(1002, 692, 35, '2019-01-02 15:57:41', 7, NULL),
(1003, 693, 35, '2019-01-02 15:57:41', 7, NULL),
(1004, 694, 35, '2019-01-02 15:57:41', 7, NULL),
(1005, 694, 35, '2019-01-03 15:02:26', 5, 9),
(1006, 695, 35, '2019-01-02 15:57:41', 7, NULL),
(1007, 695, 35, '2019-01-03 15:04:50', 5, 9),
(1008, 696, 35, '2019-01-03 15:08:24', 6, 9),
(1009, 697, 35, '2019-01-02 15:57:41', 5, NULL),
(1010, 698, 36, '2019-01-03 14:56:25', 6, 9),
(1011, 699, 36, '2019-01-02 15:58:11', 7, NULL),
(1012, 700, 36, '2019-01-02 15:58:11', 7, NULL),
(1013, 701, 36, '2019-01-02 15:58:11', 7, NULL),
(1014, 701, 36, '2019-01-03 15:02:26', 5, 9),
(1015, 702, 36, '2019-01-02 15:58:11', 7, NULL),
(1016, 702, 36, '2019-01-03 15:04:50', 5, 9),
(1017, 703, 36, '2019-01-03 15:08:24', 6, 9),
(1018, 704, 36, '2019-01-02 15:58:11', 5, NULL),
(1019, 705, 38, '2019-01-03 14:56:25', 6, 9),
(1020, 706, 38, '2019-01-02 15:58:27', 7, NULL),
(1021, 707, 38, '2019-01-02 15:58:27', 7, NULL),
(1022, 708, 38, '2019-01-02 15:58:27', 7, NULL),
(1023, 708, 38, '2019-01-03 15:02:26', 5, 9),
(1024, 709, 38, '2019-01-02 15:58:28', 7, NULL),
(1025, 709, 38, '2019-01-03 15:04:50', 5, 9),
(1026, 710, 38, '2019-01-03 15:08:25', 6, 9),
(1027, 711, 38, '2019-01-02 15:58:28', 5, NULL),
(1028, 712, 39, '2019-01-03 14:56:25', 6, 9),
(1029, 713, 39, '2019-01-02 15:58:58', 7, NULL),
(1030, 714, 39, '2019-01-02 15:58:58', 7, NULL),
(1031, 715, 39, '2019-01-02 15:58:58', 7, NULL),
(1032, 715, 39, '2019-01-03 15:02:26', 5, 9),
(1033, 716, 39, '2019-01-02 15:58:58', 7, NULL),
(1034, 716, 39, '2019-01-03 15:04:50', 5, 9),
(1035, 717, 39, '2019-01-03 15:08:25', 6, 9),
(1036, 718, 39, '2019-01-02 15:58:58', 5, NULL),
(1037, 270, 39, '2019-01-02 15:58:58', 7, NULL),
(1038, 719, 40, '2019-01-03 14:56:26', 6, 9),
(1039, 720, 40, '2019-01-02 15:59:19', 7, NULL),
(1040, 721, 40, '2019-01-02 15:59:19', 7, NULL),
(1041, 722, 40, '2019-01-02 15:59:19', 7, NULL),
(1042, 722, 40, '2019-01-03 15:02:26', 5, 9),
(1043, 723, 40, '2019-01-02 15:59:19', 7, NULL),
(1044, 723, 40, '2019-01-03 15:04:50', 5, 9),
(1045, 724, 40, '2019-01-03 15:08:26', 6, 9),
(1046, 725, 40, '2019-01-02 15:59:19', 5, NULL),
(1047, 727, 13, '2019-01-03 14:56:26', 6, 9),
(1048, 728, 13, '2019-01-02 16:00:07', 7, NULL),
(1049, 729, 13, '2019-01-02 16:00:07', 7, NULL),
(1050, 730, 13, '2019-01-02 16:00:07', 7, NULL),
(1051, 730, 13, '2019-01-03 15:02:26', 5, 9),
(1052, 731, 13, '2019-01-02 16:00:08', 7, NULL),
(1053, 731, 13, '2019-01-03 15:04:50', 5, 9),
(1054, 732, 13, '2019-01-03 15:08:26', 6, 9),
(1055, 733, 13, '2019-01-02 16:00:08', 5, NULL),
(1056, 165, 13, '2019-01-02 16:00:08', 7, NULL),
(1057, 734, 42, '2019-01-03 14:32:33', 6, 9),
(1058, 735, 42, '2019-01-02 16:00:47', 7, NULL),
(1059, 736, 42, '2019-01-02 16:00:47', 7, NULL),
(1060, 737, 42, '2019-01-02 16:00:47', 7, NULL),
(1061, 737, 42, '2019-01-03 14:42:01', 5, 9),
(1062, 738, 42, '2019-01-02 16:00:47', 7, NULL),
(1063, 738, 42, '2019-01-03 14:45:42', 5, 9),
(1064, 739, 42, '2019-01-03 14:51:25', 6, 9),
(1065, 740, 42, '2019-01-03 14:53:51', 5, 9),
(1066, 288, 42, '2019-01-02 16:00:47', 7, NULL),
(1067, 741, 43, '2019-01-03 14:32:33', 6, 9),
(1068, 742, 43, '2019-01-02 16:03:14', 7, NULL),
(1069, 743, 43, '2019-01-02 16:03:15', 7, NULL),
(1070, 744, 43, '2019-01-02 16:03:15', 7, NULL),
(1071, 744, 43, '2019-01-03 14:42:02', 5, 9),
(1072, 745, 43, '2019-01-02 16:03:15', 7, NULL),
(1073, 745, 43, '2019-01-03 14:45:42', 5, 9),
(1074, 746, 43, '2019-01-03 14:51:25', 6, 9),
(1075, 747, 43, '2019-01-03 14:53:52', 5, 9),
(1076, 749, 44, '2019-01-03 14:32:33', 6, 9),
(1077, 750, 44, '2019-01-02 16:04:35', 7, NULL),
(1078, 751, 44, '2019-01-02 16:04:35', 7, NULL),
(1079, 752, 44, '2019-01-02 16:04:35', 7, NULL),
(1080, 752, 44, '2019-01-03 14:42:02', 5, 9),
(1081, 753, 44, '2019-01-02 16:04:35', 7, NULL),
(1082, 753, 44, '2019-01-03 14:45:42', 5, 9),
(1083, 754, 44, '2019-01-03 14:51:26', 6, 9),
(1084, 755, 44, '2019-01-03 14:53:52', 5, 9),
(1085, 302, 44, '2019-01-02 16:04:36', 7, NULL),
(1086, 757, 45, '2019-01-03 14:32:34', 6, 9),
(1087, 758, 45, '2019-01-02 16:06:16', 7, NULL),
(1088, 759, 45, '2019-01-02 16:06:16', 7, NULL),
(1089, 760, 45, '2019-01-02 16:06:16', 7, NULL),
(1090, 760, 45, '2019-01-03 14:42:02', 5, 9),
(1091, 761, 45, '2019-01-02 16:06:16', 7, NULL),
(1092, 761, 45, '2019-01-03 14:45:42', 5, 9),
(1093, 762, 45, '2019-01-03 14:51:26', 6, 9),
(1094, 763, 45, '2019-01-03 14:53:52', 5, 9),
(1095, 313, 45, '2019-01-04 13:27:19', 5, 9),
(1096, 764, 46, '2019-01-03 14:32:34', 6, 9),
(1097, 765, 46, '2019-01-02 16:06:40', 7, NULL),
(1098, 766, 46, '2019-01-02 16:06:40', 7, NULL),
(1099, 767, 46, '2019-01-02 16:06:41', 7, NULL),
(1100, 767, 46, '2019-01-03 14:42:02', 5, 9),
(1101, 768, 46, '2019-01-02 16:06:41', 7, NULL),
(1102, 768, 46, '2019-01-03 14:45:43', 5, 9),
(1103, 769, 46, '2019-01-03 14:51:26', 6, 9),
(1104, 770, 46, '2019-01-03 14:53:52', 5, 9),
(1105, 771, 48, '2019-01-03 14:32:34', 6, 9),
(1106, 772, 48, '2019-01-02 16:06:59', 7, NULL),
(1107, 773, 48, '2019-01-02 16:06:59', 7, NULL),
(1108, 774, 48, '2019-01-02 16:06:59', 7, NULL),
(1109, 774, 48, '2019-01-03 14:42:02', 5, 9),
(1110, 775, 48, '2019-01-02 16:06:59', 7, NULL),
(1111, 775, 48, '2019-01-03 14:45:43', 5, 9),
(1112, 776, 48, '2019-01-03 14:51:26', 6, 9),
(1113, 777, 48, '2019-01-03 14:53:52', 5, 9),
(1114, 778, 49, '2019-01-03 14:32:34', 6, 9),
(1115, 779, 49, '2019-01-02 16:07:17', 7, NULL),
(1116, 780, 49, '2019-01-02 16:07:17', 7, NULL),
(1117, 781, 49, '2019-01-02 16:07:18', 7, NULL),
(1118, 781, 49, '2019-01-03 14:42:02', 5, 9),
(1119, 782, 49, '2019-01-02 16:07:18', 7, NULL),
(1120, 782, 49, '2019-01-03 14:45:43', 5, 9),
(1121, 783, 49, '2019-01-03 14:51:26', 6, 9),
(1122, 784, 49, '2019-01-03 14:53:52', 5, 9),
(1123, 785, 50, '2019-01-03 14:32:35', 6, 9),
(1124, 786, 50, '2019-01-02 16:07:30', 7, NULL),
(1125, 787, 50, '2019-01-02 16:07:30', 7, NULL),
(1126, 788, 50, '2019-01-02 16:07:30', 7, NULL),
(1127, 788, 50, '2019-01-03 14:42:02', 5, 9),
(1128, 789, 50, '2019-01-02 16:07:31', 7, NULL),
(1129, 789, 50, '2019-01-03 14:45:43', 5, 9),
(1130, 790, 50, '2019-01-03 14:51:26', 6, 9),
(1131, 791, 50, '2019-01-03 14:53:52', 5, 9),
(1132, 792, 51, '2019-01-03 14:32:35', 6, 9),
(1133, 793, 51, '2019-01-02 16:07:47', 7, NULL),
(1134, 794, 51, '2019-01-02 16:07:48', 7, NULL),
(1135, 795, 51, '2019-01-02 16:07:48', 7, NULL),
(1136, 795, 51, '2019-01-03 14:42:02', 5, 9),
(1137, 796, 51, '2019-01-02 16:07:48', 7, NULL),
(1138, 796, 51, '2019-01-03 14:45:43', 5, 9),
(1139, 797, 51, '2019-01-03 14:51:26', 6, 9),
(1140, 798, 51, '2019-01-03 14:53:52', 5, 9),
(1141, 799, 52, '2019-01-03 14:32:35', 6, 9),
(1142, 800, 52, '2019-01-02 16:08:07', 7, NULL),
(1143, 801, 52, '2019-01-02 16:08:07', 7, NULL),
(1144, 802, 52, '2019-01-02 16:08:07', 7, NULL),
(1145, 802, 52, '2019-01-03 14:42:02', 5, 9),
(1146, 803, 52, '2019-01-02 16:08:07', 7, NULL),
(1147, 803, 52, '2019-01-03 14:45:43', 5, 9),
(1148, 804, 52, '2019-01-03 14:51:27', 6, 9),
(1149, 805, 52, '2019-01-03 14:53:53', 5, 9),
(1150, 806, 53, '2019-01-03 14:32:35', 6, 9),
(1151, 807, 53, '2019-01-02 16:08:24', 7, NULL),
(1152, 808, 53, '2019-01-02 16:08:24', 7, NULL),
(1153, 809, 53, '2019-01-02 16:08:24', 7, NULL),
(1154, 809, 53, '2019-01-03 14:42:02', 5, 9),
(1155, 810, 53, '2019-01-02 16:08:25', 7, NULL),
(1156, 810, 53, '2019-01-03 14:45:43', 5, 9),
(1157, 811, 53, '2019-01-03 14:51:27', 6, 9),
(1158, 812, 53, '2019-01-03 14:53:53', 5, 9),
(1159, 363, 52, '2019-01-04 13:29:03', 6, 9),
(1160, 814, 54, '2019-01-03 14:32:36', 6, 9),
(1161, 815, 54, '2019-01-02 16:09:42', 7, NULL),
(1162, 816, 54, '2019-01-02 16:09:42', 7, NULL),
(1163, 817, 54, '2019-01-02 16:09:42', 7, NULL),
(1164, 817, 54, '2019-01-03 14:42:03', 5, 9),
(1165, 818, 54, '2019-01-02 16:09:42', 7, NULL),
(1166, 818, 54, '2019-01-03 14:45:43', 5, 9),
(1167, 819, 54, '2019-01-03 14:51:27', 6, 9),
(1168, 820, 54, '2019-01-03 14:53:53', 5, 9),
(1169, 377, 54, '2019-01-04 13:29:03', 6, 9),
(1170, 821, 56, '2019-01-03 14:32:36', 6, 9),
(1171, 822, 56, '2019-01-02 16:10:11', 7, NULL),
(1172, 823, 56, '2019-01-02 16:10:11', 7, NULL),
(1173, 824, 56, '2019-01-02 16:10:11', 7, NULL),
(1174, 824, 56, '2019-01-03 14:42:03', 5, 9),
(1175, 825, 56, '2019-01-02 16:10:11', 7, NULL),
(1176, 825, 56, '2019-01-03 14:45:43', 5, 9),
(1177, 826, 56, '2019-01-03 14:51:27', 6, 9),
(1178, 827, 56, '2019-01-03 14:53:53', 5, 9),
(1179, 828, 57, '2019-01-03 14:32:36', 6, 9),
(1180, 829, 57, '2019-01-02 16:10:33', 7, NULL),
(1181, 830, 57, '2019-01-02 16:10:34', 7, NULL),
(1182, 831, 57, '2019-01-02 16:10:34', 7, NULL),
(1183, 831, 57, '2019-01-03 14:42:03', 5, 9),
(1184, 832, 57, '2019-01-02 16:10:34', 7, NULL),
(1185, 832, 57, '2019-01-03 14:45:43', 5, 9),
(1186, 833, 57, '2019-01-03 14:51:28', 6, 9),
(1187, 834, 57, '2019-01-03 14:53:53', 5, 9),
(1188, 835, 59, '2019-01-03 14:32:37', 6, 9),
(1189, 836, 59, '2019-01-02 16:10:52', 7, NULL),
(1190, 837, 59, '2019-01-02 16:10:52', 7, NULL),
(1191, 838, 59, '2019-01-02 16:10:52', 7, NULL),
(1192, 838, 59, '2019-01-03 14:42:03', 5, 9),
(1193, 839, 59, '2019-01-02 16:10:52', 7, NULL),
(1194, 839, 59, '2019-01-03 14:45:43', 5, 9),
(1195, 840, 59, '2019-01-03 14:51:28', 6, 9),
(1196, 841, 59, '2019-01-03 14:53:53', 5, 9),
(1197, 842, 60, '2019-01-03 14:32:37', 6, 9),
(1198, 843, 60, '2019-01-02 16:11:08', 7, NULL),
(1199, 844, 60, '2019-01-02 16:11:08', 7, NULL),
(1200, 845, 60, '2019-01-02 16:11:08', 7, NULL),
(1201, 845, 60, '2019-01-03 14:42:03', 5, 9),
(1202, 846, 60, '2019-01-02 16:11:08', 7, NULL),
(1203, 846, 60, '2019-01-03 14:45:43', 5, 9),
(1204, 847, 60, '2019-01-03 14:51:28', 6, 9),
(1205, 848, 60, '2019-01-03 14:53:54', 5, 9),
(1206, 849, 61, '2019-01-03 14:32:37', 6, 9),
(1207, 850, 61, '2019-01-02 16:11:25', 7, NULL),
(1208, 851, 61, '2019-01-02 16:11:25', 7, NULL),
(1209, 852, 61, '2019-01-02 16:11:25', 7, NULL),
(1210, 852, 61, '2019-01-03 14:42:03', 5, 9),
(1211, 853, 61, '2019-01-02 16:11:25', 7, NULL),
(1212, 853, 61, '2019-01-03 14:45:44', 5, 9),
(1213, 854, 61, '2019-01-03 14:51:28', 6, 9),
(1214, 855, 61, '2019-01-03 14:53:54', 5, 9),
(1215, 856, 62, '2019-01-03 14:32:37', 6, 9),
(1216, 857, 62, '2019-01-02 16:11:38', 7, NULL),
(1217, 858, 62, '2019-01-02 16:11:38', 7, NULL),
(1218, 859, 62, '2019-01-02 16:11:38', 7, NULL),
(1219, 859, 62, '2019-01-03 14:42:03', 5, 9),
(1220, 860, 62, '2019-01-02 16:11:38', 7, NULL),
(1221, 860, 62, '2019-01-03 14:45:44', 5, 9),
(1222, 861, 62, '2019-01-03 14:51:28', 6, 9),
(1223, 862, 62, '2019-01-03 14:53:54', 5, 9),
(1224, 863, 63, '2019-01-03 14:32:37', 6, 9),
(1225, 864, 63, '2019-01-02 16:11:55', 7, NULL),
(1226, 865, 63, '2019-01-02 16:11:55', 7, NULL),
(1227, 866, 63, '2019-01-02 16:11:55', 7, NULL),
(1228, 866, 63, '2019-01-03 14:42:03', 5, 5),
(1229, 867, 63, '2019-01-02 16:11:55', 7, NULL),
(1230, 867, 63, '2019-01-03 14:45:44', 5, 9),
(1231, 868, 63, '2019-01-03 14:51:28', 6, 9),
(1232, 869, 63, '2019-01-03 14:53:54', 5, 9),
(1233, 870, 64, '2019-01-03 14:32:37', 6, 9),
(1234, 871, 64, '2019-01-02 16:12:15', 7, NULL),
(1235, 872, 64, '2019-01-02 16:12:15', 7, NULL),
(1236, 873, 64, '2019-01-02 16:12:15', 7, NULL),
(1237, 873, 64, '2019-01-03 14:42:03', 5, 9),
(1238, 874, 64, '2019-01-02 16:12:15', 7, NULL),
(1239, 874, 64, '2019-01-03 14:45:44', 5, 9),
(1240, 875, 64, '2019-01-03 14:51:29', 6, 9),
(1241, 876, 64, '2019-01-03 14:53:54', 5, 9),
(1242, 877, 65, '2019-01-03 14:32:37', 6, 9),
(1243, 878, 65, '2019-01-02 16:12:33', 7, NULL),
(1244, 879, 65, '2019-01-02 16:12:34', 7, NULL),
(1245, 880, 65, '2019-01-02 16:12:34', 7, NULL),
(1246, 880, 65, '2019-01-03 14:42:03', 5, 9),
(1247, 881, 65, '2019-01-02 16:12:34', 7, NULL),
(1248, 881, 65, '2019-01-03 14:45:44', 5, 9),
(1249, 882, 65, '2019-01-03 14:51:29', 6, 9),
(1250, 883, 65, '2019-01-03 14:53:55', 5, 9),
(1251, 884, 47, '2019-01-03 14:32:32', 6, 9),
(1252, 885, 47, '2019-01-02 16:13:09', 7, NULL),
(1253, 886, 47, '2019-01-02 16:13:10', 7, NULL),
(1254, 887, 47, '2019-01-02 16:13:10', 7, NULL),
(1255, 887, 47, '2019-01-03 14:42:01', 5, 9),
(1256, 888, 47, '2019-01-02 16:13:10', 7, NULL),
(1257, 888, 47, '2019-01-03 14:45:42', 5, 9),
(1258, 889, 47, '2019-01-03 14:51:25', 6, 9),
(1259, 890, 47, '2019-01-03 14:53:51', 5, 9),
(1260, 327, 47, '2019-01-04 13:27:18', 5, 9),
(1261, 891, 55, '2019-01-03 14:32:32', 6, 9),
(1262, 892, 55, '2019-01-02 16:13:30', 7, NULL),
(1263, 893, 55, '2019-01-02 16:13:30', 7, NULL),
(1264, 894, 55, '2019-01-02 16:13:30', 7, NULL),
(1265, 894, 55, '2019-01-03 14:42:01', 5, 9),
(1266, 895, 55, '2019-01-02 16:13:30', 7, NULL),
(1267, 895, 55, '2019-01-03 14:45:42', 5, 9),
(1268, 896, 55, '2019-01-03 14:51:25', 6, 9),
(1269, 897, 55, '2019-01-03 14:53:51', 5, 9),
(1270, 471, 2, '2019-01-04 04:14:46', 5, 9),
(1271, 486, 4, '2019-01-03 18:28:31', 7, NULL),
(1272, 486, 4, '2019-01-04 04:27:56', 6, 9),
(1273, 501, 6, '2019-01-03 18:29:48', 7, NULL),
(1274, 726, 40, '2019-01-03 18:30:51', 7, NULL),
(1275, 726, 40, '2019-01-04 04:27:56', 6, 9),
(1276, 748, 43, '2019-01-03 18:32:08', 7, NULL),
(1277, 756, 44, '2019-01-03 18:32:56', 7, NULL),
(1278, 756, 44, '2019-01-04 11:49:23', 6, 9),
(1279, 813, 53, '2019-01-04 13:29:03', 6, 9),
(1280, 34, 5, '2019-01-04 06:22:29', 6, 9),
(1281, 298, 43, '2019-01-04 13:25:07', 6, 9),
(1282, 312, 45, '2019-01-04 13:25:07', 6, 9);

-- --------------------------------------------------------

--
-- Table structure for table `faculty`
--

CREATE TABLE `faculty` (
  `faculty_id` int(11) NOT NULL,
  `faculty_name` varchar(25) NOT NULL,
  `faculty_employee_id` varchar(11) NOT NULL,
  `faculty_reg_date` datetime NOT NULL DEFAULT CURRENT_TIMESTAMP,
  `faculty_email` varchar(100) NOT NULL,
  `faculty_phno` varchar(20) NOT NULL,
  `faculty_type` char(1) NOT NULL,
  `faculty_dept_id` int(11) DEFAULT NULL,
  `faculty_pass` varchar(128) NOT NULL,
  `faculty_DOJ` date NOT NULL,
  `access_level` int(11) DEFAULT '0',
  `faculty_gender` char(1) NOT NULL
) ENGINE=InnoDB DEFAULT CHARSET=latin1;

--
-- Dumping data for table `faculty`
--

INSERT INTO `faculty` (`faculty_id`, `faculty_name`, `faculty_employee_id`, `faculty_reg_date`, `faculty_email`, `faculty_phno`, `faculty_type`, `faculty_dept_id`, `faculty_pass`, `faculty_DOJ`, `access_level`, `faculty_gender`) VALUES
(15, 'DR R A PATIL', '1', '2018-12-03 14:27:35', 'rajeshpatil@gmail.com', '9819639518', 'h', 1, 'rahul@!23', '2000-05-24', 3, 'M'),
(16, 'SWATI DESHPANDE', '2', '2018-12-03 14:32:13', 'swatideshpande@gmail.com', '9689451723', 'd', 1, '6c0c10a714f2f5f93f6bbd387926fde1b07af35a', '1999-08-12', 2, 'F'),
(17, 'NAMRATA WANKHEDE', '3', '2018-12-03 14:34:01', 'namratawankhede@gmail.com', '9766165902', 't', 1, 'b3310ae377f7e166bdc11b40e2fc3cc7f8e40e44', '1999-09-17', 4, 'F'),
(18, 'DIPALI GOSAVI', '4', '2018-12-03 14:36:19', 'dipaligosavi@gmail.com', '8691989933', 't', 1, '250c1f236864636509c9f884c0fdd6897211cd89', '2018-02-16', 4, 'F'),
(19, 'PRADNYA NATEKAR', '5', '2018-12-03 14:37:36', 'pradnyanatekar@gmail.com', '9852314678', 't', 1, 'e2a2609de76e08d8a8c798abbdde4e6aa172809c', '2004-05-11', 4, 'F'),
(20, 'SWAPNA CHAVAN', '6', '2018-12-03 14:38:58', 'swapnachavan@gmail.com', '8956523285', 't', 1, '31be8daf200b09d48094d9b156561d41c8c5644d', '2005-04-22', 4, 'F'),
(21, 'NEHA TALOKAR', '7', '2018-12-03 14:42:09', 'nehatalokar@gmail.com', '9686856232', 't', 1, 'fc22a3ec51640ebf4f8750bcd30f4b003a0f9488', '2017-09-23', 4, 'F'),
(22, 'KIRAN BABAR', '8', '2018-12-03 14:44:43', 'kiranbabar@gmail.com', '8565659565', 't', 1, '10997059a9e3e9a273bb9c9b43de5c574005cb10', '2015-12-08', 4, 'F'),
(23, 'J R NIKHADE', 'C01', '2018-12-05 06:56:42', 'rnikhade@gmail.com', '8545656223', 'h', 3, '78fd4362b36ec577a09323b01350b9b981b2a7d5', '1998-11-28', 3, 'M'),
(24, 'N D CHAVAN', 'CO2', '2018-12-05 07:00:57', 'dchavan@gmail.com', '7456853321', 't', 3, '659a8455d97fc6a5435dcbdeaa7f70d7cc9c5f2f', '2001-09-14', 4, 'M'),
(25, 'MRS KALYANKAR', 'CO3', '2018-12-05 07:05:00', 'kalyankar12965@gmail.com', '9625482117', 't', 3, 'e95dfc3942e2cab579b761cbf944b6cc1075b71f', '2014-02-18', 4, 'F'),
(26, 'V M ASWAR', 'CO4', '2018-12-05 07:06:45', 'maswar23@gmail.com', '9647851235', 't', 3, '56ccb2e7487ef0a839eda41f0d2adbd25c252cb7', '2004-05-15', 4, 'F'),
(27, 'S R KASTURE', 'EC1', '2018-12-05 10:40:21', 'rkasture@gmail.com', '9555475653', 'h', 2, 'ff208bf580b79641feea9f943496cce61b24593e', '1999-08-10', 3, 'M'),
(28, 'V PAWAR', 'EC2', '2018-12-05 10:47:02', 'pawarv@gmail.com', '9586247348', 't', 2, '5327503649990a8eb54afa225031ba7897ab87f2', '2005-09-25', 4, 'F'),
(31, 'ADMIN', 'admin', '2018-12-07 08:23:46', 'sdeshmukh966@gmail.com', '8610714013', 'a', 1, 'ajay111', '2018-12-07', 1, 'M'),
(33, 'USHA KHAKE', '9', '2018-12-27 08:27:34', 'uck@gmail.com', '9595585785', 't', 1, 'c2377bda84e7d504c6afbe86a41ea37ea131419a', '2000-05-20', 4, 'F'),
(34, 'MR HEMADE', '10', '2018-12-27 08:29:07', 'hemade12@gmail.com', '8595685998', 't', 1, '9089d4d2a5d92939a55a83245bdee4f4074592d9', '2002-02-05', 4, 'M'),
(35, 'FIRST CLERK', '11', '2018-12-27 17:15:18', 'firstclerk@gmail.com', '9898659895', 'c', 1, 'cf650be7cfb6c6cd16009e705602e0d0e93f5358', '2001-05-25', 5, 'M'),
(36, 'SECOND CLERK', '12', '2018-12-27 17:16:35', 'secondclerk@gmail.com', '8557416932', 'c', 1, '5ef8ac306481512f5e547da8a17df405443252ec', '1990-08-27', 5, 'M'),
(37, 'EXAM CELL', '13', '2018-12-27 17:25:09', 'examcell@gmail.com', '8569847891', 'c', 1, 'd19079ce346c29aa976333c08df2328f3b9d6128', '1990-09-17', 6, 'M'),
(38, 'RAHUL SANJAY CHOUGULE', '111', '2020-09-15 10:13:59', 'rschougule99@gmail.com', '8291635918', 'h', 1, 'd78e09919ccab8d954b989d5e658f2830a11fbc0', '2020-09-15', 2, 'M');

-- --------------------------------------------------------

--
-- Table structure for table `facultytocourse`
--

CREATE TABLE `facultytocourse` (
  `facultytocourse_id` int(11) NOT NULL,
  `facultytocourse_faculty_id` int(11) DEFAULT NULL,
  `facultytocourse_course_id` int(11) DEFAULT NULL,
  `facultytocourse_semester` int(11) NOT NULL,
  `facultytocourses_type` varchar(100) NOT NULL,
  `facultytocourse_shift` varchar(50) NOT NULL
) ENGINE=InnoDB DEFAULT CHARSET=latin1;

--
-- Dumping data for table `facultytocourse`
--

INSERT INTO `facultytocourse` (`facultytocourse_id`, `facultytocourse_faculty_id`, `facultytocourse_course_id`, `facultytocourse_semester`, `facultytocourses_type`, `facultytocourse_shift`) VALUES
(1, 17, 1, 1, 'TH', 'FS'),
(2, 17, 1, 1, 'TR', 'FS'),
(3, 17, 2, 2, 'TH', 'FS'),
(4, 17, 2, 2, 'TR', 'FS'),
(5, 17, 3, 3, 'TH', 'FS'),
(6, 17, 3, 3, 'TW', 'FS'),
(7, 17, 4, 4, 'TH', 'FS'),
(8, 17, 4, 4, 'TW', 'FS'),
(9, 17, 4, 4, 'OR', 'FS'),
(10, 17, 5, 5, 'PR', 'FS'),
(11, 17, 5, 5, 'TW', 'FS'),
(12, 17, 6, 6, 'TR', 'FS'),
(13, 17, 6, 6, 'OR', 'FS'),
(14, 18, 7, 7, 'PR', 'FS'),
(15, 18, 7, 7, 'TW', 'FS'),
(16, 31, 1, 1, 'TH', 'SS'),
(17, 31, 1, 1, 'TR', 'SS'),
(18, 31, 2, 2, 'TH', 'SS'),
(19, 31, 2, 2, 'TR', 'SS'),
(20, 31, 3, 3, 'TH', 'SS'),
(21, 31, 3, 3, 'TW', 'SS'),
(22, 31, 4, 4, 'TH', 'SS'),
(23, 31, 4, 4, 'TW', 'SS'),
(24, 31, 4, 4, 'OR', 'SS'),
(25, 31, 5, 5, 'PR', 'SS'),
(26, 31, 5, 5, 'TW', 'SS'),
(27, 31, 6, 6, 'TR', 'SS'),
(28, 31, 6, 6, 'OR', 'SS'),
(29, 18, 7, 7, 'PR', 'SS'),
(30, 18, 7, 7, 'TW', 'SS'),
(31, 31, 8, 8, 'TR', 'SS'),
(32, 31, 8, 8, 'OR', 'SS'),
(33, 31, 9, 9, 'TH', 'SS'),
(34, 31, 9, 9, 'TR', 'SS'),
(35, 31, 10, 10, 'TH', 'SS'),
(36, 31, 10, 10, 'TW', 'SS'),
(37, 31, 11, 11, 'PR', 'SS'),
(38, 31, 11, 11, 'TH', 'SS'),
(39, 31, 12, 12, 'PR', 'SS'),
(40, 31, 12, 12, 'TH', 'SS'),
(41, 31, 13, 13, 'TR', 'SS'),
(42, 31, 13, 13, 'TW', 'SS'),
(43, 31, 13, 13, 'OR', 'SS'),
(44, 31, 14, 14, 'PR', 'SS'),
(45, 31, 14, 14, 'TW', 'SS'),
(46, 17, 8, 8, 'TR', 'FS'),
(47, 17, 8, 8, 'OR', 'FS'),
(48, 17, 9, 9, 'TH', 'FS'),
(49, 17, 9, 9, 'TR', 'FS'),
(50, 17, 10, 10, 'TH', 'FS'),
(51, 17, 10, 10, 'TW', 'FS'),
(52, 17, 11, 11, 'PR', 'FS'),
(53, 17, 11, 11, 'TH', 'FS'),
(54, 17, 12, 12, 'PR', 'FS'),
(55, 17, 12, 12, 'TH', 'FS'),
(56, 17, 13, 13, 'TR', 'FS'),
(57, 17, 13, 13, 'TW', 'FS'),
(58, 17, 13, 13, 'OR', 'FS'),
(59, 17, 14, 14, 'PR', 'FS'),
(60, 17, 14, 14, 'TW', 'FS');

-- --------------------------------------------------------

--
-- Table structure for table `faculty_cancel`
--

CREATE TABLE `faculty_cancel` (
  `faculty_id` int(11) NOT NULL,
  `faculty_name` varchar(25) NOT NULL,
  `faculty_employee_id` varchar(11) NOT NULL,
  `faculty_reg_date` datetime NOT NULL DEFAULT CURRENT_TIMESTAMP,
  `faculty_email` varchar(100) NOT NULL,
  `faculty_phno` varchar(20) NOT NULL,
  `faculty_type` char(1) NOT NULL,
  `faculty_dept_id` int(11) DEFAULT NULL,
  `faculty_pass` varchar(128) NOT NULL,
  `faculty_DOJ` date NOT NULL,
  `access_level` int(11) DEFAULT '0',
  `faculty_gender` char(1) NOT NULL
) ENGINE=InnoDB DEFAULT CHARSET=latin1;

-- --------------------------------------------------------

--
-- Table structure for table `msg_of_day`
--

CREATE TABLE `msg_of_day` (
  `msg_of_day_id` int(11) NOT NULL,
  `msg_details` varchar(100) NOT NULL,
  `created_at` datetime NOT NULL,
  `created_by` int(11) NOT NULL,
  `is_active` tinyint(1) DEFAULT '0'
) ENGINE=InnoDB DEFAULT CHARSET=utf8;

-- --------------------------------------------------------

--
-- Table structure for table `notice`
--

CREATE TABLE `notice` (
  `notice_id` int(11) NOT NULL,
  `notice_title` varchar(25) NOT NULL,
  `notice_description` varchar(255) DEFAULT NULL,
  `notice_user_type` char(3) NOT NULL,
  `notice_date` date DEFAULT NULL,
  `created_at` datetime NOT NULL,
  `created_by` int(11) NOT NULL,
  `is_active` tinyint(1) NOT NULL DEFAULT '0'
) ENGINE=InnoDB DEFAULT CHARSET=utf8;

-- --------------------------------------------------------

--
-- Table structure for table `reports`
--

CREATE TABLE `reports` (
  `report_id` int(11) NOT NULL,
  `report_key` varchar(50) NOT NULL COMMENT 'This column contains unique document key as defined ',
  `report_gen_date` datetime NOT NULL,
  `report_generator` int(11) NOT NULL,
  `report_hash` varchar(128) NOT NULL
) ENGINE=InnoDB DEFAULT CHARSET=latin1;

--
-- Dumping data for table `reports`
--

INSERT INTO `reports` (`report_id`, `report_key`, `report_gen_date`, `report_generator`, `report_hash`) VALUES
(1, 'IF31271218104514', '2018-12-27 10:45:14', 31, ''),
(2, 'IF31271218105429', '2018-12-27 10:54:29', 31, ''),
(3, 'IF31271218110116', '2018-12-27 11:01:16', 31, ''),
(4, 'IF31271218110334', '2018-12-27 11:03:34', 31, ''),
(5, 'IF31271218110645', '2018-12-27 11:06:45', 31, ''),
(6, 'IF31271218111104', '2018-12-27 11:11:04', 31, ''),
(7, 'IF31271218112402', '2018-12-27 11:24:02', 31, ''),
(8, 'IF31271218112728', '2018-12-27 11:27:28', 31, ''),
(9, 'IF31271218113206', '2018-12-27 11:32:06', 31, ''),
(10, 'IF31271218115323', '2018-12-27 11:53:23', 31, ''),
(11, 'IF31271218115709', '2018-12-27 11:57:09', 31, ''),
(12, 'IF31271218120040', '2018-12-27 12:00:40', 31, ''),
(13, 'IF31271218120349', '2018-12-27 12:03:49', 31, ''),
(14, 'IF31271218120735', '2018-12-27 12:07:35', 31, ''),
(15, 'IF31271218121049', '2018-12-27 12:10:49', 31, ''),
(16, 'IF31271218121253', '2018-12-27 12:12:53', 31, ''),
(17, 'IF31271218121559', '2018-12-27 12:15:59', 31, ''),
(18, 'IF31271218121743', '2018-12-27 12:17:43', 31, ''),
(19, 'IF31271218122004', '2018-12-27 12:20:04', 31, ''),
(20, 'IF31271218122137', '2018-12-27 12:21:37', 31, ''),
(21, 'IF31271218122321', '2018-12-27 12:23:21', 31, ''),
(22, 'IF31271218122758', '2018-12-27 12:27:58', 31, ''),
(23, 'IF31271218123032', '2018-12-27 12:30:32', 31, ''),
(24, 'IF31271218123409', '2018-12-27 12:34:09', 31, ''),
(25, 'IF31271218124219', '2018-12-27 12:42:19', 31, ''),
(26, 'IF31271218124506', '2018-12-27 12:45:06', 31, ''),
(27, 'IF31271218124658', '2018-12-27 12:46:58', 31, ''),
(28, 'IF31271218125116', '2018-12-27 12:51:16', 31, ''),
(29, 'IF31271218125340', '2018-12-27 12:53:40', 31, ''),
(30, 'IF31271218125714', '2018-12-27 12:57:14', 31, ''),
(31, 'IF31271218010335', '2018-12-27 13:03:35', 31, ''),
(32, 'IF31271218010531', '2018-12-27 13:05:31', 31, ''),
(33, 'IF31271218010652', '2018-12-27 13:06:52', 31, ''),
(34, 'IF31271218010841', '2018-12-27 13:08:41', 31, ''),
(35, 'IF31271218011120', '2018-12-27 13:11:20', 31, ''),
(36, 'IF31271218011322', '2018-12-27 13:13:22', 31, ''),
(37, 'IF31271218011553', '2018-12-27 13:15:53', 31, ''),
(38, 'IF31271218011734', '2018-12-27 13:17:34', 31, ''),
(39, 'IF31271218011924', '2018-12-27 13:19:24', 31, ''),
(40, 'IF31271218012058', '2018-12-27 13:20:58', 31, ''),
(41, 'IF31271218021748', '2018-12-27 14:17:48', 31, ''),
(42, 'IF31271218042028', '2018-12-27 16:20:28', 31, ''),
(43, 'IF31271218042624', '2018-12-27 16:26:24', 31, ''),
(44, 'IF31271218043325', '2018-12-27 16:33:25', 31, ''),
(45, 'IF31271218043719', '2018-12-27 16:37:19', 31, ''),
(46, 'IF31271218053647', '2018-12-27 17:36:47', 31, ''),
(47, 'IF31271218054211', '2018-12-27 17:42:11', 31, ''),
(48, 'IF31271218055123', '2018-12-27 17:51:23', 31, ''),
(49, 'IF31271218060406', '2018-12-27 18:04:06', 31, ''),
(50, 'IF31271218060622', '2018-12-27 18:06:22', 31, ''),
(51, 'IF31271218060830', '2018-12-27 18:08:30', 31, ''),
(52, 'IF31271218061338', '2018-12-27 18:13:38', 31, ''),
(53, 'IF31271218061618', '2018-12-27 18:16:18', 31, ''),
(54, 'IF31271218061836', '2018-12-27 18:18:36', 31, ''),
(55, 'IF31271218062100', '2018-12-27 18:21:00', 31, ''),
(56, 'IF31271218062307', '2018-12-27 18:23:07', 31, ''),
(57, 'IF31271218062555', '2018-12-27 18:25:55', 31, ''),
(58, 'IF31271218062734', '2018-12-27 18:27:34', 31, ''),
(59, 'IF31271218063243', '2018-12-27 18:32:43', 31, ''),
(60, 'IF31271218063509', '2018-12-27 18:35:09', 31, ''),
(61, 'IF31271218063657', '2018-12-27 18:36:57', 31, ''),
(62, 'IF31271218064101', '2018-12-27 18:41:01', 31, ''),
(63, 'IF31271218064238', '2018-12-27 18:42:38', 31, ''),
(64, 'IF31271218064402', '2018-12-27 18:44:02', 31, ''),
(65, 'IF31271218064916', '2018-12-27 18:49:16', 31, ''),
(66, 'IF31271218065932', '0000-00-00 00:00:00', 31, ''),
(67, 'IF31271218071111', '2018-12-11 00:00:00', 31, ''),
(68, 'IF31271218071829', '2018-12-29 00:00:00', 31, ''),
(69, 'IF31271218072103', '2018-12-27 19:21:03', 31, ''),
(70, 'IF31271218072348', '2018-12-27 19:23:48', 31, ''),
(71, 'IF31271218072454', '2018-12-27 19:24:54', 31, ''),
(72, 'IF31271218072520', '2018-12-27 19:25:20', 31, ''),
(73, 'IF31271218072648', '2018-12-27 19:26:48', 31, ''),
(74, 'IF31271218072806', '2018-12-27 19:28:06', 31, ''),
(75, 'IF31271218072846', '2018-12-27 19:28:46', 31, ''),
(76, 'IF31271218072931', '2018-12-27 19:29:31', 31, ''),
(77, 'IF31281218064408', '2018-12-28 06:44:08', 31, ''),
(78, 'IF31281218064545', '2018-12-28 06:45:45', 31, ''),
(79, 'IF31281218064811', '2018-12-28 06:48:11', 31, ''),
(80, 'IF31281218065032', '2018-12-28 06:50:32', 31, ''),
(81, 'IF31281218065144', '2018-12-28 06:51:44', 31, ''),
(82, 'IF31281218065214', '2018-12-28 06:52:14', 31, ''),
(83, 'IF31281218065242', '2018-12-28 06:52:42', 31, ''),
(84, 'IF31281218065258', '2018-12-28 06:52:58', 31, ''),
(85, 'IF31281218065453', '2018-12-28 06:54:53', 31, ''),
(86, 'IF31281218065520', '2018-12-28 06:55:20', 31, ''),
(87, 'IF31281218065733', '2018-12-28 06:57:33', 31, ''),
(88, 'IF31281218065822', '2018-12-28 06:58:22', 31, ''),
(89, 'IF31281218065915', '2018-12-28 06:59:15', 31, ''),
(90, 'IF31281218065947', '2018-12-28 06:59:47', 31, ''),
(91, 'IF31281218070036', '2018-12-28 07:00:36', 31, ''),
(92, 'IF31281218070057', '2018-12-28 07:00:57', 31, ''),
(93, 'IF31281218070146', '2018-12-28 07:01:46', 31, ''),
(94, 'IF31281218070155', '2018-12-28 07:01:55', 31, ''),
(95, 'IF31281218070220', '2018-12-28 07:02:20', 31, ''),
(96, 'IF31281218070306', '2018-12-28 07:03:06', 31, ''),
(97, 'IF31281218070420', '2018-12-28 07:04:20', 31, ''),
(98, 'IF31281218070443', '2018-12-28 07:04:43', 31, ''),
(99, 'IF31281218070508', '2018-12-28 07:05:08', 31, ''),
(100, 'IF31281218070525', '2018-12-28 07:05:25', 31, ''),
(101, 'IF31281218070542', '2018-12-28 07:05:42', 31, ''),
(102, 'IF31281218070607', '2018-12-28 07:06:07', 31, ''),
(103, 'IF31281218070631', '2018-12-28 07:06:31', 31, ''),
(104, 'IF31281218070647', '2018-12-28 07:06:47', 31, ''),
(105, 'IF31281218070710', '2018-12-28 07:07:10', 31, ''),
(106, 'IF31281218070734', '2018-12-28 07:07:34', 31, ''),
(107, 'IF31281218070756', '2018-12-28 07:07:56', 31, ''),
(108, 'IF31281218070819', '2018-12-28 07:08:19', 31, ''),
(109, 'IF31281218070839', '2018-12-28 07:08:39', 31, ''),
(110, 'IF31281218071250', '2018-12-28 07:12:50', 31, ''),
(111, 'IF31281218071309', '2018-12-28 07:13:09', 31, ''),
(112, 'IF31281218071327', '2018-12-28 07:13:27', 31, ''),
(113, 'IF31281218071452', '2018-12-28 07:14:52', 31, ''),
(114, 'IF31281218071543', '2018-12-28 07:15:43', 31, ''),
(115, 'IF31281218071600', '2018-12-28 07:16:00', 31, ''),
(116, 'IF31281218071619', '2018-12-28 07:16:19', 31, ''),
(117, 'IF31281218071641', '2018-12-28 07:16:41', 31, ''),
(118, 'IF31281218071656', '2018-12-28 07:16:56', 31, ''),
(119, 'IF31281218071736', '2018-12-28 07:17:36', 31, ''),
(120, 'IF31281218072102', '2018-12-28 07:21:02', 31, ''),
(121, 'IF31281218072133', '2018-12-28 07:21:33', 31, ''),
(122, 'IF31281218072204', '2018-12-28 07:22:04', 31, ''),
(123, 'IF31281218072237', '2018-12-28 07:22:37', 31, ''),
(124, 'IF31281218072258', '2018-12-28 07:22:58', 31, ''),
(125, 'IF31281218072316', '2018-12-28 07:23:16', 31, ''),
(126, 'IF31281218072336', '2018-12-28 07:23:36', 31, ''),
(127, 'IF31281218072405', '2018-12-28 07:24:05', 31, ''),
(128, 'IF31281218072513', '2018-12-28 07:25:13', 31, ''),
(129, 'IF31281218072532', '2018-12-28 07:25:32', 31, ''),
(130, 'IF31281218072554', '2018-12-28 07:25:54', 31, ''),
(131, 'IF31281218072612', '2018-12-28 07:26:12', 31, ''),
(132, 'IF31281218072629', '2018-12-28 07:26:29', 31, ''),
(133, 'IF31281218072648', '2018-12-28 07:26:48', 31, ''),
(134, 'IF31281218072711', '2018-12-28 07:27:11', 31, ''),
(135, 'IF31281218072729', '2018-12-28 07:27:29', 31, ''),
(136, 'IF31281218072747', '2018-12-28 07:27:47', 31, ''),
(137, 'IF31281218081846', '2018-12-28 08:18:46', 31, ''),
(138, 'IF31281218082001', '2018-12-28 08:20:01', 31, ''),
(139, 'IF31281218082021', '2018-12-28 08:20:21', 31, ''),
(140, 'IF31281218082123', '2018-12-28 08:21:23', 31, ''),
(141, 'IF31281218082143', '2018-12-28 08:21:43', 31, ''),
(142, 'IF31281218082442', '2018-12-28 08:24:42', 31, ''),
(143, 'IF31281218082556', '2018-12-28 08:25:56', 31, ''),
(144, 'IF31281218082849', '2018-12-28 08:28:49', 31, ''),
(145, 'IF31281218083003', '2018-12-28 08:30:03', 31, ''),
(146, 'IF31281218083145', '2018-12-28 08:31:45', 31, ''),
(147, 'IF31281218083230', '2018-12-28 08:32:30', 31, ''),
(148, 'IF31281218083251', '2018-12-28 08:32:51', 31, ''),
(149, 'IF31281218083307', '2018-12-28 08:33:07', 31, ''),
(150, 'IF31281218083321', '2018-12-28 08:33:21', 31, ''),
(151, 'IF31281218083337', '2018-12-28 08:33:37', 31, ''),
(152, 'IF31281218083414', '2018-12-28 08:34:14', 31, ''),
(153, 'IF31281218083436', '2018-12-28 08:34:36', 31, ''),
(154, 'IF31281218083508', '2018-12-28 08:35:08', 31, ''),
(155, 'IF31281218083526', '2018-12-28 08:35:26', 31, ''),
(156, 'IF31281218083626', '2018-12-28 08:36:26', 31, ''),
(157, 'IF31281218083645', '2018-12-28 08:36:45', 31, ''),
(158, 'IF31281218083707', '2018-12-28 08:37:07', 31, ''),
(159, 'IF31281218083724', '2018-12-28 08:37:24', 31, ''),
(160, 'IF31281218083741', '2018-12-28 08:37:41', 31, ''),
(161, 'IF31281218083756', '2018-12-28 08:37:56', 31, ''),
(162, 'IF31281218083811', '2018-12-28 08:38:11', 31, ''),
(163, 'IF31281218083825', '2018-12-28 08:38:25', 31, ''),
(164, 'IF31281218083849', '2018-12-28 08:38:49', 31, ''),
(165, 'IF31281218083911', '2018-12-28 08:39:11', 31, ''),
(166, 'IF31281218083942', '2018-12-28 08:39:42', 31, ''),
(167, 'IF31281218084010', '2018-12-28 08:40:10', 31, ''),
(168, 'IF31281218084046', '2018-12-28 08:40:46', 31, ''),
(169, 'IF31281218084104', '2018-12-28 08:41:04', 31, ''),
(170, 'IF31281218084121', '2018-12-28 08:41:21', 31, ''),
(171, 'IF31281218084137', '2018-12-28 08:41:37', 31, ''),
(172, 'IF31281218084156', '2018-12-28 08:41:56', 31, ''),
(173, 'IF31281218084225', '2018-12-28 08:42:25', 31, ''),
(174, 'IF31281218084259', '2018-12-28 08:42:59', 31, ''),
(175, 'IF31281218084315', '2018-12-28 08:43:15', 31, ''),
(176, 'IF31281218084333', '2018-12-28 08:43:33', 31, ''),
(177, 'IF31281218084402', '2018-12-28 08:44:02', 31, ''),
(178, 'IF31281218084421', '2018-12-28 08:44:21', 31, ''),
(179, 'IF31281218084441', '2018-12-28 08:44:41', 31, ''),
(180, 'IF31281218084540', '2018-12-28 08:45:40', 31, ''),
(181, 'IF31281218090830', '2018-12-28 09:08:30', 31, ''),
(182, 'IF31281218090933', '2018-12-28 09:09:33', 31, ''),
(183, 'IF31281218091220', '2018-12-28 09:12:20', 31, ''),
(184, 'IF31281218092245', '2018-12-28 09:22:45', 31, ''),
(185, 'IF31281218092408', '2018-12-28 09:24:08', 31, ''),
(186, 'IF31281218092716', '2018-12-28 09:27:16', 31, ''),
(187, 'IF31281218092756', '2018-12-28 09:27:56', 31, ''),
(188, 'IF31281218092814', '2018-12-28 09:28:14', 31, ''),
(189, 'IF31281218092830', '2018-12-28 09:28:30', 31, ''),
(190, 'IF31281218092857', '2018-12-28 09:28:57', 31, ''),
(191, 'IF31281218092919', '2018-12-28 09:29:19', 31, ''),
(192, 'IF31281218092941', '2018-12-28 09:29:41', 31, ''),
(193, 'IF31281218092959', '2018-12-28 09:29:59', 31, ''),
(194, 'IF31281218093018', '2018-12-28 09:30:18', 31, ''),
(195, 'IF31281218093033', '2018-12-28 09:30:33', 31, ''),
(196, 'IF31281218093048', '2018-12-28 09:30:48', 31, ''),
(197, 'IF31281218093108', '2018-12-28 09:31:08', 31, ''),
(198, 'IF31281218093128', '2018-12-28 09:31:28', 31, ''),
(199, 'IF31281218093146', '2018-12-28 09:31:46', 31, ''),
(200, 'IF31281218093204', '2018-12-28 09:32:04', 31, ''),
(201, 'IF31281218093220', '2018-12-28 09:32:20', 31, ''),
(202, 'IF31281218093239', '2018-12-28 09:32:39', 31, ''),
(203, 'IF31281218093258', '2018-12-28 09:32:58', 31, ''),
(204, 'IF31281218093318', '2018-12-28 09:33:18', 31, ''),
(205, 'IF31281218093335', '2018-12-28 09:33:35', 31, ''),
(206, 'IF31281218093355', '2018-12-28 09:33:55', 31, ''),
(207, 'IF31281218093431', '2018-12-28 09:34:31', 31, ''),
(208, 'IF31281218093452', '2018-12-28 09:34:52', 31, ''),
(209, 'IF31281218093521', '2018-12-28 09:35:21', 31, ''),
(210, 'IF31281218094301', '2018-12-28 09:43:01', 31, ''),
(211, 'IF17281218103700', '2018-12-28 10:37:00', 17, ''),
(212, 'IF17281218104643', '2018-12-28 10:46:43', 17, ''),
(213, 'IF17281218110922', '2018-12-28 11:09:22', 17, ''),
(214, 'IF17281218112104', '2018-12-28 11:21:04', 17, ''),
(215, 'IF31281218113833', '2018-12-28 11:38:33', 31, ''),
(216, 'IF31281218022031', '2018-12-28 14:20:31', 31, ''),
(217, 'IF31281218022139', '2018-12-28 14:21:39', 31, ''),
(218, 'IF31301218103921', '2018-12-30 10:39:21', 31, ''),
(219, 'IF31301218104157', '2018-12-30 10:41:57', 31, ''),
(220, 'IF31301218104243', '2018-12-30 10:42:43', 31, ''),
(221, 'IF31301218104428', '2018-12-30 10:44:28', 31, ''),
(222, 'IF31301218104531', '2018-12-30 10:45:31', 31, ''),
(223, 'IF31301218104615', '2018-12-30 10:46:15', 31, ''),
(224, 'IF31301218104633', '2018-12-30 10:46:33', 31, ''),
(225, 'IF31301218104731', '2018-12-30 10:47:31', 31, ''),
(226, 'IF31301218104911', '2018-12-30 10:49:11', 31, ''),
(227, 'IF31301218104959', '2018-12-30 10:49:59', 31, ''),
(228, 'IF31301218105035', '2018-12-30 10:50:35', 31, ''),
(229, 'IF31301218105103', '2018-12-30 10:51:03', 31, ''),
(230, 'IF31301218105134', '2018-12-30 10:51:34', 31, ''),
(231, 'IF31301218105218', '2018-12-30 10:52:18', 31, ''),
(232, 'IF31301218105253', '2018-12-30 10:52:53', 31, ''),
(233, 'IF31301218105324', '2018-12-30 10:53:24', 31, ''),
(234, 'IF31301218105346', '2018-12-30 10:53:46', 31, ''),
(235, 'IF31301218105420', '2018-12-30 10:54:20', 31, ''),
(236, 'IF31301218105501', '2018-12-30 10:55:01', 31, ''),
(237, 'IF31301218105534', '2018-12-30 10:55:34', 31, ''),
(238, 'IF31301218105604', '2018-12-30 10:56:04', 31, ''),
(239, 'IF31301218105634', '2018-12-30 10:56:34', 31, ''),
(240, 'IF31301218105708', '2018-12-30 10:57:08', 31, ''),
(241, 'IF31301218105753', '2018-12-30 10:57:53', 31, ''),
(242, 'IF31301218105827', '2018-12-30 10:58:27', 31, ''),
(243, 'IF31301218110414', '2018-12-30 11:04:14', 31, ''),
(244, 'IF31301218051236', '2018-12-30 17:12:36', 31, ''),
(245, 'IF31301218051339', '2018-12-30 17:13:39', 31, ''),
(246, 'IF31301218051436', '2018-12-30 17:14:36', 31, ''),
(247, 'IF31301218051454', '2018-12-30 17:14:54', 31, ''),
(248, 'IF31311218121851', '2018-12-31 12:18:51', 31, ''),
(249, 'IF31311218121906', '2018-12-31 12:19:06', 31, ''),
(250, 'IF31311218121935', '2018-12-31 12:19:35', 31, ''),
(251, 'IF31311218010613', '2018-12-31 13:06:13', 31, ''),
(252, 'IF31311218010804', '2018-12-31 13:08:04', 31, ''),
(253, 'IF31311218010948', '2018-12-31 13:09:48', 31, ''),
(254, 'IF31311218012127', '2018-12-31 13:21:27', 31, ''),
(255, 'IF31311218012249', '2018-12-31 13:22:49', 31, ''),
(256, 'IF31311218012657', '2018-12-31 13:26:57', 31, ''),
(257, 'IF31311218021804', '2018-12-31 14:18:04', 31, ''),
(258, 'IF31311218021816', '2018-12-31 14:18:16', 31, ''),
(259, 'IF31311218021949', '2018-12-31 14:19:49', 31, ''),
(260, 'IF31311218022007', '2018-12-31 14:20:07', 31, ''),
(261, 'IF31311218023438', '2018-12-31 14:34:38', 31, ''),
(262, 'IF31311218025005', '2018-12-31 14:50:05', 31, ''),
(263, 'IF31311218025019', '2018-12-31 14:50:19', 31, ''),
(264, 'IF31311218025212', '2018-12-31 14:52:12', 31, ''),
(265, 'IF31311218025236', '2018-12-31 14:52:36', 31, ''),
(266, 'IF31311218034234', '2018-12-31 15:42:34', 31, ''),
(267, 'IF31311218034306', '2018-12-31 15:43:06', 31, ''),
(268, 'IF31311218035058', '2018-12-31 15:50:58', 31, ''),
(269, 'IF31311218035117', '2018-12-31 15:51:17', 31, ''),
(270, 'IF31311218035315', '2018-12-31 15:53:15', 31, ''),
(271, 'IF31311218035329', '2018-12-31 15:53:29', 31, ''),
(272, 'IF31311218035540', '2018-12-31 15:55:40', 31, ''),
(273, 'IF31311218035554', '2018-12-31 15:55:54', 31, ''),
(274, 'IF31311218035925', '2018-12-31 15:59:25', 31, ''),
(275, 'IF31311218062327', '2018-12-31 18:23:27', 31, ''),
(276, 'IF31311218062459', '2018-12-31 18:24:59', 31, ''),
(277, 'IF31311218070028', '2018-12-31 19:00:28', 31, ''),
(278, 'IF31311218070333', '2018-12-31 19:03:33', 31, ''),
(279, 'IF31010119014931', '2019-01-01 13:49:31', 31, ''),
(280, 'IF31010119015156', '2019-01-01 13:51:56', 31, ''),
(281, 'IF31010119015702', '2019-01-01 13:57:02', 31, ''),
(282, 'IF31010119020728', '2019-01-01 14:07:28', 31, ''),
(283, 'IF31010119020902', '2019-01-01 14:09:02', 31, ''),
(284, 'IF31010119020948', '2019-01-01 14:09:48', 31, ''),
(285, 'IF31010119021400', '2019-01-01 14:14:00', 31, ''),
(286, 'IF31010119022208', '2019-01-01 14:22:08', 31, ''),
(287, 'IF31010119022510', '2019-01-01 14:25:10', 31, ''),
(288, 'IF31010119023012', '2019-01-01 14:30:12', 31, ''),
(289, 'IF31010119023712', '2019-01-01 14:37:12', 31, ''),
(290, 'IF31010119024013', '2019-01-01 14:40:13', 31, ''),
(291, 'IF31010119025026', '2019-01-01 14:50:26', 31, ''),
(292, 'IF31010119030708', '2019-01-01 15:07:08', 31, ''),
(293, 'IF31010119032740', '2019-01-01 15:27:40', 31, ''),
(294, 'IF31010119035206', '2019-01-01 15:52:06', 31, ''),
(295, 'IF31010119035708', '2019-01-01 15:57:08', 31, ''),
(296, 'IF31010119040105', '2019-01-01 16:01:05', 31, ''),
(297, 'IF31010119040656', '2019-01-01 16:06:56', 31, ''),
(298, 'IF31010119041033', '2019-01-01 16:10:33', 31, ''),
(299, 'IF31010119041934', '2019-01-01 16:19:34', 31, ''),
(300, 'IF17010119042934', '2019-01-01 16:29:34', 17, ''),
(301, 'IF17010119043243', '2019-01-01 16:32:43', 17, ''),
(302, 'IF17010119043516', '2019-01-01 16:35:16', 17, ''),
(303, 'IF17010119043644', '2019-01-01 16:36:44', 17, ''),
(304, 'IF17010119044329', '2019-01-01 16:43:29', 17, ''),
(305, 'IF17010119044352', '2019-01-01 16:43:52', 17, ''),
(306, 'IF17010119044419', '2019-01-01 16:44:19', 17, ''),
(307, 'IF31010119055006', '2019-01-01 17:50:06', 31, ''),
(308, 'IF17010119061008', '2019-01-01 18:10:08', 17, ''),
(309, 'IF17010119061917', '2019-01-01 18:19:17', 17, ''),
(310, 'IF17010119062259', '2019-01-01 18:22:59', 17, ''),
(311, 'IF17010119062828', '2019-01-01 18:28:28', 17, ''),
(312, 'IF17010119063255', '2019-01-01 18:32:55', 17, ''),
(313, 'IF17010119064437', '2019-01-01 18:44:37', 17, ''),
(314, 'IF17010119070513', '2019-01-01 19:05:13', 17, ''),
(315, 'IF17010119070719', '2019-01-01 19:07:19', 17, ''),
(316, 'IF17010119072233', '2019-01-01 19:22:33', 17, ''),
(317, 'IF18020119014033', '2019-01-02 13:40:33', 18, ''),
(318, 'IF18020119014052', '2019-01-02 13:40:52', 18, ''),
(319, 'IF18020119014528', '2019-01-02 13:45:28', 18, ''),
(320, 'IF31020119023013', '2019-01-13 00:00:00', 31, ''),
(321, 'IF31020119023728', '2019-01-02 14:37:28', 31, ''),
(322, 'IF31020119025019', '2019-01-02 14:50:19', 31, ''),
(323, 'IF31020119025156', '2019-01-02 14:51:56', 31, ''),
(324, 'IF31020119025243', '2019-01-02 14:52:43', 31, ''),
(325, 'IF31020119030038', '2019-01-02 15:00:38', 31, ''),
(326, 'IF31020119030515', '2019-01-02 15:05:15', 31, ''),
(327, 'IF31020119030702', '2019-01-02 15:07:02', 31, ''),
(328, 'IF31020119030733', '2019-01-02 15:07:33', 31, ''),
(329, 'IF31020119030800', '2019-01-02 15:08:00', 31, ''),
(330, 'IF31020119030840', '2019-01-02 15:08:40', 31, ''),
(331, 'IF31020119030858', '2019-01-02 15:08:58', 31, ''),
(332, 'IF31020119030925', '2019-01-02 15:09:25', 31, ''),
(333, 'IF31020119030950', '2019-01-02 15:09:50', 31, ''),
(334, 'IF31020119031011', '2019-01-02 15:10:11', 31, ''),
(335, 'IF31020119031027', '2019-01-02 15:10:27', 31, ''),
(336, 'IF31020119031049', '2019-01-02 15:10:49', 31, ''),
(337, 'IF31020119031109', '2019-01-02 15:11:09', 31, ''),
(338, 'IF31020119031126', '2019-01-02 15:11:26', 31, ''),
(339, 'IF31020119031144', '2019-01-02 15:11:44', 31, ''),
(340, 'IF31020119031202', '2019-01-02 15:12:02', 31, ''),
(341, 'IF31020119031234', '2019-01-02 15:12:34', 31, ''),
(342, 'IF31020119031253', '2019-01-02 15:12:53', 31, ''),
(343, 'IF31020119031311', '2019-01-02 15:13:11', 31, ''),
(344, 'IF31020119031327', '2019-01-02 15:13:27', 31, ''),
(345, 'IF31020119031356', '2019-01-02 15:13:56', 31, ''),
(346, 'IF31020119031422', '2019-01-02 15:14:22', 31, ''),
(347, 'IF31020119031446', '2019-01-02 15:14:46', 31, ''),
(348, 'IF31020119031508', '2019-01-02 15:15:08', 31, ''),
(349, 'IF31020119031544', '2019-01-02 15:15:44', 31, ''),
(350, 'IF31020119032103', '2019-01-02 15:21:03', 31, ''),
(351, 'IF31020119032154', '2019-01-02 15:21:54', 31, ''),
(352, 'IF31020119032219', '2019-01-02 15:22:19', 31, ''),
(353, 'IF31020119032243', '2019-01-02 15:22:43', 31, ''),
(354, 'IF31020119032306', '2019-01-02 15:23:06', 31, ''),
(355, 'IF31020119032326', '2019-01-02 15:23:26', 31, ''),
(356, 'IF31020119032351', '2019-01-02 15:23:51', 31, ''),
(357, 'IF31020119032410', '2019-01-02 15:24:10', 31, ''),
(358, 'IF31020119032532', '2019-01-02 15:25:32', 31, ''),
(359, 'IF31020119032603', '2019-01-02 15:26:03', 31, ''),
(360, 'IF31020119032629', '2019-01-02 15:26:29', 31, ''),
(361, 'IF31020119032650', '2019-01-02 15:26:50', 31, ''),
(362, 'IF31020119032710', '2019-01-02 15:27:10', 31, ''),
(363, 'IF31020119032733', '2019-01-02 15:27:33', 31, ''),
(364, 'IF31020119032753', '2019-01-02 15:27:53', 31, ''),
(365, 'IF31020119032816', '2019-01-02 15:28:16', 31, ''),
(366, 'IF31020119032959', '2019-01-02 15:29:59', 31, ''),
(367, 'IF31020119033335', '2019-01-02 15:33:35', 31, ''),
(368, 'IF31020119033359', '2019-01-02 15:33:59', 31, ''),
(369, 'IF31020119033420', '2019-01-02 15:34:20', 31, ''),
(370, 'IF31020119033452', '2019-01-02 15:34:52', 31, ''),
(371, 'IF31020119033520', '2019-01-02 15:35:20', 31, ''),
(372, 'IF31020119033555', '2019-01-02 15:35:55', 31, ''),
(373, 'IF31020119033653', '2019-01-02 15:36:53', 31, ''),
(374, 'IF31020119033712', '2019-01-02 15:37:12', 31, ''),
(375, 'IF31020119033728', '2019-01-02 15:37:28', 31, ''),
(376, 'IF31020119033745', '2019-01-02 15:37:45', 31, ''),
(377, 'IF31020119033843', '2019-01-02 15:38:43', 31, ''),
(378, 'IF31020119033902', '2019-01-02 15:39:02', 31, ''),
(379, 'IF31020119033943', '2019-01-02 15:39:43', 31, ''),
(380, 'IF31020119034018', '2019-01-02 15:40:18', 31, ''),
(381, 'IF31020119034044', '2019-01-02 15:40:44', 31, ''),
(382, 'IF31020119034102', '2019-01-02 15:41:02', 31, ''),
(383, 'IF31020119034119', '2019-01-02 15:41:19', 31, ''),
(384, 'IF31020119034137', '2019-01-02 15:41:37', 31, ''),
(385, 'IF31020119034156', '2019-01-02 15:41:56', 31, ''),
(386, 'IF31020119034212', '2019-01-02 15:42:12', 31, ''),
(387, 'IF31020119034231', '2019-01-02 15:42:31', 31, ''),
(388, 'IF31020119034251', '2019-01-02 15:42:51', 31, ''),
(389, 'IF31020119034310', '2019-01-02 15:43:10', 31, ''),
(390, 'IF31020119034328', '2019-01-02 15:43:28', 31, ''),
(391, 'IF31020119034406', '2019-01-02 15:44:06', 31, ''),
(392, 'IF31020119034422', '2019-01-02 15:44:22', 31, ''),
(393, 'IF31020119034454', '2019-01-02 15:44:54', 31, ''),
(394, 'IF31020119034517', '2019-01-02 15:45:17', 31, ''),
(395, 'IF31020119040024', '2019-01-02 16:00:24', 31, ''),
(396, 'IF31020119040716', '2019-01-02 16:07:16', 31, ''),
(397, 'IF31020119044053', '2019-01-02 16:40:53', 31, ''),
(398, 'IF31020119044152', '2019-01-02 16:41:52', 31, ''),
(399, 'IF31020119044219', '2019-01-02 16:42:19', 31, ''),
(400, 'IF31020119044519', '2019-01-02 16:45:19', 31, ''),
(401, 'IF31020119044558', '2019-01-02 16:45:58', 31, ''),
(402, 'IF31020119044628', '2019-01-02 16:46:28', 31, ''),
(403, 'IF31020119044707', '2019-01-02 16:47:07', 31, ''),
(404, 'IF31020119044731', '2019-01-02 16:47:31', 31, ''),
(405, 'IF31020119044759', '2019-01-02 16:47:59', 31, ''),
(406, 'IF31020119044821', '2019-01-02 16:48:21', 31, ''),
(407, 'IF31020119044842', '2019-01-02 16:48:42', 31, ''),
(408, 'IF31020119044905', '2019-01-02 16:49:05', 31, ''),
(409, 'IF31020119044927', '2019-01-02 16:49:27', 31, ''),
(410, 'IF31020119045011', '2019-01-02 16:50:11', 31, ''),
(411, 'IF31020119045033', '2019-01-02 16:50:33', 31, ''),
(412, 'IF31020119045051', '2019-01-02 16:50:51', 31, ''),
(413, 'IF31020119045110', '2019-01-02 16:51:10', 31, ''),
(414, 'IF31020119045141', '2019-01-02 16:51:41', 31, ''),
(415, 'IF31020119045202', '2019-01-02 16:52:02', 31, ''),
(416, 'IF31020119045227', '2019-01-02 16:52:27', 31, ''),
(417, 'IF31020119045250', '2019-01-02 16:52:50', 31, ''),
(418, 'IF31020119045355', '2019-01-02 16:53:55', 31, ''),
(419, 'IF31020119045412', '2019-01-02 16:54:12', 31, ''),
(420, 'IF31020119045430', '2019-01-02 16:54:30', 31, ''),
(421, 'IF31020119045446', '2019-01-02 16:54:46', 31, ''),
(422, 'IF31020119045507', '2019-01-02 16:55:07', 31, ''),
(423, 'IF31020119045524', '2019-01-02 16:55:24', 31, ''),
(424, 'IF31020119045545', '2019-01-02 16:55:45', 31, ''),
(425, 'IF31020119045602', '2019-01-02 16:56:02', 31, ''),
(426, 'IF31020119045624', '2019-01-02 16:56:24', 31, ''),
(427, 'IF31020119045641', '2019-01-02 16:56:41', 31, ''),
(428, 'IF31020119045658', '2019-01-02 16:56:58', 31, ''),
(429, 'IF31020119045716', '2019-01-02 16:57:16', 31, ''),
(430, 'IF31020119045741', '2019-01-02 16:57:41', 31, ''),
(431, 'IF31020119045811', '2019-01-02 16:58:11', 31, ''),
(432, 'IF31020119045828', '2019-01-02 16:58:28', 31, ''),
(433, 'IF31020119045858', '2019-01-02 16:58:58', 31, ''),
(434, 'IF31020119045919', '2019-01-02 16:59:19', 31, ''),
(435, 'IF31020119050008', '2019-01-02 17:00:08', 31, ''),
(436, 'IF31020119050047', '2019-01-02 17:00:47', 31, ''),
(437, 'IF31020119050315', '2019-01-02 17:03:15', 31, ''),
(438, 'IF31020119050436', '2019-01-02 17:04:36', 31, ''),
(439, 'IF31020119050616', '2019-01-02 17:06:16', 31, ''),
(440, 'IF31020119050641', '2019-01-02 17:06:41', 31, ''),
(441, 'IF31020119050700', '2019-01-02 17:07:00', 31, ''),
(442, 'IF31020119050718', '2019-01-02 17:07:18', 31, ''),
(443, 'IF31020119050731', '2019-01-02 17:07:31', 31, ''),
(444, 'IF31020119050749', '2019-01-02 17:07:49', 31, ''),
(445, 'IF31020119050808', '2019-01-02 17:08:08', 31, ''),
(446, 'IF31020119050825', '2019-01-02 17:08:25', 31, ''),
(447, 'IF31020119050854', '2019-01-02 17:08:54', 31, ''),
(448, 'IF31020119050943', '2019-01-02 17:09:43', 31, ''),
(449, 'IF31020119051012', '2019-01-02 17:10:12', 31, ''),
(450, 'IF31020119051034', '2019-01-02 17:10:34', 31, ''),
(451, 'IF31020119051053', '2019-01-02 17:10:53', 31, ''),
(452, 'IF31020119051108', '2019-01-02 17:11:08', 31, ''),
(453, 'IF31020119051125', '2019-01-02 17:11:25', 31, ''),
(454, 'IF31020119051139', '2019-01-02 17:11:39', 31, ''),
(455, 'IF31020119051155', '2019-01-02 17:11:55', 31, ''),
(456, 'IF31020119051215', '2019-01-02 17:12:15', 31, ''),
(457, 'IF31020119051234', '2019-01-02 17:12:34', 31, ''),
(458, 'IF31020119051310', '2019-01-02 17:13:10', 31, ''),
(459, 'IF31020119051331', '2019-01-02 17:13:31', 31, ''),
(460, 'IF31020119051407', '2019-01-02 17:14:07', 31, ''),
(461, 'IF31020119051421', '2019-01-02 17:14:21', 31, ''),
(462, 'IF31020119052121', '2019-01-02 17:21:21', 31, ''),
(463, 'IF31020119052141', '2019-01-02 17:21:41', 31, ''),
(464, 'IF31020119052403', '2019-01-02 17:24:03', 31, ''),
(465, 'IF31020119052806', '2019-01-02 17:28:06', 31, ''),
(466, 'IF31020119052826', '2019-01-02 17:28:26', 31, ''),
(467, 'IF31020119052839', '2019-01-02 17:28:39', 31, ''),
(468, 'IF31020119052913', '2019-01-02 17:29:13', 31, ''),
(469, 'IF31020119052926', '2019-01-02 17:29:26', 31, ''),
(470, 'IF31020119053927', '2019-01-02 17:39:27', 31, ''),
(471, 'IF31030119015654', '2019-01-03 13:56:54', 31, ''),
(472, 'IF31030119015714', '2019-01-03 13:57:14', 31, ''),
(473, 'IF31030119015719', '2019-01-03 13:57:19', 31, ''),
(474, 'IF31030119020036', '2019-01-03 14:00:36', 31, ''),
(475, 'IF31030119020851', '2019-01-03 14:08:51', 31, ''),
(476, 'IF31030119020908', '2019-01-03 14:09:08', 31, ''),
(477, 'IF31030119020939', '2019-01-03 14:09:39', 31, ''),
(478, 'IF31030119021014', '2019-01-03 14:10:14', 31, ''),
(479, 'IF31030119021037', '2019-01-03 14:10:37', 31, ''),
(480, 'IF17030119024254', '2019-01-03 14:42:54', 17, ''),
(481, 'IF17030119024303', '2019-01-03 14:43:03', 17, ''),
(482, 'IF17030119024320', '2019-01-03 14:43:20', 17, ''),
(483, 'IF17030119025227', '2019-01-03 14:52:27', 17, ''),
(484, 'IF17030119025252', '2019-01-03 14:52:52', 17, ''),
(485, 'IF17030119025319', '2019-01-03 14:53:19', 17, ''),
(486, 'IF31030119033307', '2019-01-03 15:33:07', 31, ''),
(487, 'IF31030119033641', '2019-01-03 15:36:41', 31, ''),
(488, 'IF31030119034219', '2019-01-03 15:42:19', 31, ''),
(489, 'IF31030119034554', '2019-01-03 15:45:54', 31, ''),
(490, 'IF31030119034911', '2019-01-03 15:49:11', 31, ''),
(491, 'IF31030119035000', '2019-01-03 15:50:00', 31, ''),
(492, 'IF31030119035153', '2019-01-03 15:51:53', 31, ''),
(493, 'IF31030119035410', '2019-01-03 15:54:10', 31, ''),
(494, 'IF31030119035418', '2019-01-03 15:54:18', 31, ''),
(495, 'IF17030119035727', '2019-01-03 15:57:27', 17, ''),
(496, 'IF17030119040012', '2019-01-03 16:00:12', 17, ''),
(497, 'IF17030119040321', '2019-01-03 16:03:21', 17, ''),
(498, 'IF17030119040548', '2019-01-03 16:05:48', 17, ''),
(499, 'IF17030119040854', '2019-01-03 16:08:54', 17, ''),
(500, 'IF17030119040906', '2019-01-03 16:09:06', 17, ''),
(501, 'IF17030119044253', '2019-01-03 16:42:53', 17, ''),
(502, 'IF17030119044351', '2019-01-03 16:43:51', 17, ''),
(503, 'IF17030119044507', '2019-01-03 16:45:07', 17, ''),
(504, 'IF17030119044847', '2019-01-03 16:48:47', 17, ''),
(505, 'IF17030119045032', '2019-01-03 16:50:32', 17, ''),
(506, 'IF17030119045250', '2019-01-03 16:52:50', 17, ''),
(507, 'IF17030119045340', '2019-01-03 16:53:40', 17, ''),
(508, 'IF17030119045434', '2019-01-03 16:54:34', 17, ''),
(509, 'IF17030119050751', '2019-01-03 17:07:51', 17, ''),
(510, 'IF17030119051325', '2019-01-03 17:13:25', 17, ''),
(511, 'IF17030119052236', '2019-01-03 17:22:36', 17, ''),
(512, 'IF17030119052320', '2019-01-03 17:23:20', 17, ''),
(513, 'IF31030119070941', '2019-01-03 19:09:41', 31, ''),
(514, 'IF31030119072831', '2019-01-03 19:28:31', 31, ''),
(515, 'IF31030119072948', '2019-01-03 19:29:48', 31, ''),
(516, 'IF31030119073052', '2019-01-03 19:30:52', 31, ''),
(517, 'IF31030119073208', '2019-01-03 19:32:08', 31, ''),
(518, 'IF31030119073256', '2019-01-03 19:32:56', 31, ''),
(519, 'IF31030119073338', '2019-01-03 19:33:38', 31, ''),
(520, 'IF17040119041512', '2019-01-04 04:15:12', 17, ''),
(521, 'IF17040119042252', '2019-01-04 04:22:52', 17, ''),
(522, 'IF17040119042811', '2019-01-04 04:28:11', 17, ''),
(523, 'IF17040119042921', '2019-01-04 04:29:21', 17, ''),
(524, 'IF17040119043346', '2019-01-04 04:33:46', 17, ''),
(525, 'IF31040119055605', '2019-01-04 05:56:05', 31, ''),
(526, 'IF31040119061356', '2019-01-04 06:13:56', 31, ''),
(527, 'IF31040119114947', '2019-01-04 11:49:47', 31, ''),
(528, 'IF17040119125908', '2019-01-04 12:59:08', 17, ''),
(529, 'IF31040119010545', '2019-01-04 13:05:45', 31, ''),
(530, 'IF31040119011758', '2019-01-04 13:17:58', 31, ''),
(531, 'IF31040119011817', '2019-01-04 13:18:17', 31, ''),
(532, 'IF31040119012216', '2019-01-04 13:22:16', 31, ''),
(533, 'IF31040119012452', '2019-01-04 13:24:52', 31, ''),
(534, 'IF31040119012514', '2019-01-04 13:25:14', 31, ''),
(535, 'IF31040119012728', '2019-01-04 13:27:28', 31, ''),
(536, 'IF31040119012913', '2019-01-04 13:29:13', 31, ''),
(537, 'IF31080119062257', '2019-01-08 06:22:57', 31, ''),
(538, 'IF31080119062933', '2019-01-08 06:29:33', 31, ''),
(539, 'IF31080119063120', '2019-01-08 06:31:20', 31, ''),
(540, 'IF31150920101728', '2020-09-15 10:17:28', 31, ''),
(541, 'IF31150920101750', '2020-09-15 10:17:50', 31, ''),
(542, 'IF31150920101950', '2020-09-15 10:19:50', 31, '');

-- --------------------------------------------------------

--
-- Table structure for table `result`
--

CREATE TABLE `result` (
  `regid` int(11) DEFAULT NULL,
  `enrollmentid` varchar(100) DEFAULT NULL,
  `ROLL_NO` int(11) DEFAULT NULL,
  `SECTIONNO` int(11) DEFAULT NULL,
  `TH_BATCHNO` int(11) DEFAULT NULL,
  `BATCHNO` int(11) DEFAULT NULL,
  `SEMESTERNO` int(11) DEFAULT NULL,
  `term` int(11) DEFAULT NULL,
  `schemeid` int(11) DEFAULT NULL,
  `UA_NO` int(11) DEFAULT NULL,
  `UA_NO_PRAC` int(11) DEFAULT NULL,
  `courseid` int(11) DEFAULT NULL,
  `coursename` varchar(100) DEFAULT NULL,
  `SUBID` int(11) DEFAULT NULL,
  `coursecode` varchar(100) DEFAULT NULL,
  `SRNO` int(11) DEFAULT NULL,
  `previousstatus` int(11) DEFAULT NULL,
  `GRADE` varchar(100) DEFAULT NULL,
  `ATTENDANCE` varchar(100) DEFAULT NULL,
  `inmark` varchar(100) DEFAULT NULL,
  `theorymark` varchar(100) DEFAULT NULL,
  `LOCKI` varchar(100) DEFAULT NULL,
  `LOCKE` varchar(100) DEFAULT NULL,
  `totalmark` varchar(100) DEFAULT NULL,
  `testmark` varchar(100) DEFAULT NULL,
  `practicalmarks` varchar(100) DEFAULT NULL,
  `oralmark` varchar(100) DEFAULT NULL,
  `twmark` varchar(100) DEFAULT NULL,
  `ASSIGNMARK` varchar(100) DEFAULT NULL,
  `LOCKS1` varchar(100) DEFAULT NULL,
  `LOCKS2` varchar(100) DEFAULT NULL,
  `LOCKS3` varchar(100) DEFAULT NULL,
  `LOCKS4` varchar(100) DEFAULT NULL,
  `LOCKASSIGN` varchar(100) DEFAULT NULL,
  `LCDATEI` varchar(100) DEFAULT NULL,
  `LCDATEE` varchar(100) DEFAULT NULL,
  `LCDATE1` varchar(100) DEFAULT NULL,
  `LCDATE2` varchar(100) DEFAULT NULL,
  `LCDATE3` varchar(100) DEFAULT NULL,
  `LCDATE4` varchar(100) DEFAULT NULL,
  `LCDATEASS` varchar(100) DEFAULT NULL,
  `PROGRESS_ST` varchar(100) DEFAULT NULL,
  `OPASS` varchar(100) DEFAULT NULL,
  `OLDSESNO` varchar(100) DEFAULT NULL,
  `OLDSESNAME` varchar(100) DEFAULT NULL,
  `IPADDRESS` varchar(100) DEFAULT NULL,
  `CREDITS` int(11) DEFAULT NULL,
  `ATTEMPT` varchar(100) DEFAULT NULL,
  `ACCEPTED` int(11) DEFAULT NULL,
  `REGISTERED` int(11) DEFAULT NULL,
  `GDPOINT` int(11) DEFAULT NULL,
  `FAC_REMARK` int(11) DEFAULT NULL,
  `COLLEGE_CODE` int(11) DEFAULT NULL,
  `DETAIND` varchar(100) DEFAULT NULL,
  `EXTRA_SUB` int(11) DEFAULT NULL,
  `CONTROLSHEET_NO` varchar(100) DEFAULT NULL,
  `PRO_SEM` int(11) DEFAULT NULL,
  `EXAM_REGISTERED` varchar(100) DEFAULT NULL,
  `CANCEL` varchar(100) DEFAULT NULL,
  `theory` varchar(100) DEFAULT NULL,
  `practical` varchar(100) DEFAULT NULL,
  `oral` varchar(100) DEFAULT NULL,
  `tw` varchar(100) DEFAULT NULL,
  `CONTROLSHEET_NO_S1` int(11) DEFAULT NULL,
  `CONTROLSHEET_NO_S2` varchar(100) DEFAULT NULL,
  `CONTROLSHEET_NO_S3` varchar(100) DEFAULT NULL,
  `CONTROLSHEET_NO_S4` varchar(100) DEFAULT NULL,
  `CREGDATE` varchar(100) DEFAULT NULL,
  `EXREGDATE` varchar(100) DEFAULT NULL,
  `AD_TEACHER_TH` int(11) DEFAULT NULL,
  `AD_TEACHER_PR` varchar(100) DEFAULT NULL,
  `GRACE` varchar(100) DEFAULT NULL,
  `GGRACE` varchar(100) DEFAULT NULL,
  `CLEAR` varchar(100) DEFAULT NULL,
  `ISWITHHELD` varchar(100) DEFAULT NULL,
  `WITHHELD_REASON` varchar(100) DEFAULT NULL,
  `CL_AWARD` varchar(100) DEFAULT NULL,
  `GGRACE2` varchar(100) DEFAULT NULL,
  `WITHHELD_EXAM` varchar(100) DEFAULT NULL,
  `CPS` varchar(100) DEFAULT NULL,
  `CANCEL_REMARK` varchar(100) DEFAULT NULL
) ENGINE=InnoDB DEFAULT CHARSET=latin1;

--
-- Dumping data for table `result`
--

INSERT INTO `result` (`regid`, `enrollmentid`, `ROLL_NO`, `SECTIONNO`, `TH_BATCHNO`, `BATCHNO`, `SEMESTERNO`, `term`, `schemeid`, `UA_NO`, `UA_NO_PRAC`, `courseid`, `coursename`, `SUBID`, `coursecode`, `SRNO`, `previousstatus`, `GRADE`, `ATTENDANCE`, `inmark`, `theorymark`, `LOCKI`, `LOCKE`, `totalmark`, `testmark`, `practicalmarks`, `oralmark`, `twmark`, `ASSIGNMARK`, `LOCKS1`, `LOCKS2`, `LOCKS3`, `LOCKS4`, `LOCKASSIGN`, `LCDATEI`, `LCDATEE`, `LCDATE1`, `LCDATE2`, `LCDATE3`, `LCDATE4`, `LCDATEASS`, `PROGRESS_ST`, `OPASS`, `OLDSESNO`, `OLDSESNAME`, `IPADDRESS`, `CREDITS`, `ATTEMPT`, `ACCEPTED`, `REGISTERED`, `GDPOINT`, `FAC_REMARK`, `COLLEGE_CODE`, `DETAIND`, `EXTRA_SUB`, `CONTROLSHEET_NO`, `PRO_SEM`, `EXAM_REGISTERED`, `CANCEL`, `theory`, `practical`, `oral`, `tw`, `CONTROLSHEET_NO_S1`, `CONTROLSHEET_NO_S2`, `CONTROLSHEET_NO_S3`, `CONTROLSHEET_NO_S4`, `CREGDATE`, `EXREGDATE`, `AD_TEACHER_TH`, `AD_TEACHER_PR`, `GRACE`, `GGRACE`, `CLEAR`, `ISWITHHELD`, `WITHHELD_REASON`, `CL_AWARD`, `GGRACE2`, `WITHHELD_EXAM`, `CPS`, `CANCEL_REMARK`) VALUES
(12547, 'FD18CE008', 0, 0, 2, 0, 3, 90, 51, 12496, 0, 2188, 'HYDRAULICS', 1, 'CE16204', 20, 0, 'NULL', 'NULL', 'NULL', 'NULL', 'NULL', 'NULL', 'NULL', 'NULL', 'NULL', 'NULL', 'NULL', 'NULL', 'NULL', 'NULL', 'NULL', 'NULL', 'NULL', 'NULL', 'NULL', 'NULL', 'NULL', 'NULL', 'NULL', 'NULL', 'NULL', 'NULL', 'NULL', 'NULL', '', 5, 'NULL', 1, 1, 0, 0, 1, 'NULL', 0, 'NULL', 0, 'NULL', 'NULL', 'Y', 'N', 'Y', 'Y', 1038, 'NULL', 'NULL', 'NULL', '', '', 12496, 'NULL', 'NULL', 'NULL', 'NULL', 'NULL', 'NULL', 'NULL', 'NULL', 'NULL', 'NULL', 'NULL');

-- --------------------------------------------------------

--
-- Table structure for table `room`
--

CREATE TABLE `room` (
  `room_id` int(11) NOT NULL,
  `room_dept_id` int(11) DEFAULT NULL,
  `room_lab` tinyint(1) NOT NULL,
  `room_no` int(11) NOT NULL
) ENGINE=InnoDB DEFAULT CHARSET=latin1;

-- --------------------------------------------------------

--
-- Table structure for table `scheme`
--

CREATE TABLE `scheme` (
  `scheme_id` int(11) NOT NULL,
  `scheme_year` varchar(20) NOT NULL,
  `scheme_credit` int(11) NOT NULL,
  `scheme_dept_id` int(11) DEFAULT NULL
) ENGINE=InnoDB DEFAULT CHARSET=latin1;

--
-- Dumping data for table `scheme`
--

INSERT INTO `scheme` (`scheme_id`, `scheme_year`, `scheme_credit`, `scheme_dept_id`) VALUES
(1, 'P16', 200, 1);

-- --------------------------------------------------------

--
-- Table structure for table `semester`
--

CREATE TABLE `semester` (
  `semester_id` int(11) NOT NULL,
  `semester_scheme_id` int(11) NOT NULL,
  `semester_course_id` int(11) NOT NULL,
  `semester_number` int(11) NOT NULL DEFAULT '1'
) ENGINE=InnoDB DEFAULT CHARSET=latin1 ROW_FORMAT=COMPACT;

--
-- Dumping data for table `semester`
--

INSERT INTO `semester` (`semester_id`, `semester_scheme_id`, `semester_course_id`, `semester_number`) VALUES
(1, 1, 1, 1),
(2, 1, 2, 1),
(3, 1, 3, 1),
(4, 1, 4, 1),
(5, 1, 5, 1),
(6, 1, 6, 1),
(7, 1, 7, 1),
(8, 1, 8, 2),
(9, 1, 9, 2),
(10, 1, 10, 2),
(11, 1, 11, 2),
(12, 1, 12, 2),
(13, 1, 13, 2),
(14, 1, 14, 2),
(15, 1, 15, 3),
(16, 1, 16, 3),
(17, 1, 17, 3),
(18, 1, 18, 3),
(19, 1, 19, 3),
(20, 1, 20, 3),
(21, 1, 21, 3),
(22, 1, 22, 4),
(23, 1, 23, 4),
(24, 1, 24, 4),
(25, 1, 25, 4),
(26, 1, 26, 4),
(27, 1, 27, 4),
(28, 1, 28, 4),
(29, 1, 29, 5),
(30, 1, 30, 5),
(31, 1, 31, 5),
(32, 1, 32, 5),
(33, 1, 33, 5),
(34, 1, 34, 5),
(35, 1, 35, 5),
(36, 1, 36, 5);

-- --------------------------------------------------------

--
-- Table structure for table `semester_result`
--

CREATE TABLE `semester_result` (
  `semester_result_id` int(11) NOT NULL,
  `semester_result_marks_id` int(11) NOT NULL,
  `semester_result_pass` tinyint(1) NOT NULL DEFAULT '0',
  `semester_result_marks_th` int(11) NOT NULL,
  `semester_result_studentabsent` int(11) NOT NULL DEFAULT '0' COMMENT '0 is present 1 is absent 2 is detain'
) ENGINE=InnoDB DEFAULT CHARSET=latin1;

--
-- Dumping data for table `semester_result`
--

INSERT INTO `semester_result` (`semester_result_id`, `semester_result_marks_id`, `semester_result_pass`, `semester_result_marks_th`, `semester_result_studentabsent`) VALUES
(1, 2, 0, 0, 1),
(2, 3, 0, 0, 2),
(3, 4, 0, 12, 0),
(4, 5, 1, 50, 0),
(5, 6, 1, 40, 0),
(6, 7, 1, 41, 0),
(7, 8, 1, 42, 0),
(8, 9, 1, 43, 0),
(9, 10, 1, 44, 0),
(10, 11, 1, 45, 0),
(11, 12, 1, 46, 0),
(12, 13, 1, 47, 0),
(13, 14, 1, 48, 0),
(14, 15, 1, 49, 0),
(15, 16, 1, 50, 0),
(16, 17, 1, 51, 0),
(17, 18, 1, 52, 0),
(18, 19, 1, 53, 0),
(19, 20, 1, 54, 0),
(20, 21, 1, 55, 0),
(21, 22, 1, 56, 0),
(22, 23, 1, 57, 0),
(23, 24, 1, 58, 0),
(32, 26, 1, 35, 0),
(33, 27, 1, 36, 0),
(34, 28, 1, 37, 0),
(35, 29, 1, 38, 0),
(36, 30, 1, 39, 0),
(37, 31, 1, 40, 0),
(38, 32, 1, 41, 0),
(39, 33, 1, 42, 0),
(40, 34, 1, 43, 0),
(41, 35, 1, 44, 0),
(42, 36, 1, 45, 0),
(43, 37, 1, 46, 0),
(44, 38, 1, 47, 0),
(45, 39, 1, 48, 0),
(46, 40, 1, 49, 0),
(47, 41, 1, 50, 0),
(48, 42, 1, 51, 0),
(49, 43, 1, 52, 0),
(50, 44, 1, 53, 0),
(51, 45, 1, 54, 0),
(52, 46, 1, 55, 0),
(53, 47, 1, 56, 0),
(54, 48, 1, 57, 0),
(63, 73, 1, 40, 0),
(64, 74, 1, 41, 0),
(65, 75, 1, 42, 0),
(66, 76, 1, 43, 0),
(67, 77, 1, 44, 0),
(68, 78, 1, 45, 0),
(69, 79, 1, 46, 0),
(70, 80, 1, 47, 0),
(71, 81, 1, 48, 0),
(72, 82, 1, 49, 0),
(73, 83, 1, 50, 0),
(74, 84, 1, 51, 0),
(75, 85, 1, 52, 0),
(76, 86, 1, 53, 0),
(77, 87, 1, 54, 0),
(78, 88, 1, 55, 0),
(79, 89, 1, 56, 0),
(80, 90, 1, 57, 0),
(81, 91, 1, 58, 0),
(82, 92, 1, 59, 0),
(83, 93, 1, 60, 0),
(84, 94, 1, 61, 0),
(85, 95, 1, 62, 0),
(94, 142, 1, 41, 0),
(95, 143, 1, 42, 0),
(96, 144, 1, 43, 0),
(97, 145, 1, 44, 0),
(98, 146, 1, 45, 0),
(99, 147, 1, 46, 0),
(100, 148, 1, 47, 0),
(101, 149, 1, 48, 0),
(102, 150, 1, 49, 0),
(103, 151, 1, 50, 0),
(104, 152, 1, 51, 0),
(105, 153, 1, 52, 0),
(106, 154, 1, 53, 0),
(107, 155, 1, 54, 0),
(108, 156, 1, 55, 0),
(109, 157, 1, 56, 0),
(110, 158, 1, 57, 0),
(111, 159, 1, 58, 0),
(112, 160, 1, 59, 0),
(113, 161, 1, 60, 0),
(114, 162, 1, 61, 0),
(115, 163, 1, 62, 0),
(125, 256, 1, 37, 0),
(126, 257, 0, 20, 0),
(127, 258, 1, 39, 0),
(128, 259, 1, 40, 0),
(129, 260, 0, 0, 1),
(130, 261, 0, 0, 2),
(131, 262, 0, 12, 0),
(132, 263, 1, 28, 0),
(133, 264, 1, 40, 0),
(134, 265, 1, 41, 0),
(135, 266, 1, 42, 0),
(136, 267, 1, 43, 0),
(137, 268, 1, 44, 0),
(138, 269, 1, 45, 0),
(139, 270, 1, 46, 0),
(140, 271, 1, 47, 0),
(141, 272, 1, 48, 0),
(142, 273, 1, 49, 0),
(143, 274, 1, 50, 0),
(144, 275, 1, 51, 0),
(145, 276, 1, 52, 0),
(146, 277, 1, 53, 0),
(147, 278, 1, 54, 0),
(148, 279, 1, 55, 0),
(149, 280, 1, 56, 0),
(150, 281, 1, 57, 0),
(151, 282, 1, 58, 0),
(152, 283, 1, 59, 0),
(153, 284, 1, 60, 0),
(154, 285, 1, 61, 0),
(155, 286, 1, 62, 0),
(156, 287, 1, 63, 0),
(157, 288, 1, 64, 0),
(158, 289, 1, 65, 0),
(159, 290, 1, 66, 0),
(160, 291, 1, 67, 0),
(161, 292, 1, 68, 0),
(162, 293, 1, 69, 0),
(163, 294, 1, 70, 0),
(188, 295, 1, 32, 0),
(189, 296, 1, 33, 0),
(190, 297, 1, 34, 0),
(191, 298, 1, 35, 0),
(192, 299, 1, 36, 0),
(193, 300, 1, 37, 0),
(194, 301, 1, 38, 0),
(195, 302, 1, 39, 0),
(196, 303, 1, 40, 0),
(197, 304, 1, 41, 0),
(198, 305, 1, 42, 0),
(199, 306, 1, 43, 0),
(200, 307, 1, 44, 0),
(201, 308, 1, 45, 0),
(202, 309, 1, 46, 0),
(203, 310, 1, 47, 0),
(204, 311, 1, 48, 0),
(205, 312, 1, 49, 0),
(206, 313, 1, 50, 0),
(207, 314, 1, 51, 0),
(208, 315, 1, 52, 0),
(209, 316, 1, 53, 0),
(210, 317, 1, 54, 0),
(211, 318, 1, 55, 0),
(212, 319, 1, 56, 0),
(213, 320, 1, 57, 0),
(214, 321, 1, 58, 0),
(215, 322, 1, 59, 0),
(216, 323, 1, 60, 0),
(217, 324, 1, 61, 0),
(218, 325, 1, 62, 0),
(219, 326, 1, 63, 0),
(220, 327, 1, 64, 0),
(221, 328, 1, 65, 0),
(222, 329, 1, 66, 0),
(223, 330, 1, 67, 0),
(224, 331, 1, 68, 0),
(225, 332, 1, 69, 0),
(226, 333, 1, 70, 0),
(251, 373, 1, 31, 0),
(252, 374, 1, 32, 0),
(253, 375, 1, 33, 0),
(254, 376, 1, 34, 0),
(255, 377, 1, 35, 0),
(256, 378, 1, 36, 0),
(257, 379, 1, 37, 0),
(258, 380, 1, 38, 0),
(259, 381, 1, 39, 0),
(260, 382, 1, 40, 0),
(261, 383, 1, 41, 0),
(262, 384, 1, 42, 0),
(263, 385, 1, 43, 0),
(264, 386, 1, 44, 0),
(265, 387, 1, 45, 0),
(266, 388, 1, 46, 0),
(267, 389, 1, 47, 0),
(268, 390, 1, 48, 0),
(269, 391, 1, 49, 0),
(270, 392, 1, 50, 0),
(271, 393, 1, 51, 0),
(272, 394, 1, 52, 0),
(273, 395, 1, 53, 0),
(274, 396, 1, 54, 0),
(275, 397, 1, 55, 0),
(276, 398, 1, 56, 0),
(277, 399, 1, 57, 0),
(278, 400, 1, 58, 0),
(279, 401, 1, 59, 0),
(280, 402, 1, 60, 0),
(281, 403, 1, 61, 0),
(282, 404, 1, 62, 0),
(283, 405, 1, 63, 0),
(284, 406, 1, 64, 0),
(285, 407, 1, 65, 0),
(286, 408, 1, 66, 0),
(287, 409, 1, 67, 0),
(288, 410, 1, 68, 0),
(289, 411, 1, 69, 0),
(314, 490, 1, 31, 0),
(315, 491, 1, 32, 0),
(316, 492, 1, 33, 0),
(317, 493, 1, 34, 0),
(318, 494, 1, 35, 0),
(319, 495, 1, 36, 0),
(320, 496, 1, 37, 0),
(321, 497, 1, 38, 0),
(322, 498, 1, 39, 0),
(323, 499, 1, 40, 0),
(324, 500, 1, 41, 0),
(325, 501, 1, 42, 0),
(326, 502, 1, 43, 0),
(327, 503, 1, 44, 0),
(328, 504, 1, 45, 0),
(329, 505, 1, 46, 0),
(330, 506, 1, 47, 0),
(331, 507, 1, 48, 0),
(332, 508, 1, 49, 0),
(333, 509, 1, 50, 0),
(334, 510, 1, 51, 0),
(335, 511, 1, 52, 0),
(336, 512, 1, 53, 0),
(337, 513, 1, 54, 0),
(338, 514, 1, 55, 0),
(339, 515, 1, 56, 0),
(340, 516, 1, 57, 0),
(341, 517, 1, 58, 0),
(342, 518, 1, 59, 0),
(343, 519, 1, 60, 0),
(344, 520, 1, 61, 0),
(345, 521, 1, 62, 0),
(346, 522, 1, 63, 0),
(347, 523, 1, 64, 0),
(348, 524, 1, 65, 0),
(349, 525, 0, 0, 1),
(350, 526, 0, 0, 2),
(351, 527, 0, 12, 0);

-- --------------------------------------------------------

--
-- Table structure for table `sem_internal_marks`
--

CREATE TABLE `sem_internal_marks` (
  `sem_internal_id` int(11) NOT NULL,
  `sem_internal_semister_id` int(11) DEFAULT NULL,
  `sem_internal_course_id` int(11) DEFAULT NULL,
  `sem_internal_student_id` int(11) DEFAULT NULL,
  `sem_internal_marks` int(11) NOT NULL DEFAULT '0',
  `sem_internal_student_absent` tinyint(1) NOT NULL DEFAULT '0',
  `marks_type` int(11) DEFAULT NULL,
  `sem_internal_marks_fail` tinyint(4) NOT NULL DEFAULT '0',
  `sem_internal_date_time` timestamp NOT NULL DEFAULT CURRENT_TIMESTAMP ON UPDATE CURRENT_TIMESTAMP
) ENGINE=InnoDB DEFAULT CHARSET=latin1;

--
-- Dumping data for table `sem_internal_marks`
--

INSERT INTO `sem_internal_marks` (`sem_internal_id`, `sem_internal_semister_id`, `sem_internal_course_id`, `sem_internal_student_id`, `sem_internal_marks`, `sem_internal_student_absent`, `marks_type`, `sem_internal_marks_fail`, `sem_internal_date_time`) VALUES
(2, 1, 1, 42, 0, 0, 5, 0, '2018-12-31 14:56:55'),
(3, 1, 1, 43, 0, 0, 5, 0, '2018-12-31 14:56:55'),
(4, 1, 1, 44, 0, 0, 5, 0, '2018-12-31 14:56:55'),
(5, 1, 1, 45, 0, 0, 5, 0, '2018-12-31 14:56:55'),
(6, 1, 1, 46, 0, 0, 5, 0, '2018-12-31 14:56:55'),
(7, 1, 1, 47, 0, 0, 5, 0, '2018-12-31 14:56:55'),
(8, 1, 1, 48, 0, 0, 5, 0, '2018-12-31 14:56:55'),
(9, 1, 1, 49, 0, 0, 5, 0, '2018-12-31 14:56:55'),
(10, 1, 1, 50, 0, 0, 5, 0, '2018-12-31 14:56:55'),
(11, 1, 1, 51, 0, 0, 5, 0, '2018-12-31 14:56:55'),
(12, 1, 1, 52, 0, 0, 5, 0, '2018-12-31 14:56:55'),
(13, 1, 1, 53, 0, 0, 5, 0, '2018-12-31 14:56:55'),
(14, 1, 1, 54, 0, 0, 5, 0, '2018-12-31 14:56:55'),
(15, 1, 1, 55, 0, 0, 5, 0, '2018-12-31 14:56:55'),
(16, 1, 1, 56, 0, 0, 5, 0, '2018-12-31 14:56:55'),
(17, 1, 1, 57, 0, 0, 5, 0, '2018-12-31 14:56:55'),
(18, 1, 1, 59, 0, 0, 5, 0, '2018-12-31 14:56:56'),
(19, 1, 1, 60, 0, 0, 5, 0, '2018-12-31 14:56:56'),
(20, 1, 1, 61, 0, 0, 5, 0, '2018-12-31 14:56:56'),
(21, 1, 1, 62, 0, 0, 5, 0, '2018-12-31 14:56:56'),
(22, 1, 1, 63, 0, 0, 5, 0, '2018-12-31 14:56:56'),
(23, 1, 1, 64, 0, 0, 5, 0, '2018-12-31 14:56:56'),
(24, 1, 1, 65, 0, 0, 5, 0, '2018-12-31 14:56:56'),
(26, 2, 2, 42, 0, 0, 5, 0, '2018-12-31 14:57:14'),
(27, 2, 2, 43, 0, 0, 5, 0, '2018-12-31 14:57:14'),
(28, 2, 2, 44, 0, 0, 5, 0, '2018-12-31 14:57:14'),
(29, 2, 2, 45, 0, 0, 5, 0, '2018-12-31 14:57:14'),
(30, 2, 2, 46, 0, 0, 5, 0, '2018-12-31 14:57:15'),
(31, 2, 2, 47, 0, 0, 5, 0, '2018-12-31 14:57:15'),
(32, 2, 2, 48, 0, 0, 5, 0, '2018-12-31 14:57:15'),
(33, 2, 2, 49, 0, 0, 5, 0, '2018-12-31 14:57:15'),
(34, 2, 2, 50, 0, 0, 5, 0, '2018-12-31 14:57:15'),
(35, 2, 2, 51, 0, 0, 5, 0, '2018-12-31 14:57:15'),
(36, 2, 2, 52, 0, 0, 5, 0, '2018-12-31 14:57:15'),
(37, 2, 2, 53, 0, 0, 5, 0, '2018-12-31 14:57:15'),
(38, 2, 2, 54, 0, 0, 5, 0, '2018-12-31 14:57:15'),
(39, 2, 2, 55, 0, 0, 5, 0, '2018-12-31 14:57:15'),
(40, 2, 2, 56, 0, 0, 5, 0, '2018-12-31 14:57:15'),
(41, 2, 2, 57, 0, 0, 5, 0, '2018-12-31 14:57:15'),
(42, 2, 2, 59, 0, 0, 5, 0, '2018-12-31 14:57:15'),
(43, 2, 2, 60, 0, 0, 5, 0, '2018-12-31 14:57:15'),
(44, 2, 2, 61, 0, 0, 5, 0, '2018-12-31 14:57:15'),
(45, 2, 2, 62, 0, 0, 5, 0, '2018-12-31 14:57:15'),
(46, 2, 2, 63, 0, 0, 5, 0, '2018-12-31 14:57:15'),
(47, 2, 2, 64, 0, 0, 5, 0, '2018-12-31 14:57:15'),
(48, 2, 2, 65, 0, 0, 5, 0, '2018-12-31 14:57:16'),
(50, 3, 3, 42, 40, 0, 1, 0, '2018-12-31 14:58:58'),
(51, 3, 3, 43, 45, 0, 1, 0, '2018-12-31 14:58:58'),
(52, 3, 3, 44, 42, 0, 1, 0, '2018-12-31 14:58:58'),
(53, 3, 3, 45, 41, 0, 1, 0, '2018-12-31 14:58:58'),
(54, 3, 3, 46, 41, 0, 1, 0, '2018-12-31 14:58:58'),
(55, 3, 3, 47, 48, 0, 1, 0, '2018-12-31 14:58:58'),
(56, 3, 3, 48, 47, 0, 1, 0, '2018-12-31 14:58:58'),
(57, 3, 3, 49, 45, 0, 1, 0, '2018-12-31 14:58:58'),
(58, 3, 3, 50, 42, 0, 1, 0, '2018-12-31 14:58:58'),
(59, 3, 3, 51, 41, 0, 1, 0, '2018-12-31 14:58:58'),
(60, 3, 3, 52, 40, 0, 1, 0, '2018-12-31 14:58:58'),
(61, 3, 3, 53, 35, 0, 1, 0, '2018-12-31 14:58:58'),
(62, 3, 3, 54, 38, 0, 1, 0, '2018-12-31 14:58:58'),
(63, 3, 3, 55, 37, 0, 1, 0, '2018-12-31 14:58:58'),
(64, 3, 3, 56, 36, 0, 1, 0, '2018-12-31 14:58:58'),
(65, 3, 3, 57, 39, 0, 1, 0, '2018-12-31 14:58:59'),
(66, 3, 3, 59, 31, 0, 1, 0, '2018-12-31 14:58:59'),
(67, 3, 3, 60, 32, 0, 1, 0, '2018-12-31 14:58:59'),
(68, 3, 3, 61, 25, 0, 1, 0, '2018-12-31 14:58:59'),
(69, 3, 3, 62, 30, 0, 1, 0, '2018-12-31 14:58:59'),
(70, 3, 3, 63, 39, 0, 1, 0, '2018-12-31 14:58:59'),
(71, 3, 3, 64, 40, 0, 1, 0, '2018-12-31 14:58:59'),
(72, 3, 3, 65, 45, 0, 1, 0, '2018-12-31 14:58:59'),
(73, 3, 3, 42, 0, 0, 5, 0, '2019-01-01 12:43:36'),
(74, 3, 3, 43, 0, 0, 5, 0, '2019-01-01 12:43:36'),
(75, 3, 3, 44, 0, 0, 5, 0, '2019-01-01 12:43:36'),
(76, 3, 3, 45, 0, 0, 5, 0, '2019-01-01 12:43:36'),
(77, 3, 3, 46, 0, 0, 5, 0, '2019-01-01 12:43:36'),
(78, 3, 3, 47, 0, 0, 5, 0, '2019-01-01 12:43:36'),
(79, 3, 3, 48, 0, 0, 5, 0, '2019-01-01 12:43:36'),
(80, 3, 3, 49, 0, 0, 5, 0, '2019-01-01 12:43:36'),
(81, 3, 3, 50, 0, 0, 5, 0, '2019-01-01 12:43:36'),
(82, 3, 3, 51, 0, 0, 5, 0, '2019-01-01 12:43:36'),
(83, 3, 3, 52, 0, 0, 5, 0, '2019-01-01 12:43:37'),
(84, 3, 3, 53, 0, 0, 5, 0, '2019-01-01 12:43:37'),
(85, 3, 3, 54, 0, 0, 5, 0, '2019-01-01 12:43:37'),
(86, 3, 3, 55, 0, 0, 5, 0, '2019-01-01 12:43:37'),
(87, 3, 3, 56, 0, 0, 5, 0, '2019-01-01 12:43:37'),
(88, 3, 3, 57, 0, 0, 5, 0, '2019-01-01 12:43:37'),
(89, 3, 3, 59, 0, 0, 5, 0, '2019-01-01 12:43:37'),
(90, 3, 3, 60, 0, 0, 5, 0, '2019-01-01 12:43:37'),
(91, 3, 3, 61, 0, 0, 5, 0, '2019-01-01 12:43:37'),
(92, 3, 3, 62, 0, 0, 5, 0, '2019-01-01 12:43:37'),
(93, 3, 3, 63, 0, 0, 5, 0, '2019-01-01 12:43:37'),
(94, 3, 3, 64, 0, 0, 5, 0, '2019-01-01 12:43:37'),
(95, 3, 3, 65, 0, 0, 5, 0, '2019-01-01 12:43:37'),
(96, 4, 4, 42, 7, 0, 1, 1, '2019-01-01 12:49:01'),
(97, 4, 4, 43, 12, 0, 1, 0, '2019-01-01 12:49:01'),
(98, 4, 4, 44, 19, 0, 1, 0, '2019-01-01 12:49:01'),
(99, 4, 4, 45, 21, 0, 1, 0, '2019-01-01 12:49:01'),
(100, 4, 4, 46, 22, 0, 1, 0, '2019-01-01 12:49:01'),
(101, 4, 4, 47, 15, 0, 1, 0, '2019-01-01 12:49:01'),
(102, 4, 4, 48, 18, 0, 1, 0, '2019-01-01 12:49:01'),
(103, 4, 4, 49, 17, 0, 1, 0, '2019-01-01 12:49:01'),
(104, 4, 4, 50, 14, 0, 1, 0, '2019-01-01 12:49:01'),
(105, 4, 4, 51, 16, 0, 1, 0, '2019-01-01 12:49:02'),
(106, 4, 4, 52, 15, 0, 1, 0, '2019-01-01 12:49:02'),
(107, 4, 4, 53, 19, 0, 1, 0, '2019-01-01 12:49:02'),
(108, 4, 4, 54, 22, 0, 1, 0, '2019-01-01 12:49:02'),
(109, 4, 4, 55, 21, 0, 1, 0, '2019-01-01 12:49:02'),
(110, 4, 4, 56, 25, 0, 1, 0, '2019-01-01 12:49:02'),
(111, 4, 4, 57, 21, 0, 1, 0, '2019-01-01 12:49:02'),
(112, 4, 4, 59, 20, 0, 1, 0, '2019-01-01 12:49:02'),
(113, 4, 4, 60, 18, 0, 1, 0, '2019-01-01 12:49:02'),
(114, 4, 4, 61, 19, 0, 1, 0, '2019-01-01 12:49:02'),
(115, 4, 4, 62, 15, 0, 1, 0, '2019-01-01 12:49:02'),
(116, 4, 4, 63, 17, 0, 1, 0, '2019-01-01 12:49:02'),
(117, 4, 4, 64, 16, 0, 1, 0, '2019-01-01 12:49:02'),
(118, 4, 4, 65, 20, 0, 1, 0, '2019-01-01 12:49:02'),
(119, 4, 4, 42, 20, 0, 3, 0, '2019-01-01 12:56:39'),
(120, 4, 4, 43, 0, 1, 3, 1, '2019-01-01 12:56:39'),
(121, 4, 4, 44, 0, 2, 3, 1, '2019-01-01 12:56:39'),
(122, 4, 4, 45, 5, 0, 3, 1, '2019-01-01 12:56:40'),
(123, 4, 4, 46, 20, 0, 3, 0, '2019-01-01 12:56:40'),
(124, 4, 4, 47, 21, 0, 3, 0, '2019-01-01 12:56:40'),
(125, 4, 4, 48, 18, 0, 3, 0, '2019-01-01 12:56:40'),
(126, 4, 4, 49, 19, 0, 3, 0, '2019-01-01 12:56:40'),
(127, 4, 4, 50, 16, 0, 3, 0, '2019-01-01 12:56:40'),
(128, 4, 4, 51, 18, 0, 3, 0, '2019-01-01 12:56:40'),
(129, 4, 4, 52, 17, 0, 3, 0, '2019-01-01 12:56:40'),
(130, 4, 4, 53, 14, 0, 3, 0, '2019-01-01 12:56:40'),
(131, 4, 4, 54, 18, 0, 3, 0, '2019-01-01 12:56:40'),
(132, 4, 4, 55, 19, 0, 3, 0, '2019-01-01 12:56:41'),
(133, 4, 4, 56, 20, 0, 3, 0, '2019-01-01 12:56:41'),
(134, 4, 4, 57, 23, 0, 3, 0, '2019-01-01 12:56:41'),
(135, 4, 4, 59, 22, 0, 3, 0, '2019-01-01 12:56:41'),
(136, 4, 4, 60, 21, 0, 3, 0, '2019-01-01 12:56:41'),
(137, 4, 4, 61, 23, 0, 3, 0, '2019-01-01 12:56:41'),
(138, 4, 4, 62, 24, 0, 3, 0, '2019-01-01 12:56:41'),
(139, 4, 4, 63, 20, 0, 3, 0, '2019-01-01 12:56:41'),
(140, 4, 4, 64, 20, 0, 3, 0, '2019-01-01 12:56:42'),
(141, 4, 4, 65, 10, 0, 3, 0, '2019-01-01 12:56:42'),
(142, 4, 4, 42, 0, 0, 5, 0, '2019-01-01 13:04:09'),
(143, 4, 4, 43, 0, 0, 5, 0, '2019-01-01 13:04:09'),
(144, 4, 4, 45, 0, 0, 5, 0, '2019-01-01 13:04:09'),
(145, 4, 4, 46, 0, 0, 5, 0, '2019-01-01 13:04:09'),
(146, 4, 4, 47, 0, 0, 5, 0, '2019-01-01 13:04:09'),
(147, 4, 4, 48, 0, 0, 5, 0, '2019-01-01 13:04:09'),
(148, 4, 4, 49, 0, 0, 5, 0, '2019-01-01 13:04:09'),
(149, 4, 4, 50, 0, 0, 5, 0, '2019-01-01 13:04:09'),
(150, 4, 4, 51, 0, 0, 5, 0, '2019-01-01 13:04:09'),
(151, 4, 4, 52, 0, 0, 5, 0, '2019-01-01 13:04:09'),
(152, 4, 4, 53, 0, 0, 5, 0, '2019-01-01 13:04:09'),
(153, 4, 4, 54, 0, 0, 5, 0, '2019-01-01 13:04:09'),
(154, 4, 4, 55, 0, 0, 5, 0, '2019-01-01 13:04:09'),
(155, 4, 4, 56, 0, 0, 5, 0, '2019-01-01 13:04:09'),
(156, 4, 4, 57, 0, 0, 5, 0, '2019-01-01 13:04:09'),
(157, 4, 4, 59, 0, 0, 5, 0, '2019-01-01 13:04:09'),
(158, 4, 4, 60, 0, 0, 5, 0, '2019-01-01 13:04:09'),
(159, 4, 4, 61, 0, 0, 5, 0, '2019-01-01 13:04:09'),
(160, 4, 4, 62, 0, 0, 5, 0, '2019-01-01 13:04:09'),
(161, 4, 4, 63, 0, 0, 5, 0, '2019-01-01 13:04:09'),
(162, 4, 4, 64, 0, 0, 5, 0, '2019-01-01 13:04:10'),
(163, 4, 4, 65, 0, 0, 5, 0, '2019-01-01 13:04:10'),
(164, 5, 5, 42, 5, 0, 1, 1, '2019-01-01 13:07:10'),
(165, 5, 5, 43, 25, 0, 1, 0, '2019-01-01 13:07:10'),
(166, 5, 5, 44, 40, 0, 1, 0, '2019-01-01 13:07:10'),
(167, 5, 5, 45, 41, 0, 1, 0, '2019-01-01 13:07:10'),
(168, 5, 5, 46, 42, 0, 1, 0, '2019-01-01 13:07:10'),
(169, 5, 5, 47, 22, 0, 1, 0, '2019-01-01 13:07:10'),
(170, 5, 5, 48, 29, 0, 1, 0, '2019-01-01 13:07:10'),
(171, 5, 5, 49, 36, 0, 1, 0, '2019-01-01 13:07:10'),
(172, 5, 5, 50, 35, 0, 1, 0, '2019-01-01 13:07:10'),
(173, 5, 5, 51, 37, 0, 1, 0, '2019-01-01 13:07:10'),
(174, 5, 5, 52, 34, 0, 1, 0, '2019-01-01 13:07:10'),
(175, 5, 5, 53, 31, 0, 1, 0, '2019-01-01 13:07:11'),
(176, 5, 5, 54, 36, 0, 1, 0, '2019-01-01 13:07:11'),
(177, 5, 5, 55, 39, 0, 1, 0, '2019-01-01 13:07:11'),
(178, 5, 5, 56, 38, 0, 1, 0, '2019-01-01 13:07:11'),
(179, 5, 5, 57, 35, 0, 1, 0, '2019-01-01 13:07:11'),
(180, 5, 5, 59, 32, 0, 1, 0, '2019-01-01 13:07:11'),
(181, 5, 5, 60, 34, 0, 1, 0, '2019-01-01 13:07:11'),
(182, 5, 5, 61, 44, 0, 1, 0, '2019-01-01 13:07:11'),
(183, 5, 5, 62, 45, 0, 1, 0, '2019-01-01 13:07:11'),
(184, 5, 5, 63, 47, 0, 1, 0, '2019-01-01 13:07:11'),
(185, 5, 5, 64, 42, 0, 1, 0, '2019-01-01 13:07:11'),
(186, 5, 5, 65, 41, 0, 1, 0, '2019-01-01 13:07:11'),
(210, 5, 5, 42, 25, 0, 2, 0, '2019-01-01 13:37:01'),
(211, 5, 5, 43, 26, 0, 2, 0, '2019-01-01 13:37:01'),
(212, 5, 5, 44, 28, 0, 2, 0, '2019-01-01 13:37:01'),
(213, 5, 5, 45, 10, 0, 2, 1, '2019-01-01 13:37:01'),
(214, 5, 5, 46, 30, 0, 2, 0, '2019-01-01 13:37:01'),
(215, 5, 5, 47, 0, 1, 2, 1, '2019-01-01 13:37:01'),
(216, 5, 5, 48, 25, 0, 2, 0, '2019-01-01 13:37:01'),
(217, 5, 5, 49, 29, 0, 2, 0, '2019-01-01 13:37:01'),
(218, 5, 5, 50, 35, 0, 2, 0, '2019-01-01 13:37:02'),
(219, 5, 5, 51, 32, 0, 2, 0, '2019-01-01 13:37:02'),
(220, 5, 5, 52, 36, 0, 2, 0, '2019-01-01 13:37:02'),
(221, 5, 5, 53, 35, 0, 2, 0, '2019-01-01 13:37:02'),
(222, 5, 5, 54, 37, 0, 2, 0, '2019-01-01 13:37:02'),
(223, 5, 5, 55, 39, 0, 2, 0, '2019-01-01 13:37:02'),
(224, 5, 5, 56, 35, 0, 2, 0, '2019-01-01 13:37:02'),
(225, 5, 5, 57, 40, 0, 2, 0, '2019-01-01 13:37:02'),
(226, 5, 5, 59, 29, 0, 2, 0, '2019-01-01 13:37:03'),
(227, 5, 5, 60, 27, 0, 2, 0, '2019-01-01 13:37:03'),
(228, 5, 5, 61, 28, 0, 2, 0, '2019-01-01 13:37:03'),
(229, 5, 5, 62, 30, 0, 2, 0, '2019-01-01 13:37:03'),
(230, 5, 5, 63, 20, 0, 2, 0, '2019-01-01 13:37:03'),
(231, 5, 5, 64, 35, 0, 2, 0, '2019-01-01 13:37:03'),
(232, 5, 5, 65, 32, 0, 2, 0, '2019-01-01 13:37:03'),
(233, 6, 6, 42, 25, 0, 3, 0, '2019-01-01 14:06:24'),
(234, 6, 6, 43, 29, 0, 3, 0, '2019-01-01 14:06:24'),
(235, 6, 6, 44, 28, 0, 3, 0, '2019-01-01 14:06:24'),
(236, 6, 6, 45, 30, 0, 3, 0, '2019-01-01 14:06:24'),
(237, 6, 6, 46, 35, 0, 3, 0, '2019-01-01 14:06:25'),
(238, 6, 6, 47, 39, 0, 3, 0, '2019-01-01 14:06:25'),
(239, 6, 6, 48, 40, 0, 3, 0, '2019-01-01 14:06:25'),
(240, 6, 6, 49, 41, 0, 3, 0, '2019-01-01 14:06:25'),
(241, 6, 6, 50, 42, 0, 3, 0, '2019-01-01 14:06:25'),
(242, 6, 6, 51, 25, 0, 3, 0, '2019-01-01 14:06:25'),
(243, 6, 6, 52, 0, 1, 3, 1, '2019-01-01 14:06:26'),
(244, 6, 6, 53, 0, 2, 3, 1, '2019-01-01 14:06:26'),
(245, 6, 6, 54, 15, 0, 3, 1, '2019-01-01 14:06:26'),
(246, 6, 6, 55, 29, 0, 3, 0, '2019-01-01 14:06:27'),
(247, 6, 6, 56, 30, 0, 3, 0, '2019-01-01 14:06:27'),
(248, 6, 6, 57, 38, 0, 3, 0, '2019-01-01 14:06:27'),
(249, 6, 6, 59, 42, 0, 3, 0, '2019-01-01 14:06:27'),
(250, 6, 6, 60, 45, 0, 3, 0, '2019-01-01 14:06:27'),
(251, 6, 6, 61, 44, 0, 3, 0, '2019-01-01 14:06:27'),
(252, 6, 6, 62, 41, 0, 3, 0, '2019-01-01 14:06:28'),
(253, 6, 6, 63, 31, 0, 3, 0, '2019-01-01 14:06:28'),
(254, 6, 6, 64, 30, 0, 3, 0, '2019-01-01 14:06:28'),
(255, 6, 6, 65, 32, 0, 3, 0, '2019-01-01 14:06:28'),
(256, 1, 1, 1, 0, 0, 5, 0, '2019-01-01 17:06:57'),
(257, 1, 1, 2, 0, 0, 5, 0, '2019-01-01 17:06:57'),
(258, 1, 1, 3, 0, 0, 5, 0, '2019-01-01 17:06:57'),
(259, 1, 1, 4, 0, 0, 5, 0, '2019-01-01 17:06:57'),
(260, 1, 1, 5, 0, 0, 5, 0, '2019-01-01 17:06:57'),
(261, 1, 1, 6, 0, 0, 5, 0, '2019-01-01 17:06:57'),
(262, 1, 1, 7, 0, 0, 5, 0, '2019-01-01 17:06:57'),
(263, 1, 1, 8, 0, 0, 5, 0, '2019-01-01 17:06:57'),
(264, 1, 1, 9, 0, 0, 5, 0, '2019-01-01 17:06:57'),
(265, 1, 1, 10, 0, 0, 5, 0, '2019-01-01 17:06:57'),
(266, 1, 1, 11, 0, 0, 5, 0, '2019-01-01 17:06:57'),
(267, 1, 1, 12, 0, 0, 5, 0, '2019-01-01 17:06:57'),
(268, 1, 1, 14, 0, 0, 5, 0, '2019-01-01 17:06:57'),
(269, 1, 1, 15, 0, 0, 5, 0, '2019-01-01 17:06:57'),
(270, 1, 1, 16, 0, 0, 5, 0, '2019-01-01 17:06:57'),
(271, 1, 1, 17, 0, 0, 5, 0, '2019-01-01 17:06:58'),
(272, 1, 1, 18, 0, 0, 5, 0, '2019-01-01 17:06:58'),
(273, 1, 1, 19, 0, 0, 5, 0, '2019-01-01 17:06:58'),
(274, 1, 1, 20, 0, 0, 5, 0, '2019-01-01 17:06:58'),
(275, 1, 1, 21, 0, 0, 5, 0, '2019-01-01 17:06:58'),
(276, 1, 1, 22, 0, 0, 5, 0, '2019-01-01 17:06:58'),
(277, 1, 1, 23, 0, 0, 5, 0, '2019-01-01 17:06:58'),
(278, 1, 1, 24, 0, 0, 5, 0, '2019-01-01 17:06:58'),
(279, 1, 1, 25, 0, 0, 5, 0, '2019-01-01 17:06:58'),
(280, 1, 1, 26, 0, 0, 5, 0, '2019-01-01 17:06:58'),
(281, 1, 1, 27, 0, 0, 5, 0, '2019-01-01 17:06:58'),
(282, 1, 1, 28, 0, 0, 5, 0, '2019-01-01 17:06:58'),
(283, 1, 1, 29, 0, 0, 5, 0, '2019-01-01 17:06:58'),
(284, 1, 1, 30, 0, 0, 5, 0, '2019-01-01 17:06:58'),
(285, 1, 1, 31, 0, 0, 5, 0, '2019-01-01 17:06:58'),
(286, 1, 1, 32, 0, 0, 5, 0, '2019-01-01 17:06:58'),
(287, 1, 1, 33, 0, 0, 5, 0, '2019-01-01 17:06:59'),
(288, 1, 1, 34, 0, 0, 5, 0, '2019-01-01 17:06:59'),
(289, 1, 1, 35, 0, 0, 5, 0, '2019-01-01 17:06:59'),
(290, 1, 1, 36, 0, 0, 5, 0, '2019-01-01 17:06:59'),
(291, 1, 1, 38, 0, 0, 5, 0, '2019-01-01 17:06:59'),
(292, 1, 1, 39, 0, 0, 5, 0, '2019-01-01 17:06:59'),
(293, 1, 1, 40, 0, 0, 5, 0, '2019-01-01 17:06:59'),
(294, 1, 1, 13, 0, 0, 5, 0, '2019-01-01 17:06:59'),
(295, 2, 2, 1, 0, 0, 5, 0, '2019-01-01 17:07:27'),
(296, 2, 2, 2, 0, 0, 5, 0, '2019-01-01 17:07:27'),
(297, 2, 2, 3, 0, 0, 5, 0, '2019-01-01 17:07:27'),
(298, 2, 2, 4, 0, 0, 5, 0, '2019-01-01 17:07:27'),
(299, 2, 2, 5, 0, 0, 5, 0, '2019-01-01 17:07:27'),
(300, 2, 2, 6, 0, 0, 5, 0, '2019-01-01 17:07:27'),
(301, 2, 2, 7, 0, 0, 5, 0, '2019-01-01 17:07:27'),
(302, 2, 2, 8, 0, 0, 5, 0, '2019-01-01 17:07:27'),
(303, 2, 2, 9, 0, 0, 5, 0, '2019-01-01 17:07:28'),
(304, 2, 2, 10, 0, 0, 5, 0, '2019-01-01 17:07:28'),
(305, 2, 2, 11, 0, 0, 5, 0, '2019-01-01 17:07:28'),
(306, 2, 2, 12, 0, 0, 5, 0, '2019-01-01 17:07:28'),
(307, 2, 2, 14, 0, 0, 5, 0, '2019-01-01 17:07:28'),
(308, 2, 2, 15, 0, 0, 5, 0, '2019-01-01 17:07:28'),
(309, 2, 2, 16, 0, 0, 5, 0, '2019-01-01 17:07:28'),
(310, 2, 2, 17, 0, 0, 5, 0, '2019-01-01 17:07:28'),
(311, 2, 2, 18, 0, 0, 5, 0, '2019-01-01 17:07:28'),
(312, 2, 2, 19, 0, 0, 5, 0, '2019-01-01 17:07:28'),
(313, 2, 2, 20, 0, 0, 5, 0, '2019-01-01 17:07:28'),
(314, 2, 2, 21, 0, 0, 5, 0, '2019-01-01 17:07:28'),
(315, 2, 2, 22, 0, 0, 5, 0, '2019-01-01 17:07:28'),
(316, 2, 2, 23, 0, 0, 5, 0, '2019-01-01 17:07:28'),
(317, 2, 2, 24, 0, 0, 5, 0, '2019-01-01 17:07:28'),
(318, 2, 2, 25, 0, 0, 5, 0, '2019-01-01 17:07:28'),
(319, 2, 2, 26, 0, 0, 5, 0, '2019-01-01 17:07:28'),
(320, 2, 2, 27, 0, 0, 5, 0, '2019-01-01 17:07:28'),
(321, 2, 2, 28, 0, 0, 5, 0, '2019-01-01 17:07:28'),
(322, 2, 2, 29, 0, 0, 5, 0, '2019-01-01 17:07:28'),
(323, 2, 2, 30, 0, 0, 5, 0, '2019-01-01 17:07:28'),
(324, 2, 2, 31, 0, 0, 5, 0, '2019-01-01 17:07:29'),
(325, 2, 2, 32, 0, 0, 5, 0, '2019-01-01 17:07:29'),
(326, 2, 2, 33, 0, 0, 5, 0, '2019-01-01 17:07:29'),
(327, 2, 2, 34, 0, 0, 5, 0, '2019-01-01 17:07:29'),
(328, 2, 2, 35, 0, 0, 5, 0, '2019-01-01 17:07:29'),
(329, 2, 2, 36, 0, 0, 5, 0, '2019-01-01 17:07:29'),
(330, 2, 2, 38, 0, 0, 5, 0, '2019-01-01 17:07:29'),
(331, 2, 2, 39, 0, 0, 5, 0, '2019-01-01 17:07:29'),
(332, 2, 2, 40, 0, 0, 5, 0, '2019-01-01 17:07:29'),
(333, 2, 2, 13, 0, 0, 5, 0, '2019-01-01 17:07:29'),
(334, 3, 3, 1, 10, 0, 1, 1, '2019-01-01 17:09:23'),
(335, 3, 3, 2, 25, 0, 1, 0, '2019-01-01 17:09:23'),
(336, 3, 3, 3, 29, 0, 1, 0, '2019-01-01 17:09:23'),
(337, 3, 3, 4, 28, 0, 1, 0, '2019-01-01 17:09:23'),
(338, 3, 3, 5, 26, 0, 1, 0, '2019-01-01 17:09:23'),
(339, 3, 3, 6, 27, 0, 1, 0, '2019-01-01 17:09:23'),
(340, 3, 3, 7, 23, 0, 1, 1, '2019-01-01 17:09:23'),
(341, 3, 3, 8, 45, 0, 1, 0, '2019-01-01 17:09:23'),
(342, 3, 3, 9, 4, 0, 1, 1, '2019-01-01 17:09:23'),
(343, 3, 3, 10, 24, 0, 1, 1, '2019-01-01 17:09:23'),
(344, 3, 3, 11, 41, 0, 1, 0, '2019-01-01 17:09:23'),
(345, 3, 3, 12, 48, 0, 1, 0, '2019-01-01 17:09:23'),
(346, 3, 3, 14, 47, 0, 1, 0, '2019-01-01 17:09:23'),
(347, 3, 3, 15, 45, 0, 1, 0, '2019-01-01 17:09:23'),
(348, 3, 3, 16, 46, 0, 1, 0, '2019-01-01 17:09:23'),
(349, 3, 3, 17, 42, 0, 1, 0, '2019-01-01 17:09:23'),
(350, 3, 3, 18, 41, 0, 1, 0, '2019-01-01 17:09:23'),
(351, 3, 3, 19, 44, 0, 1, 0, '2019-01-01 17:09:23'),
(352, 3, 3, 20, 40, 0, 1, 0, '2019-01-01 17:09:23'),
(353, 3, 3, 21, 42, 0, 1, 0, '2019-01-01 17:09:23'),
(354, 3, 3, 22, 48, 0, 1, 0, '2019-01-01 17:09:23'),
(355, 3, 3, 23, 42, 0, 1, 0, '2019-01-01 17:09:23'),
(356, 3, 3, 24, 32, 0, 1, 0, '2019-01-01 17:09:24'),
(357, 3, 3, 25, 34, 0, 1, 0, '2019-01-01 17:09:24'),
(358, 3, 3, 26, 36, 0, 1, 0, '2019-01-01 17:09:24'),
(359, 3, 3, 27, 38, 0, 1, 0, '2019-01-01 17:09:24'),
(360, 3, 3, 28, 39, 0, 1, 0, '2019-01-01 17:09:24'),
(361, 3, 3, 29, 37, 0, 1, 0, '2019-01-01 17:09:24'),
(362, 3, 3, 30, 32, 0, 1, 0, '2019-01-01 17:09:24'),
(363, 3, 3, 31, 31, 0, 1, 0, '2019-01-01 17:09:24'),
(364, 3, 3, 32, 33, 0, 1, 0, '2019-01-01 17:09:24'),
(365, 3, 3, 33, 36, 0, 1, 0, '2019-01-01 17:09:24'),
(366, 3, 3, 34, 35, 0, 1, 0, '2019-01-01 17:09:24'),
(367, 3, 3, 35, 34, 0, 1, 0, '2019-01-01 17:09:24'),
(368, 3, 3, 36, 37, 0, 1, 0, '2019-01-01 17:09:24'),
(369, 3, 3, 38, 38, 0, 1, 0, '2019-01-01 17:09:24'),
(370, 3, 3, 39, 39, 0, 1, 0, '2019-01-01 17:09:24'),
(371, 3, 3, 40, 35, 0, 1, 0, '2019-01-01 17:09:24'),
(372, 3, 3, 13, 44, 0, 1, 0, '2019-01-01 17:09:24'),
(373, 3, 3, 1, 0, 0, 5, 0, '2019-01-01 17:13:47'),
(374, 3, 3, 2, 0, 0, 5, 0, '2019-01-01 17:13:47'),
(375, 3, 3, 3, 0, 0, 5, 0, '2019-01-01 17:13:47'),
(376, 3, 3, 4, 0, 0, 5, 0, '2019-01-01 17:13:47'),
(377, 3, 3, 5, 0, 0, 5, 0, '2019-01-01 17:13:47'),
(378, 3, 3, 6, 0, 0, 5, 0, '2019-01-01 17:13:47'),
(379, 3, 3, 7, 0, 0, 5, 0, '2019-01-01 17:13:47'),
(380, 3, 3, 8, 0, 0, 5, 0, '2019-01-01 17:13:47'),
(381, 3, 3, 9, 0, 0, 5, 0, '2019-01-01 17:13:47'),
(382, 3, 3, 10, 0, 0, 5, 0, '2019-01-01 17:13:48'),
(383, 3, 3, 11, 0, 0, 5, 0, '2019-01-01 17:13:48'),
(384, 3, 3, 12, 0, 0, 5, 0, '2019-01-01 17:13:48'),
(385, 3, 3, 14, 0, 0, 5, 0, '2019-01-01 17:13:48'),
(386, 3, 3, 15, 0, 0, 5, 0, '2019-01-01 17:13:48'),
(387, 3, 3, 16, 0, 0, 5, 0, '2019-01-01 17:13:48'),
(388, 3, 3, 17, 0, 0, 5, 0, '2019-01-01 17:13:48'),
(389, 3, 3, 18, 0, 0, 5, 0, '2019-01-01 17:13:48'),
(390, 3, 3, 19, 0, 0, 5, 0, '2019-01-01 17:13:48'),
(391, 3, 3, 20, 0, 0, 5, 0, '2019-01-01 17:13:48'),
(392, 3, 3, 21, 0, 0, 5, 0, '2019-01-01 17:13:48'),
(393, 3, 3, 22, 0, 0, 5, 0, '2019-01-01 17:13:48'),
(394, 3, 3, 23, 0, 0, 5, 0, '2019-01-01 17:13:48'),
(395, 3, 3, 24, 0, 0, 5, 0, '2019-01-01 17:13:48'),
(396, 3, 3, 25, 0, 0, 5, 0, '2019-01-01 17:13:48'),
(397, 3, 3, 26, 0, 0, 5, 0, '2019-01-01 17:13:48'),
(398, 3, 3, 27, 0, 0, 5, 0, '2019-01-01 17:13:48'),
(399, 3, 3, 28, 0, 0, 5, 0, '2019-01-01 17:13:48'),
(400, 3, 3, 29, 0, 0, 5, 0, '2019-01-01 17:13:48'),
(401, 3, 3, 30, 0, 0, 5, 0, '2019-01-01 17:13:48'),
(402, 3, 3, 31, 0, 0, 5, 0, '2019-01-01 17:13:49'),
(403, 3, 3, 32, 0, 0, 5, 0, '2019-01-01 17:13:49'),
(404, 3, 3, 33, 0, 0, 5, 0, '2019-01-01 17:13:49'),
(405, 3, 3, 34, 0, 0, 5, 0, '2019-01-01 17:13:49'),
(406, 3, 3, 35, 0, 0, 5, 0, '2019-01-01 17:13:49'),
(407, 3, 3, 36, 0, 0, 5, 0, '2019-01-01 17:13:49'),
(408, 3, 3, 38, 0, 0, 5, 0, '2019-01-01 17:13:49'),
(409, 3, 3, 39, 0, 0, 5, 0, '2019-01-01 17:13:49'),
(410, 3, 3, 40, 0, 0, 5, 0, '2019-01-01 17:13:49'),
(411, 3, 3, 13, 0, 0, 5, 0, '2019-01-01 17:13:49'),
(412, 4, 4, 1, 20, 0, 1, 0, '2019-01-01 17:18:57'),
(413, 4, 4, 2, 15, 0, 1, 0, '2019-01-01 17:18:57'),
(414, 4, 4, 3, 18, 0, 1, 0, '2019-01-01 17:18:57'),
(415, 4, 4, 4, 17, 0, 1, 0, '2019-01-01 17:18:57'),
(416, 4, 4, 5, 19, 0, 1, 0, '2019-01-01 17:18:57'),
(417, 4, 4, 6, 16, 0, 1, 0, '2019-01-01 17:18:57'),
(418, 4, 4, 7, 14, 0, 1, 0, '2019-01-01 17:18:57'),
(419, 4, 4, 8, 1, 0, 1, 1, '2019-01-01 17:18:57'),
(420, 4, 4, 9, 8, 0, 1, 1, '2019-01-01 17:18:57'),
(421, 4, 4, 10, 15, 0, 1, 0, '2019-01-01 17:18:58'),
(422, 4, 4, 11, 12, 0, 1, 0, '2019-01-01 17:18:58'),
(423, 4, 4, 12, 13, 0, 1, 0, '2019-01-01 17:18:58'),
(424, 4, 4, 14, 14, 0, 1, 0, '2019-01-01 17:18:58'),
(425, 4, 4, 15, 17, 0, 1, 0, '2019-01-01 17:18:58'),
(426, 4, 4, 16, 19, 0, 1, 0, '2019-01-01 17:18:58'),
(427, 4, 4, 17, 15, 0, 1, 0, '2019-01-01 17:18:58'),
(428, 4, 4, 18, 18, 0, 1, 0, '2019-01-01 17:18:58'),
(429, 4, 4, 19, 16, 0, 1, 0, '2019-01-01 17:18:58'),
(430, 4, 4, 20, 21, 0, 1, 0, '2019-01-01 17:18:58'),
(431, 4, 4, 21, 24, 0, 1, 0, '2019-01-01 17:18:58'),
(432, 4, 4, 22, 22, 0, 1, 0, '2019-01-01 17:18:58'),
(433, 4, 4, 23, 20, 0, 1, 0, '2019-01-01 17:18:58'),
(434, 4, 4, 24, 21, 0, 1, 0, '2019-01-01 17:18:58'),
(435, 4, 4, 25, 20, 0, 1, 0, '2019-01-01 17:18:58'),
(436, 4, 4, 26, 21, 0, 1, 0, '2019-01-01 17:18:58'),
(437, 4, 4, 27, 24, 0, 1, 0, '2019-01-01 17:18:59'),
(438, 4, 4, 28, 20, 0, 1, 0, '2019-01-01 17:18:59'),
(439, 4, 4, 29, 22, 0, 1, 0, '2019-01-01 17:18:59'),
(440, 4, 4, 30, 21, 0, 1, 0, '2019-01-01 17:18:59'),
(441, 4, 4, 31, 23, 0, 1, 0, '2019-01-01 17:18:59'),
(442, 4, 4, 32, 24, 0, 1, 0, '2019-01-01 17:18:59'),
(443, 4, 4, 33, 21, 0, 1, 0, '2019-01-01 17:18:59'),
(444, 4, 4, 34, 22, 0, 1, 0, '2019-01-01 17:18:59'),
(445, 4, 4, 35, 22, 0, 1, 0, '2019-01-01 17:18:59'),
(446, 4, 4, 36, 19, 0, 1, 0, '2019-01-01 17:18:59'),
(447, 4, 4, 38, 20, 0, 1, 0, '2019-01-01 17:18:59'),
(448, 4, 4, 39, 19, 0, 1, 0, '2019-01-01 17:18:59'),
(449, 4, 4, 40, 20, 0, 1, 0, '2019-01-01 17:18:59'),
(450, 4, 4, 13, 9, 0, 1, 1, '2019-01-01 17:18:59'),
(451, 4, 4, 1, 6, 0, 3, 1, '2019-01-01 17:22:40'),
(452, 4, 4, 2, 10, 0, 3, 0, '2019-01-01 17:22:40'),
(453, 4, 4, 3, 0, 1, 3, 1, '2019-01-01 17:22:40'),
(454, 4, 4, 4, 0, 2, 3, 1, '2019-01-01 17:22:40'),
(455, 4, 4, 5, 20, 0, 3, 0, '2019-01-01 17:22:41'),
(456, 4, 4, 6, 24, 0, 3, 0, '2019-01-01 17:22:41'),
(457, 4, 4, 7, 21, 0, 3, 0, '2019-01-01 17:22:41'),
(458, 4, 4, 8, 22, 0, 3, 0, '2019-01-01 17:22:41'),
(459, 4, 4, 9, 21, 0, 3, 0, '2019-01-01 17:22:41'),
(460, 4, 4, 10, 18, 0, 3, 0, '2019-01-01 17:22:41'),
(461, 4, 4, 11, 19, 0, 3, 0, '2019-01-01 17:22:41'),
(462, 4, 4, 12, 17, 0, 3, 0, '2019-01-01 17:22:41'),
(463, 4, 4, 14, 16, 0, 3, 0, '2019-01-01 17:22:41'),
(464, 4, 4, 15, 15, 0, 3, 0, '2019-01-01 17:22:41'),
(465, 4, 4, 16, 14, 0, 3, 0, '2019-01-01 17:22:42'),
(466, 4, 4, 17, 13, 0, 3, 0, '2019-01-01 17:22:42'),
(467, 4, 4, 18, 18, 0, 3, 0, '2019-01-01 17:22:42'),
(468, 4, 4, 19, 19, 0, 3, 0, '2019-01-01 17:22:42'),
(469, 4, 4, 20, 16, 0, 3, 0, '2019-01-01 17:22:42'),
(470, 4, 4, 21, 18, 0, 3, 0, '2019-01-01 17:22:42'),
(471, 4, 4, 22, 17, 0, 3, 0, '2019-01-01 17:22:42'),
(472, 4, 4, 23, 15, 0, 3, 0, '2019-01-01 17:22:42'),
(473, 4, 4, 24, 14, 0, 3, 0, '2019-01-01 17:22:42'),
(474, 4, 4, 25, 19, 0, 3, 0, '2019-01-01 17:22:43'),
(475, 4, 4, 26, 18, 0, 3, 0, '2019-01-01 17:22:43'),
(476, 4, 4, 27, 17, 0, 3, 0, '2019-01-01 17:22:43'),
(477, 4, 4, 28, 19, 0, 3, 0, '2019-01-01 17:22:43'),
(478, 4, 4, 29, 18, 0, 3, 0, '2019-01-01 17:22:43'),
(479, 4, 4, 30, 17, 0, 3, 0, '2019-01-01 17:22:43'),
(480, 4, 4, 31, 21, 0, 3, 0, '2019-01-01 17:22:43'),
(481, 4, 4, 32, 22, 0, 3, 0, '2019-01-01 17:22:43'),
(482, 4, 4, 33, 20, 0, 3, 0, '2019-01-01 17:22:43'),
(483, 4, 4, 34, 21, 0, 3, 0, '2019-01-01 17:22:43'),
(484, 4, 4, 35, 20, 0, 3, 0, '2019-01-01 17:22:44'),
(485, 4, 4, 36, 21, 0, 3, 0, '2019-01-01 17:22:44'),
(486, 4, 4, 38, 22, 0, 3, 0, '2019-01-01 17:22:44'),
(487, 4, 4, 39, 23, 0, 3, 0, '2019-01-01 17:22:44'),
(488, 4, 4, 40, 21, 0, 3, 0, '2019-01-01 17:22:44'),
(489, 4, 4, 13, 20, 0, 3, 0, '2019-01-01 17:22:44'),
(490, 4, 4, 1, 0, 0, 5, 0, '2019-01-01 17:26:09'),
(491, 4, 4, 2, 0, 0, 5, 0, '2019-01-01 17:26:09'),
(492, 4, 4, 3, 0, 0, 5, 0, '2019-01-01 17:26:09'),
(493, 4, 4, 5, 0, 0, 5, 0, '2019-01-01 17:26:09'),
(494, 4, 4, 6, 0, 0, 5, 0, '2019-01-01 17:26:09'),
(495, 4, 4, 7, 0, 0, 5, 0, '2019-01-01 17:26:09'),
(496, 4, 4, 8, 0, 0, 5, 0, '2019-01-01 17:26:09'),
(497, 4, 4, 9, 0, 0, 5, 0, '2019-01-01 17:26:09'),
(498, 4, 4, 10, 0, 0, 5, 0, '2019-01-01 17:26:10'),
(499, 4, 4, 11, 0, 0, 5, 0, '2019-01-01 17:26:10'),
(500, 4, 4, 12, 0, 0, 5, 0, '2019-01-01 17:26:10'),
(501, 4, 4, 14, 0, 0, 5, 0, '2019-01-01 17:26:10'),
(502, 4, 4, 15, 0, 0, 5, 0, '2019-01-01 17:26:10'),
(503, 4, 4, 16, 0, 0, 5, 0, '2019-01-01 17:26:10'),
(504, 4, 4, 17, 0, 0, 5, 0, '2019-01-01 17:26:10'),
(505, 4, 4, 18, 0, 0, 5, 0, '2019-01-01 17:26:11'),
(506, 4, 4, 19, 0, 0, 5, 0, '2019-01-01 17:26:12'),
(507, 4, 4, 20, 0, 0, 5, 0, '2019-01-01 17:26:12'),
(508, 4, 4, 21, 0, 0, 5, 0, '2019-01-01 17:26:12'),
(509, 4, 4, 22, 0, 0, 5, 0, '2019-01-01 17:26:12'),
(510, 4, 4, 23, 0, 0, 5, 0, '2019-01-01 17:26:12'),
(511, 4, 4, 24, 0, 0, 5, 0, '2019-01-01 17:26:12'),
(512, 4, 4, 25, 0, 0, 5, 0, '2019-01-01 17:26:12'),
(513, 4, 4, 26, 0, 0, 5, 0, '2019-01-01 17:26:12'),
(514, 4, 4, 27, 0, 0, 5, 0, '2019-01-01 17:26:12'),
(515, 4, 4, 28, 0, 0, 5, 0, '2019-01-01 17:26:12'),
(516, 4, 4, 29, 0, 0, 5, 0, '2019-01-01 17:26:12'),
(517, 4, 4, 30, 0, 0, 5, 0, '2019-01-01 17:26:12'),
(518, 4, 4, 31, 0, 0, 5, 0, '2019-01-01 17:26:12'),
(519, 4, 4, 32, 0, 0, 5, 0, '2019-01-01 17:26:12'),
(520, 4, 4, 33, 0, 0, 5, 0, '2019-01-01 17:26:12'),
(521, 4, 4, 34, 0, 0, 5, 0, '2019-01-01 17:26:12'),
(522, 4, 4, 35, 0, 0, 5, 0, '2019-01-01 17:26:13'),
(523, 4, 4, 36, 0, 0, 5, 0, '2019-01-01 17:26:13'),
(524, 4, 4, 38, 0, 0, 5, 0, '2019-01-01 17:26:13'),
(525, 4, 4, 39, 0, 0, 5, 0, '2019-01-01 17:26:13'),
(526, 4, 4, 40, 0, 0, 5, 0, '2019-01-01 17:26:13'),
(527, 4, 4, 13, 0, 0, 5, 0, '2019-01-01 17:26:13'),
(528, 5, 5, 1, 25, 0, 1, 0, '2019-01-01 17:28:09'),
(529, 5, 5, 2, 29, 0, 1, 0, '2019-01-01 17:28:09'),
(530, 5, 5, 3, 26, 0, 1, 0, '2019-01-01 17:28:09'),
(531, 5, 5, 4, 32, 0, 1, 0, '2019-01-01 17:28:10'),
(532, 5, 5, 5, 35, 0, 1, 0, '2019-01-01 17:28:10'),
(533, 5, 5, 6, 31, 0, 1, 0, '2019-01-01 17:28:10'),
(534, 5, 5, 7, 30, 0, 1, 0, '2019-01-01 17:28:10'),
(535, 5, 5, 8, 36, 0, 1, 0, '2019-01-01 17:28:10'),
(536, 5, 5, 9, 37, 0, 1, 0, '2019-01-01 17:28:10'),
(537, 5, 5, 10, 34, 0, 1, 0, '2019-01-01 17:28:10'),
(538, 5, 5, 11, 39, 0, 1, 0, '2019-01-01 17:28:10'),
(539, 5, 5, 12, 35, 0, 1, 0, '2019-01-01 17:28:10'),
(540, 5, 5, 14, 38, 0, 1, 0, '2019-01-01 17:28:10'),
(541, 5, 5, 15, 36, 0, 1, 0, '2019-01-01 17:28:10'),
(542, 5, 5, 16, 34, 0, 1, 0, '2019-01-01 17:28:10'),
(543, 5, 5, 17, 32, 0, 1, 0, '2019-01-01 17:28:10'),
(544, 5, 5, 18, 35, 0, 1, 0, '2019-01-01 17:28:10'),
(545, 5, 5, 19, 41, 0, 1, 0, '2019-01-01 17:28:10'),
(546, 5, 5, 20, 42, 0, 1, 0, '2019-01-01 17:28:10'),
(547, 5, 5, 21, 39, 0, 1, 0, '2019-01-01 17:28:10'),
(548, 5, 5, 22, 38, 0, 1, 0, '2019-01-01 17:28:11'),
(549, 5, 5, 23, 35, 0, 1, 0, '2019-01-01 17:28:11'),
(550, 5, 5, 24, 37, 0, 1, 0, '2019-01-01 17:28:11'),
(551, 5, 5, 25, 36, 0, 1, 0, '2019-01-01 17:28:11'),
(552, 5, 5, 26, 34, 0, 1, 0, '2019-01-01 17:28:11'),
(553, 5, 5, 27, 41, 0, 1, 0, '2019-01-01 17:28:11'),
(554, 5, 5, 28, 34, 0, 1, 0, '2019-01-01 17:28:11'),
(555, 5, 5, 29, 35, 0, 1, 0, '2019-01-01 17:28:11'),
(556, 5, 5, 30, 39, 0, 1, 0, '2019-01-01 17:28:11'),
(557, 5, 5, 31, 36, 0, 1, 0, '2019-01-01 17:28:11'),
(558, 5, 5, 32, 31, 0, 1, 0, '2019-01-01 17:28:11'),
(559, 5, 5, 33, 41, 0, 1, 0, '2019-01-01 17:28:11'),
(560, 5, 5, 34, 40, 0, 1, 0, '2019-01-01 17:28:11'),
(561, 5, 5, 35, 45, 0, 1, 0, '2019-01-01 17:28:11'),
(562, 5, 5, 36, 48, 0, 1, 0, '2019-01-01 17:28:11'),
(563, 5, 5, 38, 46, 0, 1, 0, '2019-01-01 17:28:11'),
(564, 5, 5, 39, 35, 0, 1, 0, '2019-01-01 17:28:11'),
(565, 5, 5, 40, 32, 0, 1, 0, '2019-01-01 17:28:12'),
(566, 5, 5, 13, 30, 0, 1, 0, '2019-01-01 17:28:12'),
(567, 5, 5, 1, 0, 1, 2, 1, '2019-01-01 17:32:22'),
(568, 5, 5, 2, 0, 2, 2, 1, '2019-01-01 17:32:22'),
(569, 5, 5, 3, 40, 0, 2, 0, '2019-01-01 17:32:22'),
(570, 5, 5, 4, 15, 0, 2, 1, '2019-01-01 17:32:23'),
(571, 5, 5, 5, 35, 0, 2, 0, '2019-01-01 17:32:23'),
(572, 5, 5, 6, 36, 0, 2, 0, '2019-01-01 17:32:23'),
(573, 5, 5, 7, 39, 0, 2, 0, '2019-01-01 17:32:23'),
(574, 5, 5, 8, 38, 0, 2, 0, '2019-01-01 17:32:23'),
(575, 5, 5, 9, 35, 0, 2, 0, '2019-01-01 17:32:23'),
(576, 5, 5, 10, 34, 0, 2, 0, '2019-01-01 17:32:24'),
(577, 5, 5, 11, 36, 0, 2, 0, '2019-01-01 17:32:24'),
(578, 5, 5, 12, 34, 0, 2, 0, '2019-01-01 17:32:24'),
(579, 5, 5, 14, 37, 0, 2, 0, '2019-01-01 17:32:24'),
(580, 5, 5, 15, 38, 0, 2, 0, '2019-01-01 17:32:24'),
(581, 5, 5, 16, 39, 0, 2, 0, '2019-01-01 17:32:25'),
(582, 5, 5, 17, 34, 0, 2, 0, '2019-01-01 17:32:25'),
(583, 5, 5, 18, 41, 0, 2, 0, '2019-01-01 17:32:25'),
(584, 5, 5, 19, 40, 0, 2, 0, '2019-01-01 17:32:25'),
(585, 5, 5, 20, 42, 0, 2, 0, '2019-01-01 17:32:25'),
(586, 5, 5, 21, 40, 0, 2, 0, '2019-01-01 17:32:25'),
(587, 5, 5, 22, 40, 0, 2, 0, '2019-01-01 17:32:26'),
(588, 5, 5, 23, 41, 0, 2, 0, '2019-01-01 17:32:26'),
(589, 5, 5, 24, 35, 0, 2, 0, '2019-01-01 17:32:26'),
(590, 5, 5, 25, 36, 0, 2, 0, '2019-01-01 17:32:26'),
(591, 5, 5, 26, 39, 0, 2, 0, '2019-01-01 17:32:26'),
(592, 5, 5, 27, 38, 0, 2, 0, '2019-01-01 17:32:27'),
(593, 5, 5, 28, 37, 0, 2, 0, '2019-01-01 17:32:27'),
(594, 5, 5, 29, 37, 0, 2, 0, '2019-01-01 17:32:27'),
(595, 5, 5, 30, 38, 0, 2, 0, '2019-01-01 17:32:27'),
(596, 5, 5, 31, 39, 0, 2, 0, '2019-01-01 17:32:28'),
(597, 5, 5, 32, 35, 0, 2, 0, '2019-01-01 17:32:28'),
(598, 5, 5, 33, 32, 0, 2, 0, '2019-01-01 17:32:28'),
(599, 5, 5, 34, 31, 0, 2, 0, '2019-01-01 17:32:29'),
(600, 5, 5, 35, 30, 0, 2, 0, '2019-01-01 17:32:29'),
(601, 5, 5, 36, 41, 0, 2, 0, '2019-01-01 17:32:30'),
(602, 5, 5, 38, 42, 0, 2, 0, '2019-01-01 17:32:30'),
(603, 5, 5, 39, 43, 0, 2, 0, '2019-01-01 17:32:30'),
(604, 5, 5, 40, 47, 0, 2, 0, '2019-01-01 17:32:30'),
(605, 5, 5, 13, 45, 0, 2, 0, '2019-01-01 17:32:31'),
(606, 6, 6, 1, 25, 0, 3, 0, '2019-01-01 17:44:03'),
(607, 6, 6, 2, 23, 0, 3, 0, '2019-01-01 17:44:03'),
(608, 6, 6, 3, 26, 0, 3, 0, '2019-01-01 17:44:03'),
(609, 6, 6, 4, 29, 0, 3, 0, '2019-01-01 17:44:03'),
(610, 6, 6, 5, 0, 1, 3, 1, '2019-01-01 17:44:03'),
(611, 6, 6, 6, 28, 0, 3, 0, '2019-01-01 17:44:03'),
(612, 6, 6, 7, 26, 0, 3, 0, '2019-01-01 17:44:04'),
(613, 6, 6, 8, 35, 0, 3, 0, '2019-01-01 17:44:04'),
(614, 6, 6, 9, 39, 0, 3, 0, '2019-01-01 17:44:04'),
(615, 6, 6, 10, 45, 0, 3, 0, '2019-01-01 17:44:04'),
(616, 6, 6, 11, 47, 0, 3, 0, '2019-01-01 17:44:05'),
(617, 6, 6, 12, 42, 0, 3, 0, '2019-01-01 17:44:05'),
(618, 6, 6, 14, 40, 0, 3, 0, '2019-01-01 17:44:05'),
(619, 6, 6, 15, 44, 0, 3, 0, '2019-01-01 17:44:06'),
(620, 6, 6, 16, 41, 0, 3, 0, '2019-01-01 17:44:06'),
(621, 6, 6, 17, 42, 0, 3, 0, '2019-01-01 17:44:07'),
(622, 6, 6, 18, 43, 0, 3, 0, '2019-01-01 17:44:07'),
(623, 6, 6, 19, 45, 0, 3, 0, '2019-01-01 17:44:07'),
(624, 6, 6, 20, 42, 0, 3, 0, '2019-01-01 17:44:07'),
(625, 6, 6, 21, 41, 0, 3, 0, '2019-01-01 17:44:08'),
(626, 6, 6, 22, 40, 0, 3, 0, '2019-01-01 17:44:08'),
(627, 6, 6, 23, 35, 0, 3, 0, '2019-01-01 17:44:08'),
(628, 6, 6, 24, 36, 0, 3, 0, '2019-01-01 17:44:09'),
(629, 6, 6, 25, 39, 0, 3, 0, '2019-01-01 17:44:09'),
(630, 6, 6, 26, 38, 0, 3, 0, '2019-01-01 17:44:09'),
(631, 6, 6, 27, 37, 0, 3, 0, '2019-01-01 17:44:10'),
(632, 6, 6, 28, 35, 0, 3, 0, '2019-01-01 17:44:10'),
(633, 6, 6, 29, 34, 0, 3, 0, '2019-01-01 17:44:10'),
(634, 6, 6, 30, 36, 0, 3, 0, '2019-01-01 17:44:10'),
(635, 6, 6, 31, 39, 0, 3, 0, '2019-01-01 17:44:11'),
(636, 6, 6, 32, 38, 0, 3, 0, '2019-01-01 17:44:11'),
(637, 6, 6, 33, 45, 0, 3, 0, '2019-01-01 17:44:11'),
(638, 6, 6, 34, 41, 0, 3, 0, '2019-01-01 17:44:12'),
(639, 6, 6, 35, 42, 0, 3, 0, '2019-01-01 17:44:13'),
(640, 6, 6, 36, 43, 0, 3, 0, '2019-01-01 17:44:13'),
(641, 6, 6, 38, 46, 0, 3, 0, '2019-01-01 17:44:13'),
(642, 6, 6, 39, 48, 0, 3, 0, '2019-01-01 17:44:14'),
(643, 6, 6, 40, 49, 0, 3, 0, '2019-01-01 17:44:14'),
(644, 6, 6, 13, 48, 0, 3, 0, '2019-01-01 17:44:14'),
(645, 7, 7, 1, 25, 0, 1, 0, '2019-01-02 12:38:31'),
(646, 7, 7, 2, 26, 0, 1, 0, '2019-01-02 12:38:31'),
(647, 7, 7, 3, 27, 0, 1, 0, '2019-01-02 12:38:31'),
(648, 7, 7, 4, 28, 0, 1, 0, '2019-01-02 12:38:31'),
(649, 7, 7, 5, 29, 0, 1, 0, '2019-01-02 12:38:31'),
(650, 7, 7, 6, 30, 0, 1, 0, '2019-01-02 12:38:31'),
(651, 7, 7, 7, 31, 0, 1, 0, '2019-01-02 12:38:31'),
(652, 7, 7, 8, 35, 0, 1, 0, '2019-01-02 12:38:31'),
(653, 7, 7, 9, 32, 0, 1, 0, '2019-01-02 12:38:31'),
(654, 7, 7, 10, 39, 0, 1, 0, '2019-01-02 12:38:31'),
(655, 7, 7, 11, 38, 0, 1, 0, '2019-01-02 12:38:31'),
(656, 7, 7, 12, 35, 0, 1, 0, '2019-01-02 12:38:31'),
(657, 7, 7, 14, 32, 0, 1, 0, '2019-01-02 12:38:32'),
(658, 7, 7, 15, 31, 0, 1, 0, '2019-01-02 12:38:32'),
(659, 7, 7, 16, 26, 0, 1, 0, '2019-01-02 12:38:32'),
(660, 7, 7, 17, 28, 0, 1, 0, '2019-01-02 12:38:32'),
(661, 7, 7, 18, 29, 0, 1, 0, '2019-01-02 12:38:32'),
(662, 7, 7, 19, 27, 0, 1, 0, '2019-01-02 12:38:32'),
(663, 7, 7, 20, 25, 0, 1, 0, '2019-01-02 12:38:32'),
(664, 7, 7, 21, 26, 0, 1, 0, '2019-01-02 12:38:32'),
(665, 7, 7, 22, 27, 0, 1, 0, '2019-01-02 12:38:32'),
(666, 7, 7, 23, 28, 0, 1, 0, '2019-01-02 12:38:32'),
(667, 7, 7, 24, 29, 0, 1, 0, '2019-01-02 12:38:32'),
(668, 7, 7, 25, 30, 0, 1, 0, '2019-01-02 12:38:32'),
(669, 7, 7, 26, 33, 0, 1, 0, '2019-01-02 12:38:32'),
(670, 7, 7, 27, 22, 0, 1, 0, '2019-01-02 12:38:32'),
(671, 7, 7, 28, 25, 0, 1, 0, '2019-01-02 12:38:32'),
(672, 7, 7, 29, 28, 0, 1, 0, '2019-01-02 12:38:32'),
(673, 7, 7, 30, 24, 0, 1, 0, '2019-01-02 12:38:33'),
(674, 7, 7, 31, 21, 0, 1, 0, '2019-01-02 12:38:33'),
(675, 7, 7, 32, 36, 0, 1, 0, '2019-01-02 12:38:33'),
(676, 7, 7, 33, 34, 0, 1, 0, '2019-01-02 12:38:33'),
(677, 7, 7, 34, 35, 0, 1, 0, '2019-01-02 12:38:33'),
(678, 7, 7, 35, 33, 0, 1, 0, '2019-01-02 12:38:33'),
(679, 7, 7, 36, 31, 0, 1, 0, '2019-01-02 12:38:33'),
(680, 7, 7, 38, 30, 0, 1, 0, '2019-01-02 12:38:33'),
(681, 7, 7, 39, 20, 0, 1, 0, '2019-01-02 12:38:33'),
(682, 7, 7, 40, 25, 0, 1, 0, '2019-01-02 12:38:33'),
(683, 7, 7, 13, 29, 0, 1, 0, '2019-01-02 12:38:33'),
(684, 7, 7, 1, 25, 0, 2, 0, '2019-01-02 12:39:56'),
(685, 7, 7, 2, 26, 0, 2, 0, '2019-01-02 12:39:56'),
(686, 7, 7, 3, 29, 0, 2, 0, '2019-01-02 12:39:56'),
(687, 7, 7, 4, 28, 0, 2, 0, '2019-01-02 12:39:57'),
(688, 7, 7, 5, 27, 0, 2, 0, '2019-01-02 12:39:57'),
(689, 7, 7, 6, 29, 0, 2, 0, '2019-01-02 12:39:57'),
(690, 7, 7, 7, 25, 0, 2, 0, '2019-01-02 12:39:57'),
(691, 7, 7, 8, 23, 0, 2, 0, '2019-01-02 12:39:57'),
(692, 7, 7, 9, 35, 0, 2, 0, '2019-01-02 12:39:57'),
(693, 7, 7, 10, 22, 0, 2, 0, '2019-01-02 12:39:57'),
(694, 7, 7, 11, 33, 0, 2, 0, '2019-01-02 12:39:57'),
(695, 7, 7, 12, 31, 0, 2, 0, '2019-01-02 12:39:58'),
(696, 7, 7, 14, 30, 0, 2, 0, '2019-01-02 12:39:58'),
(697, 7, 7, 15, 35, 0, 2, 0, '2019-01-02 12:39:58'),
(698, 7, 7, 16, 38, 0, 2, 0, '2019-01-02 12:39:58'),
(699, 7, 7, 17, 39, 0, 2, 0, '2019-01-02 12:39:58'),
(700, 7, 7, 18, 40, 0, 2, 0, '2019-01-02 12:39:58'),
(701, 7, 7, 19, 42, 0, 2, 0, '2019-01-02 12:39:59'),
(702, 7, 7, 20, 24, 0, 2, 0, '2019-01-02 12:39:59'),
(703, 7, 7, 21, 25, 0, 2, 0, '2019-01-02 12:39:59'),
(704, 7, 7, 22, 26, 0, 2, 0, '2019-01-02 12:39:59'),
(705, 7, 7, 23, 27, 0, 2, 0, '2019-01-02 12:39:59'),
(706, 7, 7, 24, 28, 0, 2, 0, '2019-01-02 12:39:59'),
(707, 7, 7, 25, 29, 0, 2, 0, '2019-01-02 12:39:59'),
(708, 7, 7, 26, 30, 0, 2, 0, '2019-01-02 12:40:00'),
(709, 7, 7, 27, 35, 0, 2, 0, '2019-01-02 12:40:00'),
(710, 7, 7, 28, 33, 0, 2, 0, '2019-01-02 12:40:00'),
(711, 7, 7, 29, 43, 0, 2, 0, '2019-01-02 12:40:00'),
(712, 7, 7, 30, 44, 0, 2, 0, '2019-01-02 12:40:00'),
(713, 7, 7, 31, 41, 0, 2, 0, '2019-01-02 12:40:01'),
(714, 7, 7, 32, 42, 0, 2, 0, '2019-01-02 12:40:01'),
(715, 7, 7, 33, 43, 0, 2, 0, '2019-01-02 12:40:01'),
(716, 7, 7, 34, 46, 0, 2, 0, '2019-01-02 12:40:02'),
(717, 7, 7, 35, 48, 0, 2, 0, '2019-01-02 12:40:02'),
(718, 7, 7, 36, 49, 0, 2, 0, '2019-01-02 12:40:02'),
(719, 7, 7, 38, 47, 0, 2, 0, '2019-01-02 12:40:02'),
(720, 7, 7, 39, 35, 0, 2, 0, '2019-01-02 12:40:02'),
(721, 7, 7, 40, 36, 0, 2, 0, '2019-01-02 12:40:02'),
(722, 7, 7, 13, 32, 0, 2, 0, '2019-01-02 12:40:02'),
(723, 7, 7, 47, 25, 0, 1, 0, '2019-01-02 12:41:48'),
(724, 7, 7, 55, 26, 0, 1, 0, '2019-01-02 12:41:48'),
(725, 7, 7, 42, 24, 0, 1, 0, '2019-01-02 12:41:48'),
(726, 7, 7, 43, 27, 0, 1, 0, '2019-01-02 12:41:48'),
(727, 7, 7, 44, 28, 0, 1, 0, '2019-01-02 12:41:48'),
(728, 7, 7, 45, 29, 0, 1, 0, '2019-01-02 12:41:48'),
(729, 7, 7, 46, 30, 0, 1, 0, '2019-01-02 12:41:48'),
(730, 7, 7, 48, 32, 0, 1, 0, '2019-01-02 12:41:48'),
(731, 7, 7, 49, 33, 0, 1, 0, '2019-01-02 12:41:48'),
(732, 7, 7, 50, 22, 0, 1, 0, '2019-01-02 12:41:48'),
(733, 7, 7, 51, 26, 0, 1, 0, '2019-01-02 12:41:48'),
(734, 7, 7, 52, 29, 0, 1, 0, '2019-01-02 12:41:48'),
(735, 7, 7, 53, 28, 0, 1, 0, '2019-01-02 12:41:49'),
(736, 7, 7, 54, 27, 0, 1, 0, '2019-01-02 12:41:49'),
(737, 7, 7, 56, 24, 0, 1, 0, '2019-01-02 12:41:49'),
(738, 7, 7, 57, 25, 0, 1, 0, '2019-01-02 12:41:49'),
(739, 7, 7, 59, 33, 0, 1, 0, '2019-01-02 12:41:49'),
(740, 7, 7, 60, 33, 0, 1, 0, '2019-01-02 12:41:49'),
(741, 7, 7, 61, 34, 0, 1, 0, '2019-01-02 12:41:49'),
(742, 7, 7, 62, 32, 0, 1, 0, '2019-01-02 12:41:49'),
(743, 7, 7, 63, 31, 0, 1, 0, '2019-01-02 12:41:49'),
(744, 7, 7, 64, 30, 0, 1, 0, '2019-01-02 12:41:49'),
(745, 7, 7, 65, 39, 0, 1, 0, '2019-01-02 12:41:49'),
(746, 7, 7, 47, 29, 0, 2, 0, '2019-01-02 12:42:39'),
(747, 7, 7, 55, 28, 0, 2, 0, '2019-01-02 12:42:39'),
(748, 7, 7, 42, 27, 0, 2, 0, '2019-01-02 12:42:40'),
(749, 7, 7, 43, 25, 0, 2, 0, '2019-01-02 12:42:40'),
(750, 7, 7, 44, 26, 0, 2, 0, '2019-01-02 12:42:40'),
(751, 7, 7, 45, 22, 0, 2, 0, '2019-01-02 12:42:40'),
(752, 7, 7, 46, 20, 0, 2, 0, '2019-01-02 12:42:40'),
(753, 7, 7, 48, 23, 0, 2, 0, '2019-01-02 12:42:41'),
(754, 7, 7, 49, 25, 0, 2, 0, '2019-01-02 12:42:41'),
(755, 7, 7, 50, 24, 0, 2, 0, '2019-01-02 12:42:41'),
(756, 7, 7, 51, 27, 0, 2, 0, '2019-01-02 12:42:41'),
(757, 7, 7, 52, 29, 0, 2, 0, '2019-01-02 12:42:41'),
(758, 7, 7, 53, 25, 0, 2, 0, '2019-01-02 12:42:42'),
(759, 7, 7, 54, 28, 0, 2, 0, '2019-01-02 12:42:42'),
(760, 7, 7, 56, 36, 0, 2, 0, '2019-01-02 12:42:42'),
(761, 7, 7, 57, 32, 0, 2, 0, '2019-01-02 12:42:42'),
(762, 7, 7, 59, 31, 0, 2, 0, '2019-01-02 12:42:42'),
(763, 7, 7, 60, 34, 0, 2, 0, '2019-01-02 12:42:43'),
(764, 7, 7, 61, 35, 0, 2, 0, '2019-01-02 12:42:43'),
(765, 7, 7, 62, 38, 0, 2, 0, '2019-01-02 12:42:43'),
(766, 7, 7, 63, 39, 0, 2, 0, '2019-01-02 12:42:43'),
(767, 7, 7, 64, 44, 0, 2, 0, '2019-01-02 12:42:44'),
(768, 7, 7, 65, 42, 0, 2, 0, '2019-01-02 12:42:44'),
(769, 8, 8, 47, 25, 0, 3, 0, '2019-01-03 14:32:32'),
(770, 8, 8, 55, 29, 0, 3, 0, '2019-01-03 14:32:33'),
(771, 8, 8, 42, 28, 0, 3, 0, '2019-01-03 14:32:33'),
(772, 8, 8, 43, 26, 0, 3, 0, '2019-01-03 14:32:33'),
(773, 8, 8, 44, 27, 0, 3, 0, '2019-01-03 14:32:34'),
(774, 8, 8, 45, 28, 0, 3, 0, '2019-01-03 14:32:34'),
(775, 8, 8, 46, 29, 0, 3, 0, '2019-01-03 14:32:34'),
(776, 8, 8, 48, 28, 0, 3, 0, '2019-01-03 14:32:34'),
(777, 8, 8, 49, 29, 0, 3, 0, '2019-01-03 14:32:35'),
(778, 8, 8, 50, 28, 0, 3, 0, '2019-01-03 14:32:35'),
(779, 8, 8, 51, 26, 0, 3, 0, '2019-01-03 14:32:35'),
(780, 8, 8, 52, 30, 0, 3, 0, '2019-01-03 14:32:35'),
(781, 8, 8, 53, 31, 0, 3, 0, '2019-01-03 14:32:36'),
(782, 8, 8, 54, 35, 0, 3, 0, '2019-01-03 14:32:36'),
(783, 8, 8, 56, 38, 0, 3, 0, '2019-01-03 14:32:36'),
(784, 8, 8, 57, 35, 0, 3, 0, '2019-01-03 14:32:37'),
(785, 8, 8, 59, 35, 0, 3, 0, '2019-01-03 14:32:37'),
(786, 8, 8, 60, 39, 0, 3, 0, '2019-01-03 14:32:37'),
(787, 8, 8, 61, 35, 0, 3, 0, '2019-01-03 14:32:37'),
(788, 8, 8, 62, 32, 0, 3, 0, '2019-01-03 14:32:37'),
(789, 8, 8, 63, 37, 0, 3, 0, '2019-01-03 14:32:37'),
(790, 8, 8, 64, 39, 0, 3, 0, '2019-01-03 14:32:37'),
(791, 8, 8, 65, 40, 0, 3, 0, '2019-01-03 14:32:38'),
(792, 9, 9, 47, 0, 0, 5, 0, '2019-01-03 14:34:57'),
(793, 9, 9, 55, 0, 0, 5, 0, '2019-01-03 14:34:57'),
(794, 9, 9, 42, 0, 0, 5, 0, '2019-01-03 14:34:57'),
(795, 9, 9, 43, 0, 0, 5, 0, '2019-01-03 14:34:57'),
(796, 9, 9, 44, 0, 0, 5, 0, '2019-01-03 14:34:57'),
(797, 9, 9, 45, 0, 0, 5, 0, '2019-01-03 14:34:57'),
(798, 9, 9, 46, 0, 0, 5, 0, '2019-01-03 14:34:57'),
(799, 9, 9, 48, 0, 0, 5, 0, '2019-01-03 14:34:57'),
(800, 9, 9, 49, 0, 0, 5, 0, '2019-01-03 14:34:57'),
(801, 9, 9, 50, 0, 0, 5, 0, '2019-01-03 14:34:58'),
(802, 9, 9, 51, 0, 0, 5, 0, '2019-01-03 14:34:58'),
(803, 9, 9, 52, 0, 0, 5, 0, '2019-01-03 14:34:58'),
(804, 9, 9, 53, 0, 0, 5, 0, '2019-01-03 14:34:58'),
(805, 9, 9, 54, 0, 0, 5, 0, '2019-01-03 14:34:58'),
(806, 9, 9, 56, 0, 0, 5, 0, '2019-01-03 14:34:58'),
(807, 9, 9, 57, 0, 0, 5, 0, '2019-01-03 14:34:58'),
(808, 9, 9, 59, 0, 0, 5, 0, '2019-01-03 14:34:58'),
(809, 9, 9, 60, 0, 0, 5, 0, '2019-01-03 14:34:58'),
(810, 9, 9, 61, 0, 0, 5, 0, '2019-01-03 14:34:58'),
(811, 9, 9, 62, 0, 0, 5, 0, '2019-01-03 14:34:58'),
(812, 9, 9, 63, 0, 0, 5, 0, '2019-01-03 14:34:58'),
(813, 9, 9, 64, 0, 0, 5, 0, '2019-01-03 14:34:58'),
(814, 9, 9, 65, 0, 0, 5, 0, '2019-01-03 14:34:58'),
(815, 10, 10, 47, 24, 0, 1, 0, '2019-01-03 14:36:25'),
(816, 10, 10, 55, 22, 0, 1, 0, '2019-01-03 14:36:25'),
(817, 10, 10, 42, 44, 0, 1, 0, '2019-01-03 14:36:25'),
(818, 10, 10, 43, 23, 0, 1, 0, '2019-01-03 14:36:25'),
(819, 10, 10, 44, 34, 0, 1, 0, '2019-01-03 14:36:25'),
(820, 10, 10, 45, 33, 0, 1, 0, '2019-01-03 14:36:25'),
(821, 10, 10, 46, 41, 0, 1, 0, '2019-01-03 14:36:25'),
(822, 10, 10, 48, 21, 0, 1, 0, '2019-01-03 14:36:25'),
(823, 10, 10, 49, 23, 0, 1, 0, '2019-01-03 14:36:25'),
(824, 10, 10, 50, 22, 0, 1, 0, '2019-01-03 14:36:25'),
(825, 10, 10, 51, 29, 0, 1, 0, '2019-01-03 14:36:25'),
(826, 10, 10, 52, 23, 0, 1, 0, '2019-01-03 14:36:25'),
(827, 10, 10, 53, 25, 0, 1, 0, '2019-01-03 14:36:26'),
(828, 10, 10, 54, 22, 0, 1, 0, '2019-01-03 14:36:26'),
(829, 10, 10, 56, 29, 0, 1, 0, '2019-01-03 14:36:26'),
(830, 10, 10, 57, 30, 0, 1, 0, '2019-01-03 14:36:26'),
(831, 10, 10, 59, 31, 0, 1, 0, '2019-01-03 14:36:26'),
(832, 10, 10, 60, 32, 0, 1, 0, '2019-01-03 14:36:26'),
(833, 10, 10, 61, 33, 0, 1, 0, '2019-01-03 14:36:26'),
(834, 10, 10, 62, 39, 0, 1, 0, '2019-01-03 14:36:26'),
(835, 10, 10, 63, 35, 0, 1, 0, '2019-01-03 14:36:26'),
(836, 10, 10, 64, 36, 0, 1, 0, '2019-01-03 14:36:26'),
(837, 10, 10, 65, 37, 0, 1, 0, '2019-01-03 14:36:26'),
(838, 10, 10, 47, 0, 0, 5, 0, '2019-01-03 14:38:15'),
(839, 10, 10, 55, 0, 0, 5, 0, '2019-01-03 14:38:15'),
(840, 10, 10, 42, 0, 0, 5, 0, '2019-01-03 14:38:15'),
(841, 10, 10, 43, 0, 0, 5, 0, '2019-01-03 14:38:15'),
(842, 10, 10, 44, 0, 0, 5, 0, '2019-01-03 14:38:15'),
(843, 10, 10, 45, 0, 0, 5, 0, '2019-01-03 14:38:15'),
(844, 10, 10, 46, 0, 0, 5, 0, '2019-01-03 14:38:15'),
(845, 10, 10, 48, 0, 0, 5, 0, '2019-01-03 14:38:15'),
(846, 10, 10, 49, 0, 0, 5, 0, '2019-01-03 14:38:15'),
(847, 10, 10, 50, 0, 0, 5, 0, '2019-01-03 14:38:16'),
(848, 10, 10, 51, 0, 0, 5, 0, '2019-01-03 14:38:16'),
(849, 10, 10, 52, 0, 0, 5, 0, '2019-01-03 14:38:16'),
(850, 10, 10, 53, 0, 0, 5, 0, '2019-01-03 14:38:16'),
(851, 10, 10, 54, 0, 0, 5, 0, '2019-01-03 14:38:16'),
(852, 10, 10, 56, 0, 0, 5, 0, '2019-01-03 14:38:16'),
(853, 10, 10, 57, 0, 0, 5, 0, '2019-01-03 14:38:16'),
(854, 10, 10, 59, 0, 0, 5, 0, '2019-01-03 14:38:16'),
(855, 10, 10, 60, 0, 0, 5, 0, '2019-01-03 14:38:16'),
(856, 10, 10, 61, 0, 0, 5, 0, '2019-01-03 14:38:16'),
(857, 10, 10, 62, 0, 0, 5, 0, '2019-01-03 14:38:16'),
(858, 10, 10, 63, 0, 0, 5, 0, '2019-01-03 14:38:16'),
(859, 10, 10, 64, 0, 0, 5, 0, '2019-01-03 14:38:16'),
(860, 10, 10, 65, 0, 0, 5, 0, '2019-01-03 14:38:16'),
(861, 11, 11, 47, 34, 0, 2, 0, '2019-01-03 14:42:01'),
(862, 11, 11, 55, 32, 0, 2, 0, '2019-01-03 14:42:01'),
(863, 11, 11, 42, 27, 0, 2, 0, '2019-01-03 14:42:01'),
(864, 11, 11, 43, 28, 0, 2, 0, '2019-01-03 14:42:02'),
(865, 11, 11, 44, 29, 0, 2, 0, '2019-01-03 14:42:02'),
(866, 11, 11, 45, 30, 0, 2, 0, '2019-01-03 14:42:02'),
(867, 11, 11, 46, 40, 0, 2, 0, '2019-01-03 14:42:02'),
(868, 11, 11, 48, 41, 0, 2, 0, '2019-01-03 14:42:02'),
(869, 11, 11, 49, 42, 0, 2, 0, '2019-01-03 14:42:02'),
(870, 11, 11, 50, 44, 0, 2, 0, '2019-01-03 14:42:02'),
(871, 11, 11, 51, 43, 0, 2, 0, '2019-01-03 14:42:02'),
(872, 11, 11, 52, 44, 0, 2, 0, '2019-01-03 14:42:02'),
(873, 11, 11, 53, 29, 0, 2, 0, '2019-01-03 14:42:03'),
(874, 11, 11, 54, 45, 0, 2, 0, '2019-01-03 14:42:03'),
(875, 11, 11, 56, 49, 0, 2, 0, '2019-01-03 14:42:03'),
(876, 11, 11, 57, 43, 0, 2, 0, '2019-01-03 14:42:03'),
(877, 11, 11, 59, 48, 0, 2, 0, '2019-01-03 14:42:03'),
(878, 11, 11, 60, 28, 0, 2, 0, '2019-01-03 14:42:03'),
(879, 11, 11, 61, 30, 0, 2, 0, '2019-01-03 14:42:03'),
(880, 11, 11, 62, 29, 0, 2, 0, '2019-01-03 14:42:03'),
(881, 11, 11, 63, 0, 1, 2, 1, '2019-01-03 14:42:03'),
(882, 11, 11, 64, 44, 0, 2, 0, '2019-01-03 14:42:03'),
(883, 11, 11, 65, 47, 0, 2, 0, '2019-01-03 14:42:03'),
(884, 11, 11, 47, 0, 0, 5, 0, '2019-01-03 14:44:07'),
(885, 11, 11, 55, 0, 0, 5, 0, '2019-01-03 14:44:07'),
(886, 11, 11, 42, 0, 0, 5, 0, '2019-01-03 14:44:07'),
(887, 11, 11, 43, 0, 0, 5, 0, '2019-01-03 14:44:07'),
(888, 11, 11, 44, 0, 0, 5, 0, '2019-01-03 14:44:07'),
(889, 11, 11, 45, 0, 0, 5, 0, '2019-01-03 14:44:07'),
(890, 11, 11, 46, 0, 0, 5, 0, '2019-01-03 14:44:07'),
(891, 11, 11, 48, 0, 0, 5, 0, '2019-01-03 14:44:07'),
(892, 11, 11, 49, 0, 0, 5, 0, '2019-01-03 14:44:07'),
(893, 11, 11, 50, 0, 0, 5, 0, '2019-01-03 14:44:07'),
(894, 11, 11, 51, 0, 0, 5, 0, '2019-01-03 14:44:07'),
(895, 11, 11, 52, 0, 0, 5, 0, '2019-01-03 14:44:07'),
(896, 11, 11, 53, 0, 0, 5, 0, '2019-01-03 14:44:08'),
(897, 11, 11, 54, 0, 0, 5, 0, '2019-01-03 14:44:08'),
(898, 11, 11, 56, 0, 0, 5, 0, '2019-01-03 14:44:08'),
(899, 11, 11, 57, 0, 0, 5, 0, '2019-01-03 14:44:08'),
(900, 11, 11, 59, 0, 0, 5, 0, '2019-01-03 14:44:08'),
(901, 11, 11, 60, 0, 0, 5, 0, '2019-01-03 14:44:08'),
(902, 11, 11, 61, 0, 0, 5, 0, '2019-01-03 14:44:08'),
(903, 11, 11, 62, 0, 0, 5, 0, '2019-01-03 14:44:08'),
(904, 11, 11, 63, 0, 0, 5, 0, '2019-01-03 14:44:08'),
(905, 11, 11, 64, 0, 0, 5, 0, '2019-01-03 14:44:08'),
(906, 11, 11, 65, 0, 0, 5, 0, '2019-01-03 14:44:08'),
(907, 12, 12, 47, 42, 0, 2, 0, '2019-01-03 14:45:42'),
(908, 12, 12, 55, 39, 0, 2, 0, '2019-01-03 14:45:42'),
(909, 12, 12, 42, 33, 0, 2, 0, '2019-01-03 14:45:42'),
(910, 12, 12, 43, 33, 0, 2, 0, '2019-01-03 14:45:42'),
(911, 12, 12, 44, 34, 0, 2, 0, '2019-01-03 14:45:42'),
(912, 12, 12, 45, 34, 0, 2, 0, '2019-01-03 14:45:42'),
(913, 12, 12, 46, 32, 0, 2, 0, '2019-01-03 14:45:43'),
(914, 12, 12, 48, 35, 0, 2, 0, '2019-01-03 14:45:43'),
(915, 12, 12, 49, 39, 0, 2, 0, '2019-01-03 14:45:43'),
(916, 12, 12, 50, 49, 0, 2, 0, '2019-01-03 14:45:43'),
(917, 12, 12, 51, 49, 0, 2, 0, '2019-01-03 14:45:43'),
(918, 12, 12, 52, 32, 0, 2, 0, '2019-01-03 14:45:43'),
(919, 12, 12, 53, 43, 0, 2, 0, '2019-01-03 14:45:43'),
(920, 12, 12, 54, 33, 0, 2, 0, '2019-01-03 14:45:43'),
(921, 12, 12, 56, 45, 0, 2, 0, '2019-01-03 14:45:43'),
(922, 12, 12, 57, 46, 0, 2, 0, '2019-01-03 14:45:43'),
(923, 12, 12, 59, 34, 0, 2, 0, '2019-01-03 14:45:43'),
(924, 12, 12, 60, 45, 0, 2, 0, '2019-01-03 14:45:44'),
(925, 12, 12, 61, 43, 0, 2, 0, '2019-01-03 14:45:44'),
(926, 12, 12, 62, 34, 0, 2, 0, '2019-01-03 14:45:44'),
(927, 12, 12, 63, 34, 0, 2, 0, '2019-01-03 14:45:44'),
(928, 12, 12, 64, 45, 0, 2, 0, '2019-01-03 14:45:44'),
(929, 12, 12, 65, 43, 0, 2, 0, '2019-01-03 14:45:44'),
(930, 12, 12, 47, 0, 0, 5, 0, '2019-01-03 14:47:09'),
(931, 12, 12, 55, 0, 0, 5, 0, '2019-01-03 14:47:10'),
(932, 12, 12, 42, 0, 0, 5, 0, '2019-01-03 14:47:10'),
(933, 12, 12, 43, 0, 0, 5, 0, '2019-01-03 14:47:10'),
(934, 12, 12, 44, 0, 0, 5, 0, '2019-01-03 14:47:10'),
(935, 12, 12, 45, 0, 0, 5, 0, '2019-01-03 14:47:10'),
(936, 12, 12, 46, 0, 0, 5, 0, '2019-01-03 14:47:10'),
(937, 12, 12, 48, 0, 0, 5, 0, '2019-01-03 14:47:10'),
(938, 12, 12, 49, 0, 0, 5, 0, '2019-01-03 14:47:10'),
(939, 12, 12, 50, 0, 0, 5, 0, '2019-01-03 14:47:10'),
(940, 12, 12, 51, 0, 0, 5, 0, '2019-01-03 14:47:10'),
(941, 12, 12, 52, 0, 0, 5, 0, '2019-01-03 14:47:10'),
(942, 12, 12, 53, 0, 0, 5, 0, '2019-01-03 14:47:11'),
(943, 12, 12, 54, 0, 0, 5, 0, '2019-01-03 14:47:11'),
(944, 12, 12, 56, 0, 0, 5, 0, '2019-01-03 14:47:11'),
(945, 12, 12, 57, 0, 0, 5, 0, '2019-01-03 14:47:11'),
(946, 12, 12, 59, 0, 0, 5, 0, '2019-01-03 14:47:11'),
(947, 12, 12, 60, 0, 0, 5, 0, '2019-01-03 14:47:11'),
(948, 12, 12, 61, 0, 0, 5, 0, '2019-01-03 14:47:11'),
(949, 12, 12, 62, 0, 0, 5, 0, '2019-01-03 14:47:11'),
(950, 12, 12, 63, 0, 0, 5, 0, '2019-01-03 14:47:11'),
(951, 12, 12, 64, 0, 0, 5, 0, '2019-01-03 14:47:11'),
(952, 12, 12, 65, 0, 0, 5, 0, '2019-01-03 14:47:11'),
(953, 13, 13, 47, 22, 0, 1, 0, '2019-01-03 14:48:48'),
(954, 13, 13, 55, 24, 0, 1, 0, '2019-01-03 14:48:48'),
(955, 13, 13, 42, 23, 0, 1, 0, '2019-01-03 14:48:48'),
(956, 13, 13, 43, 24, 0, 1, 0, '2019-01-03 14:48:48'),
(957, 13, 13, 44, 28, 0, 1, 0, '2019-01-03 14:48:48'),
(958, 13, 13, 45, 27, 0, 1, 0, '2019-01-03 14:48:48'),
(959, 13, 13, 46, 22, 0, 1, 0, '2019-01-03 14:48:48'),
(960, 13, 13, 48, 23, 0, 1, 0, '2019-01-03 14:48:48'),
(961, 13, 13, 49, 22, 0, 1, 0, '2019-01-03 14:48:48'),
(962, 13, 13, 50, 24, 0, 1, 0, '2019-01-03 14:48:48'),
(963, 13, 13, 51, 19, 0, 1, 0, '2019-01-03 14:48:48'),
(964, 13, 13, 52, 18, 0, 1, 0, '2019-01-03 14:48:48'),
(965, 13, 13, 53, 17, 0, 1, 0, '2019-01-03 14:48:48'),
(966, 13, 13, 54, 16, 0, 1, 0, '2019-01-03 14:48:48'),
(967, 13, 13, 56, 20, 0, 1, 0, '2019-01-03 14:48:48'),
(968, 13, 13, 57, 21, 0, 1, 0, '2019-01-03 14:48:48'),
(969, 13, 13, 59, 22, 0, 1, 0, '2019-01-03 14:48:48'),
(970, 13, 13, 60, 23, 0, 1, 0, '2019-01-03 14:48:48'),
(971, 13, 13, 61, 22, 0, 1, 0, '2019-01-03 14:48:48'),
(972, 13, 13, 62, 19, 0, 1, 0, '2019-01-03 14:48:48'),
(973, 13, 13, 63, 20, 0, 1, 0, '2019-01-03 14:48:48'),
(974, 13, 13, 64, 22, 0, 1, 0, '2019-01-03 14:48:48'),
(975, 13, 13, 65, 21, 0, 1, 0, '2019-01-03 14:48:48'),
(976, 13, 13, 47, 22, 0, 3, 0, '2019-01-03 14:51:25'),
(977, 13, 13, 55, 24, 0, 3, 0, '2019-01-03 14:51:25'),
(978, 13, 13, 42, 21, 0, 3, 0, '2019-01-03 14:51:25'),
(979, 13, 13, 43, 20, 0, 3, 0, '2019-01-03 14:51:25'),
(980, 13, 13, 44, 19, 0, 3, 0, '2019-01-03 14:51:26'),
(981, 13, 13, 45, 18, 0, 3, 0, '2019-01-03 14:51:26'),
(982, 13, 13, 46, 19, 0, 3, 0, '2019-01-03 14:51:26'),
(983, 13, 13, 48, 22, 0, 3, 0, '2019-01-03 14:51:26'),
(984, 13, 13, 49, 23, 0, 3, 0, '2019-01-03 14:51:26'),
(985, 13, 13, 50, 24, 0, 3, 0, '2019-01-03 14:51:26'),
(986, 13, 13, 51, 20, 0, 3, 0, '2019-01-03 14:51:27'),
(987, 13, 13, 52, 21, 0, 3, 0, '2019-01-03 14:51:27'),
(988, 13, 13, 53, 24, 0, 3, 0, '2019-01-03 14:51:27'),
(989, 13, 13, 54, 17, 0, 3, 0, '2019-01-03 14:51:27'),
(990, 13, 13, 56, 12, 0, 3, 0, '2019-01-03 14:51:28'),
(991, 13, 13, 57, 18, 0, 3, 0, '2019-01-03 14:51:28'),
(992, 13, 13, 59, 19, 0, 3, 0, '2019-01-03 14:51:28'),
(993, 13, 13, 60, 20, 0, 3, 0, '2019-01-03 14:51:28'),
(994, 13, 13, 61, 21, 0, 3, 0, '2019-01-03 14:51:28'),
(995, 13, 13, 62, 22, 0, 3, 0, '2019-01-03 14:51:28'),
(996, 13, 13, 63, 23, 0, 3, 0, '2019-01-03 14:51:29'),
(997, 13, 13, 64, 22, 0, 3, 0, '2019-01-03 14:51:29'),
(998, 13, 13, 65, 24, 0, 3, 0, '2019-01-03 14:51:29'),
(999, 14, 14, 47, 25, 0, 1, 0, '2019-01-03 14:53:13'),
(1000, 14, 14, 55, 29, 0, 1, 0, '2019-01-03 14:53:13'),
(1001, 14, 14, 42, 28, 0, 1, 0, '2019-01-03 14:53:13'),
(1002, 14, 14, 43, 26, 0, 1, 0, '2019-01-03 14:53:13'),
(1003, 14, 14, 44, 24, 0, 1, 0, '2019-01-03 14:53:13'),
(1004, 14, 14, 45, 27, 0, 1, 0, '2019-01-03 14:53:13');
INSERT INTO `sem_internal_marks` (`sem_internal_id`, `sem_internal_semister_id`, `sem_internal_course_id`, `sem_internal_student_id`, `sem_internal_marks`, `sem_internal_student_absent`, `marks_type`, `sem_internal_marks_fail`, `sem_internal_date_time`) VALUES
(1005, 14, 14, 46, 28, 0, 1, 0, '2019-01-03 14:53:13'),
(1006, 14, 14, 48, 29, 0, 1, 0, '2019-01-03 14:53:13'),
(1007, 14, 14, 49, 25, 0, 1, 0, '2019-01-03 14:53:13'),
(1008, 14, 14, 50, 28, 0, 1, 0, '2019-01-03 14:53:13'),
(1009, 14, 14, 51, 26, 0, 1, 0, '2019-01-03 14:53:13'),
(1010, 14, 14, 52, 28, 0, 1, 0, '2019-01-03 14:53:13'),
(1011, 14, 14, 53, 29, 0, 1, 0, '2019-01-03 14:53:13'),
(1012, 14, 14, 54, 28, 0, 1, 0, '2019-01-03 14:53:13'),
(1013, 14, 14, 56, 29, 0, 1, 0, '2019-01-03 14:53:13'),
(1014, 14, 14, 57, 30, 0, 1, 0, '2019-01-03 14:53:13'),
(1015, 14, 14, 59, 35, 0, 1, 0, '2019-01-03 14:53:13'),
(1016, 14, 14, 60, 36, 0, 1, 0, '2019-01-03 14:53:14'),
(1017, 14, 14, 61, 39, 0, 1, 0, '2019-01-03 14:53:14'),
(1018, 14, 14, 62, 38, 0, 1, 0, '2019-01-03 14:53:14'),
(1019, 14, 14, 63, 37, 0, 1, 0, '2019-01-03 14:53:14'),
(1020, 14, 14, 64, 35, 0, 1, 0, '2019-01-03 14:53:14'),
(1021, 14, 14, 65, 36, 0, 1, 0, '2019-01-03 14:53:14'),
(1022, 14, 14, 47, 38, 0, 2, 0, '2019-01-03 14:53:51'),
(1023, 14, 14, 55, 39, 0, 2, 0, '2019-01-03 14:53:51'),
(1024, 14, 14, 42, 37, 0, 2, 0, '2019-01-03 14:53:52'),
(1025, 14, 14, 43, 35, 0, 2, 0, '2019-01-03 14:53:52'),
(1026, 14, 14, 44, 36, 0, 2, 0, '2019-01-03 14:53:52'),
(1027, 14, 14, 45, 34, 0, 2, 0, '2019-01-03 14:53:52'),
(1028, 14, 14, 46, 32, 0, 2, 0, '2019-01-03 14:53:52'),
(1029, 14, 14, 48, 33, 0, 2, 0, '2019-01-03 14:53:52'),
(1030, 14, 14, 49, 30, 0, 2, 0, '2019-01-03 14:53:52'),
(1031, 14, 14, 50, 31, 0, 2, 0, '2019-01-03 14:53:52'),
(1032, 14, 14, 51, 22, 0, 2, 0, '2019-01-03 14:53:53'),
(1033, 14, 14, 52, 25, 0, 2, 0, '2019-01-03 14:53:53'),
(1034, 14, 14, 53, 29, 0, 2, 0, '2019-01-03 14:53:53'),
(1035, 14, 14, 54, 28, 0, 2, 0, '2019-01-03 14:53:53'),
(1036, 14, 14, 56, 27, 0, 2, 0, '2019-01-03 14:53:53'),
(1037, 14, 14, 57, 26, 0, 2, 0, '2019-01-03 14:53:53'),
(1038, 14, 14, 59, 24, 0, 2, 0, '2019-01-03 14:53:54'),
(1039, 14, 14, 60, 28, 0, 2, 0, '2019-01-03 14:53:54'),
(1040, 14, 14, 61, 29, 0, 2, 0, '2019-01-03 14:53:54'),
(1041, 14, 14, 62, 25, 0, 2, 0, '2019-01-03 14:53:54'),
(1042, 14, 14, 63, 26, 0, 2, 0, '2019-01-03 14:53:54'),
(1043, 14, 14, 64, 27, 0, 2, 0, '2019-01-03 14:53:55'),
(1044, 14, 14, 65, 28, 0, 2, 0, '2019-01-03 14:53:55'),
(1045, 8, 8, 1, 25, 0, 3, 0, '2019-01-03 14:56:17'),
(1046, 8, 8, 2, 29, 0, 3, 0, '2019-01-03 14:56:17'),
(1047, 8, 8, 3, 28, 0, 3, 0, '2019-01-03 14:56:17'),
(1048, 8, 8, 4, 26, 0, 3, 0, '2019-01-03 14:56:18'),
(1049, 8, 8, 5, 27, 0, 3, 0, '2019-01-03 14:56:18'),
(1050, 8, 8, 6, 23, 0, 3, 0, '2019-01-03 14:56:18'),
(1051, 8, 8, 7, 28, 0, 3, 0, '2019-01-03 14:56:18'),
(1052, 8, 8, 8, 29, 0, 3, 0, '2019-01-03 14:56:18'),
(1053, 8, 8, 9, 25, 0, 3, 0, '2019-01-03 14:56:18'),
(1054, 8, 8, 10, 24, 0, 3, 0, '2019-01-03 14:56:19'),
(1055, 8, 8, 11, 26, 0, 3, 0, '2019-01-03 14:56:19'),
(1056, 8, 8, 12, 27, 0, 3, 0, '2019-01-03 14:56:19'),
(1057, 8, 8, 14, 28, 0, 3, 0, '2019-01-03 14:56:19'),
(1058, 8, 8, 15, 29, 0, 3, 0, '2019-01-03 14:56:19'),
(1059, 8, 8, 16, 26, 0, 3, 0, '2019-01-03 14:56:20'),
(1060, 8, 8, 17, 27, 0, 3, 0, '2019-01-03 14:56:20'),
(1061, 8, 8, 18, 25, 0, 3, 0, '2019-01-03 14:56:20'),
(1062, 8, 8, 19, 29, 0, 3, 0, '2019-01-03 14:56:20'),
(1063, 8, 8, 20, 27, 0, 3, 0, '2019-01-03 14:56:20'),
(1064, 8, 8, 21, 25, 0, 3, 0, '2019-01-03 14:56:21'),
(1065, 8, 8, 22, 28, 0, 3, 0, '2019-01-03 14:56:21'),
(1066, 8, 8, 23, 29, 0, 3, 0, '2019-01-03 14:56:22'),
(1067, 8, 8, 24, 30, 0, 3, 0, '2019-01-03 14:56:22'),
(1068, 8, 8, 25, 35, 0, 3, 0, '2019-01-03 14:56:22'),
(1069, 8, 8, 26, 36, 0, 3, 0, '2019-01-03 14:56:22'),
(1070, 8, 8, 27, 37, 0, 3, 0, '2019-01-03 14:56:22'),
(1071, 8, 8, 28, 38, 0, 3, 0, '2019-01-03 14:56:22'),
(1072, 8, 8, 29, 39, 0, 3, 0, '2019-01-03 14:56:23'),
(1073, 8, 8, 30, 35, 0, 3, 0, '2019-01-03 14:56:23'),
(1074, 8, 8, 31, 36, 0, 3, 0, '2019-01-03 14:56:23'),
(1075, 8, 8, 32, 34, 0, 3, 0, '2019-01-03 14:56:23'),
(1076, 8, 8, 33, 31, 0, 3, 0, '2019-01-03 14:56:24'),
(1077, 8, 8, 34, 32, 0, 3, 0, '2019-01-03 14:56:24'),
(1078, 8, 8, 35, 30, 0, 3, 0, '2019-01-03 14:56:24'),
(1079, 8, 8, 36, 35, 0, 3, 0, '2019-01-03 14:56:25'),
(1080, 8, 8, 38, 38, 0, 3, 0, '2019-01-03 14:56:25'),
(1081, 8, 8, 39, 39, 0, 3, 0, '2019-01-03 14:56:26'),
(1082, 8, 8, 40, 34, 0, 3, 0, '2019-01-03 14:56:26'),
(1083, 8, 8, 13, 40, 0, 3, 0, '2019-01-03 14:56:26'),
(1084, 9, 9, 1, 0, 0, 5, 0, '2019-01-03 14:56:48'),
(1085, 9, 9, 2, 0, 0, 5, 0, '2019-01-03 14:56:48'),
(1086, 9, 9, 3, 0, 0, 5, 0, '2019-01-03 14:56:48'),
(1087, 9, 9, 4, 0, 0, 5, 0, '2019-01-03 14:56:49'),
(1088, 9, 9, 5, 0, 0, 5, 0, '2019-01-03 14:56:49'),
(1089, 9, 9, 6, 0, 0, 5, 0, '2019-01-03 14:56:49'),
(1090, 9, 9, 7, 0, 0, 5, 0, '2019-01-03 14:56:49'),
(1091, 9, 9, 8, 0, 0, 5, 0, '2019-01-03 14:56:49'),
(1092, 9, 9, 9, 0, 0, 5, 0, '2019-01-03 14:56:49'),
(1093, 9, 9, 10, 0, 0, 5, 0, '2019-01-03 14:56:49'),
(1094, 9, 9, 11, 0, 0, 5, 0, '2019-01-03 14:56:49'),
(1095, 9, 9, 12, 0, 0, 5, 0, '2019-01-03 14:56:49'),
(1096, 9, 9, 14, 0, 0, 5, 0, '2019-01-03 14:56:49'),
(1097, 9, 9, 15, 0, 0, 5, 0, '2019-01-03 14:56:49'),
(1098, 9, 9, 16, 0, 0, 5, 0, '2019-01-03 14:56:49'),
(1099, 9, 9, 17, 0, 0, 5, 0, '2019-01-03 14:56:49'),
(1100, 9, 9, 18, 0, 0, 5, 0, '2019-01-03 14:56:49'),
(1101, 9, 9, 19, 0, 0, 5, 0, '2019-01-03 14:56:49'),
(1102, 9, 9, 20, 0, 0, 5, 0, '2019-01-03 14:56:49'),
(1103, 9, 9, 21, 0, 0, 5, 0, '2019-01-03 14:56:49'),
(1104, 9, 9, 22, 0, 0, 5, 0, '2019-01-03 14:56:49'),
(1105, 9, 9, 23, 0, 0, 5, 0, '2019-01-03 14:56:49'),
(1106, 9, 9, 24, 0, 0, 5, 0, '2019-01-03 14:56:49'),
(1107, 9, 9, 25, 0, 0, 5, 0, '2019-01-03 14:56:49'),
(1108, 9, 9, 26, 0, 0, 5, 0, '2019-01-03 14:56:49'),
(1109, 9, 9, 27, 0, 0, 5, 0, '2019-01-03 14:56:49'),
(1110, 9, 9, 28, 0, 0, 5, 0, '2019-01-03 14:56:49'),
(1111, 9, 9, 29, 0, 0, 5, 0, '2019-01-03 14:56:50'),
(1112, 9, 9, 30, 0, 0, 5, 0, '2019-01-03 14:56:50'),
(1113, 9, 9, 31, 0, 0, 5, 0, '2019-01-03 14:56:50'),
(1114, 9, 9, 32, 0, 0, 5, 0, '2019-01-03 14:56:50'),
(1115, 9, 9, 33, 0, 0, 5, 0, '2019-01-03 14:56:50'),
(1116, 9, 9, 34, 0, 0, 5, 0, '2019-01-03 14:56:50'),
(1117, 9, 9, 35, 0, 0, 5, 0, '2019-01-03 14:56:50'),
(1118, 9, 9, 36, 0, 0, 5, 0, '2019-01-03 14:56:50'),
(1119, 9, 9, 38, 0, 0, 5, 0, '2019-01-03 14:56:50'),
(1120, 9, 9, 39, 0, 0, 5, 0, '2019-01-03 14:56:50'),
(1121, 9, 9, 40, 0, 0, 5, 0, '2019-01-03 14:56:50'),
(1122, 9, 9, 13, 0, 0, 5, 0, '2019-01-03 14:56:50'),
(1123, 10, 10, 1, 25, 0, 1, 0, '2019-01-03 14:58:44'),
(1124, 10, 10, 2, 29, 0, 1, 0, '2019-01-03 14:58:44'),
(1125, 10, 10, 3, 27, 0, 1, 0, '2019-01-03 14:58:44'),
(1126, 10, 10, 4, 26, 0, 1, 0, '2019-01-03 14:58:44'),
(1127, 10, 10, 5, 25, 0, 1, 0, '2019-01-03 14:58:45'),
(1128, 10, 10, 6, 28, 0, 1, 0, '2019-01-03 14:58:45'),
(1129, 10, 10, 7, 27, 0, 1, 0, '2019-01-03 14:58:45'),
(1130, 10, 10, 8, 29, 0, 1, 0, '2019-01-03 14:58:45'),
(1131, 10, 10, 9, 24, 0, 1, 0, '2019-01-03 14:58:45'),
(1132, 10, 10, 10, 25, 0, 1, 0, '2019-01-03 14:58:45'),
(1133, 10, 10, 11, 26, 0, 1, 0, '2019-01-03 14:58:45'),
(1134, 10, 10, 12, 28, 0, 1, 0, '2019-01-03 14:58:45'),
(1135, 10, 10, 14, 29, 0, 1, 0, '2019-01-03 14:58:45'),
(1136, 10, 10, 15, 32, 0, 1, 0, '2019-01-03 14:58:45'),
(1137, 10, 10, 16, 35, 0, 1, 0, '2019-01-03 14:58:45'),
(1138, 10, 10, 17, 38, 0, 1, 0, '2019-01-03 14:58:45'),
(1139, 10, 10, 18, 39, 0, 1, 0, '2019-01-03 14:58:45'),
(1140, 10, 10, 19, 35, 0, 1, 0, '2019-01-03 14:58:45'),
(1141, 10, 10, 20, 36, 0, 1, 0, '2019-01-03 14:58:45'),
(1142, 10, 10, 21, 35, 0, 1, 0, '2019-01-03 14:58:45'),
(1143, 10, 10, 22, 38, 0, 1, 0, '2019-01-03 14:58:45'),
(1144, 10, 10, 23, 37, 0, 1, 0, '2019-01-03 14:58:45'),
(1145, 10, 10, 24, 39, 0, 1, 0, '2019-01-03 14:58:45'),
(1146, 10, 10, 25, 34, 0, 1, 0, '2019-01-03 14:58:45'),
(1147, 10, 10, 26, 32, 0, 1, 0, '2019-01-03 14:58:45'),
(1148, 10, 10, 27, 30, 0, 1, 0, '2019-01-03 14:58:45'),
(1149, 10, 10, 28, 40, 0, 1, 0, '2019-01-03 14:58:45'),
(1150, 10, 10, 29, 25, 0, 1, 0, '2019-01-03 14:58:45'),
(1151, 10, 10, 30, 39, 0, 1, 0, '2019-01-03 14:58:45'),
(1152, 10, 10, 31, 35, 0, 1, 0, '2019-01-03 14:58:46'),
(1153, 10, 10, 32, 38, 0, 1, 0, '2019-01-03 14:58:46'),
(1154, 10, 10, 33, 36, 0, 1, 0, '2019-01-03 14:58:46'),
(1155, 10, 10, 34, 38, 0, 1, 0, '2019-01-03 14:58:46'),
(1156, 10, 10, 35, 39, 0, 1, 0, '2019-01-03 14:58:46'),
(1157, 10, 10, 36, 34, 0, 1, 0, '2019-01-03 14:58:46'),
(1158, 10, 10, 38, 38, 0, 1, 0, '2019-01-03 14:58:46'),
(1159, 10, 10, 39, 39, 0, 1, 0, '2019-01-03 14:58:46'),
(1160, 10, 10, 40, 32, 0, 1, 0, '2019-01-03 14:58:46'),
(1161, 10, 10, 13, 36, 0, 1, 0, '2019-01-03 14:58:46'),
(1162, 10, 10, 1, 0, 0, 5, 0, '2019-01-03 14:59:50'),
(1163, 10, 10, 2, 0, 0, 5, 0, '2019-01-03 14:59:50'),
(1164, 10, 10, 3, 0, 0, 5, 0, '2019-01-03 14:59:50'),
(1165, 10, 10, 4, 0, 0, 5, 0, '2019-01-03 14:59:50'),
(1166, 10, 10, 5, 0, 0, 5, 0, '2019-01-03 14:59:50'),
(1167, 10, 10, 6, 0, 0, 5, 0, '2019-01-03 14:59:50'),
(1168, 10, 10, 7, 0, 0, 5, 0, '2019-01-03 14:59:50'),
(1169, 10, 10, 8, 0, 0, 5, 0, '2019-01-03 14:59:50'),
(1170, 10, 10, 9, 0, 0, 5, 0, '2019-01-03 14:59:50'),
(1171, 10, 10, 10, 0, 0, 5, 0, '2019-01-03 14:59:50'),
(1172, 10, 10, 11, 0, 0, 5, 0, '2019-01-03 14:59:50'),
(1173, 10, 10, 12, 0, 0, 5, 0, '2019-01-03 14:59:50'),
(1174, 10, 10, 14, 0, 0, 5, 0, '2019-01-03 14:59:50'),
(1175, 10, 10, 15, 0, 0, 5, 0, '2019-01-03 14:59:50'),
(1176, 10, 10, 16, 0, 0, 5, 0, '2019-01-03 14:59:50'),
(1177, 10, 10, 17, 0, 0, 5, 0, '2019-01-03 14:59:50'),
(1178, 10, 10, 18, 0, 0, 5, 0, '2019-01-03 14:59:50'),
(1179, 10, 10, 19, 0, 0, 5, 0, '2019-01-03 14:59:50'),
(1180, 10, 10, 20, 0, 0, 5, 0, '2019-01-03 14:59:51'),
(1181, 10, 10, 21, 0, 0, 5, 0, '2019-01-03 14:59:51'),
(1182, 10, 10, 22, 0, 0, 5, 0, '2019-01-03 14:59:51'),
(1183, 10, 10, 23, 0, 0, 5, 0, '2019-01-03 14:59:51'),
(1184, 10, 10, 24, 0, 0, 5, 0, '2019-01-03 14:59:51'),
(1185, 10, 10, 25, 0, 0, 5, 0, '2019-01-03 14:59:51'),
(1186, 10, 10, 26, 0, 0, 5, 0, '2019-01-03 14:59:51'),
(1187, 10, 10, 27, 0, 0, 5, 0, '2019-01-03 14:59:51'),
(1188, 10, 10, 28, 0, 0, 5, 0, '2019-01-03 14:59:51'),
(1189, 10, 10, 29, 0, 0, 5, 0, '2019-01-03 14:59:51'),
(1190, 10, 10, 30, 0, 0, 5, 0, '2019-01-03 14:59:51'),
(1191, 10, 10, 31, 0, 0, 5, 0, '2019-01-03 14:59:51'),
(1192, 10, 10, 32, 0, 0, 5, 0, '2019-01-03 14:59:51'),
(1193, 10, 10, 33, 0, 0, 5, 0, '2019-01-03 14:59:51'),
(1194, 10, 10, 34, 0, 0, 5, 0, '2019-01-03 14:59:51'),
(1195, 10, 10, 35, 0, 0, 5, 0, '2019-01-03 14:59:51'),
(1196, 10, 10, 36, 0, 0, 5, 0, '2019-01-03 14:59:51'),
(1197, 10, 10, 38, 0, 0, 5, 0, '2019-01-03 14:59:51'),
(1198, 10, 10, 39, 0, 0, 5, 0, '2019-01-03 14:59:51'),
(1199, 10, 10, 40, 0, 0, 5, 0, '2019-01-03 14:59:51'),
(1200, 10, 10, 13, 0, 0, 5, 0, '2019-01-03 14:59:51'),
(1201, 11, 11, 1, 25, 0, 2, 0, '2019-01-03 15:02:22'),
(1202, 11, 11, 2, 29, 0, 2, 0, '2019-01-03 15:02:23'),
(1203, 11, 11, 3, 28, 0, 2, 0, '2019-01-03 15:02:23'),
(1204, 11, 11, 4, 27, 0, 2, 0, '2019-01-03 15:02:23'),
(1205, 11, 11, 5, 29, 0, 2, 0, '2019-01-03 15:02:23'),
(1206, 11, 11, 6, 26, 0, 2, 0, '2019-01-03 15:02:23'),
(1207, 11, 11, 7, 29, 0, 2, 0, '2019-01-03 15:02:23'),
(1208, 11, 11, 8, 27, 0, 2, 0, '2019-01-03 15:02:23'),
(1209, 11, 11, 9, 26, 0, 2, 0, '2019-01-03 15:02:23'),
(1210, 11, 11, 10, 27, 0, 2, 0, '2019-01-03 15:02:24'),
(1211, 11, 11, 11, 29, 0, 2, 0, '2019-01-03 15:02:24'),
(1212, 11, 11, 12, 29, 0, 2, 0, '2019-01-03 15:02:24'),
(1213, 11, 11, 14, 24, 0, 2, 0, '2019-01-03 15:02:24'),
(1214, 11, 11, 15, 25, 0, 2, 0, '2019-01-03 15:02:24'),
(1215, 11, 11, 16, 26, 0, 2, 0, '2019-01-03 15:02:24'),
(1216, 11, 11, 17, 28, 0, 2, 0, '2019-01-03 15:02:24'),
(1217, 11, 11, 18, 32, 0, 2, 0, '2019-01-03 15:02:24'),
(1218, 11, 11, 19, 36, 0, 2, 0, '2019-01-03 15:02:24'),
(1219, 11, 11, 20, 35, 0, 2, 0, '2019-01-03 15:02:24'),
(1220, 11, 11, 21, 39, 0, 2, 0, '2019-01-03 15:02:24'),
(1221, 11, 11, 22, 41, 0, 2, 0, '2019-01-03 15:02:24'),
(1222, 11, 11, 23, 31, 0, 2, 0, '2019-01-03 15:02:25'),
(1223, 11, 11, 24, 32, 0, 2, 0, '2019-01-03 15:02:25'),
(1224, 11, 11, 25, 35, 0, 2, 0, '2019-01-03 15:02:25'),
(1225, 11, 11, 26, 36, 0, 2, 0, '2019-01-03 15:02:25'),
(1226, 11, 11, 27, 38, 0, 2, 0, '2019-01-03 15:02:25'),
(1227, 11, 11, 28, 39, 0, 2, 0, '2019-01-03 15:02:25'),
(1228, 11, 11, 29, 34, 0, 2, 0, '2019-01-03 15:02:25'),
(1229, 11, 11, 30, 35, 0, 2, 0, '2019-01-03 15:02:25'),
(1230, 11, 11, 31, 36, 0, 2, 0, '2019-01-03 15:02:25'),
(1231, 11, 11, 32, 37, 0, 2, 0, '2019-01-03 15:02:25'),
(1232, 11, 11, 33, 38, 0, 2, 0, '2019-01-03 15:02:25'),
(1233, 11, 11, 34, 39, 0, 2, 0, '2019-01-03 15:02:26'),
(1234, 11, 11, 35, 35, 0, 2, 0, '2019-01-03 15:02:26'),
(1235, 11, 11, 36, 36, 0, 2, 0, '2019-01-03 15:02:26'),
(1236, 11, 11, 38, 38, 0, 2, 0, '2019-01-03 15:02:26'),
(1237, 11, 11, 39, 39, 0, 2, 0, '2019-01-03 15:02:26'),
(1238, 11, 11, 40, 32, 0, 2, 0, '2019-01-03 15:02:26'),
(1239, 11, 11, 13, 31, 0, 2, 0, '2019-01-03 15:02:26'),
(1240, 11, 11, 1, 0, 0, 5, 0, '2019-01-03 15:03:10'),
(1241, 11, 11, 2, 0, 0, 5, 0, '2019-01-03 15:03:10'),
(1242, 11, 11, 3, 0, 0, 5, 0, '2019-01-03 15:03:10'),
(1243, 11, 11, 4, 0, 0, 5, 0, '2019-01-03 15:03:10'),
(1244, 11, 11, 5, 0, 0, 5, 0, '2019-01-03 15:03:10'),
(1245, 11, 11, 6, 0, 0, 5, 0, '2019-01-03 15:03:10'),
(1246, 11, 11, 7, 0, 0, 5, 0, '2019-01-03 15:03:10'),
(1247, 11, 11, 8, 0, 0, 5, 0, '2019-01-03 15:03:10'),
(1248, 11, 11, 9, 0, 0, 5, 0, '2019-01-03 15:03:10'),
(1249, 11, 11, 10, 0, 0, 5, 0, '2019-01-03 15:03:10'),
(1250, 11, 11, 11, 0, 0, 5, 0, '2019-01-03 15:03:10'),
(1251, 11, 11, 12, 0, 0, 5, 0, '2019-01-03 15:03:11'),
(1252, 11, 11, 14, 0, 0, 5, 0, '2019-01-03 15:03:11'),
(1253, 11, 11, 15, 0, 0, 5, 0, '2019-01-03 15:03:11'),
(1254, 11, 11, 16, 0, 0, 5, 0, '2019-01-03 15:03:11'),
(1255, 11, 11, 17, 0, 0, 5, 0, '2019-01-03 15:03:11'),
(1256, 11, 11, 18, 0, 0, 5, 0, '2019-01-03 15:03:11'),
(1257, 11, 11, 19, 0, 0, 5, 0, '2019-01-03 15:03:11'),
(1258, 11, 11, 20, 0, 0, 5, 0, '2019-01-03 15:03:11'),
(1259, 11, 11, 21, 0, 0, 5, 0, '2019-01-03 15:03:11'),
(1260, 11, 11, 22, 0, 0, 5, 0, '2019-01-03 15:03:11'),
(1261, 11, 11, 23, 0, 0, 5, 0, '2019-01-03 15:03:11'),
(1262, 11, 11, 24, 0, 0, 5, 0, '2019-01-03 15:03:11'),
(1263, 11, 11, 25, 0, 0, 5, 0, '2019-01-03 15:03:11'),
(1264, 11, 11, 26, 0, 0, 5, 0, '2019-01-03 15:03:11'),
(1265, 11, 11, 27, 0, 0, 5, 0, '2019-01-03 15:03:11'),
(1266, 11, 11, 28, 0, 0, 5, 0, '2019-01-03 15:03:11'),
(1267, 11, 11, 29, 0, 0, 5, 0, '2019-01-03 15:03:11'),
(1268, 11, 11, 30, 0, 0, 5, 0, '2019-01-03 15:03:11'),
(1269, 11, 11, 31, 0, 0, 5, 0, '2019-01-03 15:03:11'),
(1270, 11, 11, 32, 0, 0, 5, 0, '2019-01-03 15:03:11'),
(1271, 11, 11, 33, 0, 0, 5, 0, '2019-01-03 15:03:12'),
(1272, 11, 11, 34, 0, 0, 5, 0, '2019-01-03 15:03:12'),
(1273, 11, 11, 35, 0, 0, 5, 0, '2019-01-03 15:03:12'),
(1274, 11, 11, 36, 0, 0, 5, 0, '2019-01-03 15:03:12'),
(1275, 11, 11, 38, 0, 0, 5, 0, '2019-01-03 15:03:12'),
(1276, 11, 11, 39, 0, 0, 5, 0, '2019-01-03 15:03:12'),
(1277, 11, 11, 40, 0, 0, 5, 0, '2019-01-03 15:03:12'),
(1278, 11, 11, 13, 0, 0, 5, 0, '2019-01-03 15:03:12'),
(1279, 12, 12, 1, 25, 0, 2, 0, '2019-01-03 15:04:47'),
(1280, 12, 12, 2, 29, 0, 2, 0, '2019-01-03 15:04:47'),
(1281, 12, 12, 3, 25, 0, 2, 0, '2019-01-03 15:04:47'),
(1282, 12, 12, 4, 28, 0, 2, 0, '2019-01-03 15:04:47'),
(1283, 12, 12, 5, 26, 0, 2, 0, '2019-01-03 15:04:47'),
(1284, 12, 12, 6, 27, 0, 2, 0, '2019-01-03 15:04:47'),
(1285, 12, 12, 7, 28, 0, 2, 0, '2019-01-03 15:04:47'),
(1286, 12, 12, 8, 29, 0, 2, 0, '2019-01-03 15:04:47'),
(1287, 12, 12, 9, 32, 0, 2, 0, '2019-01-03 15:04:47'),
(1288, 12, 12, 10, 35, 0, 2, 0, '2019-01-03 15:04:47'),
(1289, 12, 12, 11, 34, 0, 2, 0, '2019-01-03 15:04:48'),
(1290, 12, 12, 12, 36, 0, 2, 0, '2019-01-03 15:04:48'),
(1291, 12, 12, 14, 35, 0, 2, 0, '2019-01-03 15:04:48'),
(1292, 12, 12, 15, 33, 0, 2, 0, '2019-01-03 15:04:48'),
(1293, 12, 12, 16, 30, 0, 2, 0, '2019-01-03 15:04:48'),
(1294, 12, 12, 17, 35, 0, 2, 0, '2019-01-03 15:04:48'),
(1295, 12, 12, 18, 36, 0, 2, 0, '2019-01-03 15:04:48'),
(1296, 12, 12, 19, 32, 0, 2, 0, '2019-01-03 15:04:48'),
(1297, 12, 12, 20, 36, 0, 2, 0, '2019-01-03 15:04:48'),
(1298, 12, 12, 21, 35, 0, 2, 0, '2019-01-03 15:04:48'),
(1299, 12, 12, 22, 38, 0, 2, 0, '2019-01-03 15:04:49'),
(1300, 12, 12, 23, 39, 0, 2, 0, '2019-01-03 15:04:49'),
(1301, 12, 12, 24, 35, 0, 2, 0, '2019-01-03 15:04:49'),
(1302, 12, 12, 25, 36, 0, 2, 0, '2019-01-03 15:04:49'),
(1303, 12, 12, 26, 38, 0, 2, 0, '2019-01-03 15:04:49'),
(1304, 12, 12, 27, 39, 0, 2, 0, '2019-01-03 15:04:49'),
(1305, 12, 12, 28, 37, 0, 2, 0, '2019-01-03 15:04:49'),
(1306, 12, 12, 29, 35, 0, 2, 0, '2019-01-03 15:04:49'),
(1307, 12, 12, 30, 36, 0, 2, 0, '2019-01-03 15:04:49'),
(1308, 12, 12, 31, 32, 0, 2, 0, '2019-01-03 15:04:49'),
(1309, 12, 12, 32, 31, 0, 2, 0, '2019-01-03 15:04:49'),
(1310, 12, 12, 33, 30, 0, 2, 0, '2019-01-03 15:04:50'),
(1311, 12, 12, 34, 35, 0, 2, 0, '2019-01-03 15:04:50'),
(1312, 12, 12, 35, 38, 0, 2, 0, '2019-01-03 15:04:50'),
(1313, 12, 12, 36, 39, 0, 2, 0, '2019-01-03 15:04:50'),
(1314, 12, 12, 38, 35, 0, 2, 0, '2019-01-03 15:04:50'),
(1315, 12, 12, 39, 37, 0, 2, 0, '2019-01-03 15:04:50'),
(1316, 12, 12, 40, 38, 0, 2, 0, '2019-01-03 15:04:50'),
(1317, 12, 12, 13, 39, 0, 2, 0, '2019-01-03 15:04:50'),
(1318, 12, 12, 1, 0, 0, 5, 0, '2019-01-03 15:05:25'),
(1319, 12, 12, 2, 0, 0, 5, 0, '2019-01-03 15:05:25'),
(1320, 12, 12, 3, 0, 0, 5, 0, '2019-01-03 15:05:25'),
(1321, 12, 12, 4, 0, 0, 5, 0, '2019-01-03 15:05:25'),
(1322, 12, 12, 5, 0, 0, 5, 0, '2019-01-03 15:05:25'),
(1323, 12, 12, 6, 0, 0, 5, 0, '2019-01-03 15:05:25'),
(1324, 12, 12, 7, 0, 0, 5, 0, '2019-01-03 15:05:25'),
(1325, 12, 12, 8, 0, 0, 5, 0, '2019-01-03 15:05:25'),
(1326, 12, 12, 9, 0, 0, 5, 0, '2019-01-03 15:05:25'),
(1327, 12, 12, 10, 0, 0, 5, 0, '2019-01-03 15:05:25'),
(1328, 12, 12, 11, 0, 0, 5, 0, '2019-01-03 15:05:25'),
(1329, 12, 12, 12, 0, 0, 5, 0, '2019-01-03 15:05:25'),
(1330, 12, 12, 14, 0, 0, 5, 0, '2019-01-03 15:05:25'),
(1331, 12, 12, 15, 0, 0, 5, 0, '2019-01-03 15:05:25'),
(1332, 12, 12, 16, 0, 0, 5, 0, '2019-01-03 15:05:25'),
(1333, 12, 12, 17, 0, 0, 5, 0, '2019-01-03 15:05:25'),
(1334, 12, 12, 18, 0, 0, 5, 0, '2019-01-03 15:05:26'),
(1335, 12, 12, 19, 0, 0, 5, 0, '2019-01-03 15:05:26'),
(1336, 12, 12, 20, 0, 0, 5, 0, '2019-01-03 15:05:26'),
(1337, 12, 12, 21, 0, 0, 5, 0, '2019-01-03 15:05:26'),
(1338, 12, 12, 22, 0, 0, 5, 0, '2019-01-03 15:05:26'),
(1339, 12, 12, 23, 0, 0, 5, 0, '2019-01-03 15:05:26'),
(1340, 12, 12, 24, 0, 0, 5, 0, '2019-01-03 15:05:26'),
(1341, 12, 12, 25, 0, 0, 5, 0, '2019-01-03 15:05:26'),
(1342, 12, 12, 26, 0, 0, 5, 0, '2019-01-03 15:05:26'),
(1343, 12, 12, 27, 0, 0, 5, 0, '2019-01-03 15:05:26'),
(1344, 12, 12, 28, 0, 0, 5, 0, '2019-01-03 15:05:26'),
(1345, 12, 12, 29, 0, 0, 5, 0, '2019-01-03 15:05:26'),
(1346, 12, 12, 30, 0, 0, 5, 0, '2019-01-03 15:05:26'),
(1347, 12, 12, 31, 0, 0, 5, 0, '2019-01-03 15:05:26'),
(1348, 12, 12, 32, 0, 0, 5, 0, '2019-01-03 15:05:26'),
(1349, 12, 12, 33, 0, 0, 5, 0, '2019-01-03 15:05:26'),
(1350, 12, 12, 34, 0, 0, 5, 0, '2019-01-03 15:05:26'),
(1351, 12, 12, 35, 0, 0, 5, 0, '2019-01-03 15:05:26'),
(1352, 12, 12, 36, 0, 0, 5, 0, '2019-01-03 15:05:26'),
(1353, 12, 12, 38, 0, 0, 5, 0, '2019-01-03 15:05:26'),
(1354, 12, 12, 39, 0, 0, 5, 0, '2019-01-03 15:05:26'),
(1355, 12, 12, 40, 0, 0, 5, 0, '2019-01-03 15:05:26'),
(1356, 12, 12, 13, 0, 0, 5, 0, '2019-01-03 15:05:26'),
(1357, 13, 13, 1, 18, 0, 1, 0, '2019-01-03 15:07:13'),
(1358, 13, 13, 2, 19, 0, 1, 0, '2019-01-03 15:07:13'),
(1359, 13, 13, 3, 15, 0, 1, 0, '2019-01-03 15:07:13'),
(1360, 13, 13, 4, 17, 0, 1, 0, '2019-01-03 15:07:13'),
(1361, 13, 13, 5, 18, 0, 1, 0, '2019-01-03 15:07:13'),
(1362, 13, 13, 6, 19, 0, 1, 0, '2019-01-03 15:07:13'),
(1363, 13, 13, 7, 17, 0, 1, 0, '2019-01-03 15:07:13'),
(1364, 13, 13, 8, 18, 0, 1, 0, '2019-01-03 15:07:13'),
(1365, 13, 13, 9, 19, 0, 1, 0, '2019-01-03 15:07:13'),
(1366, 13, 13, 10, 15, 0, 1, 0, '2019-01-03 15:07:13'),
(1367, 13, 13, 11, 17, 0, 1, 0, '2019-01-03 15:07:13'),
(1368, 13, 13, 12, 18, 0, 1, 0, '2019-01-03 15:07:14'),
(1369, 13, 13, 14, 19, 0, 1, 0, '2019-01-03 15:07:14'),
(1370, 13, 13, 15, 19, 0, 1, 0, '2019-01-03 15:07:14'),
(1371, 13, 13, 16, 18, 0, 1, 0, '2019-01-03 15:07:14'),
(1372, 13, 13, 17, 17, 0, 1, 0, '2019-01-03 15:07:14'),
(1373, 13, 13, 18, 18, 0, 1, 0, '2019-01-03 15:07:14'),
(1374, 13, 13, 19, 19, 0, 1, 0, '2019-01-03 15:07:14'),
(1375, 13, 13, 20, 17, 0, 1, 0, '2019-01-03 15:07:14'),
(1376, 13, 13, 21, 18, 0, 1, 0, '2019-01-03 15:07:14'),
(1377, 13, 13, 22, 19, 0, 1, 0, '2019-01-03 15:07:14'),
(1378, 13, 13, 23, 15, 0, 1, 0, '2019-01-03 15:07:14'),
(1379, 13, 13, 24, 17, 0, 1, 0, '2019-01-03 15:07:14'),
(1380, 13, 13, 25, 18, 0, 1, 0, '2019-01-03 15:07:14'),
(1381, 13, 13, 26, 19, 0, 1, 0, '2019-01-03 15:07:14'),
(1382, 13, 13, 27, 18, 0, 1, 0, '2019-01-03 15:07:14'),
(1383, 13, 13, 28, 19, 0, 1, 0, '2019-01-03 15:07:14'),
(1384, 13, 13, 29, 18, 0, 1, 0, '2019-01-03 15:07:14'),
(1385, 13, 13, 30, 18, 0, 1, 0, '2019-01-03 15:07:14'),
(1386, 13, 13, 31, 18, 0, 1, 0, '2019-01-03 15:07:14'),
(1387, 13, 13, 32, 19, 0, 1, 0, '2019-01-03 15:07:14'),
(1388, 13, 13, 33, 17, 0, 1, 0, '2019-01-03 15:07:14'),
(1389, 13, 13, 34, 18, 0, 1, 0, '2019-01-03 15:07:14'),
(1390, 13, 13, 35, 19, 0, 1, 0, '2019-01-03 15:07:14'),
(1391, 13, 13, 36, 21, 0, 1, 0, '2019-01-03 15:07:14'),
(1392, 13, 13, 38, 15, 0, 1, 0, '2019-01-03 15:07:15'),
(1393, 13, 13, 39, 16, 0, 1, 0, '2019-01-03 15:07:15'),
(1394, 13, 13, 40, 18, 0, 1, 0, '2019-01-03 15:07:15'),
(1395, 13, 13, 13, 19, 0, 1, 0, '2019-01-03 15:07:15'),
(1396, 13, 13, 1, 12, 0, 3, 0, '2019-01-03 15:08:18'),
(1397, 13, 13, 2, 18, 0, 3, 0, '2019-01-03 15:08:18'),
(1398, 13, 13, 3, 19, 0, 3, 0, '2019-01-03 15:08:19'),
(1399, 13, 13, 4, 18, 0, 3, 0, '2019-01-03 15:08:19'),
(1400, 13, 13, 5, 15, 0, 3, 0, '2019-01-03 15:08:19'),
(1401, 13, 13, 6, 16, 0, 3, 0, '2019-01-03 15:08:19'),
(1402, 13, 13, 7, 17, 0, 3, 0, '2019-01-03 15:08:19'),
(1403, 13, 13, 8, 15, 0, 3, 0, '2019-01-03 15:08:20'),
(1404, 13, 13, 9, 17, 0, 3, 0, '2019-01-03 15:08:20'),
(1405, 13, 13, 10, 18, 0, 3, 0, '2019-01-03 15:08:20'),
(1406, 13, 13, 11, 18, 0, 3, 0, '2019-01-03 15:08:20'),
(1407, 13, 13, 12, 19, 0, 3, 0, '2019-01-03 15:08:21'),
(1408, 13, 13, 14, 14, 0, 3, 0, '2019-01-03 15:08:21'),
(1409, 13, 13, 15, 17, 0, 3, 0, '2019-01-03 15:08:21'),
(1410, 13, 13, 16, 18, 0, 3, 0, '2019-01-03 15:08:21'),
(1411, 13, 13, 17, 19, 0, 3, 0, '2019-01-03 15:08:21'),
(1412, 13, 13, 18, 15, 0, 3, 0, '2019-01-03 15:08:21'),
(1413, 13, 13, 19, 16, 0, 3, 0, '2019-01-03 15:08:21'),
(1414, 13, 13, 20, 18, 0, 3, 0, '2019-01-03 15:08:22'),
(1415, 13, 13, 21, 19, 0, 3, 0, '2019-01-03 15:08:22'),
(1416, 13, 13, 22, 18, 0, 3, 0, '2019-01-03 15:08:22'),
(1417, 13, 13, 23, 15, 0, 3, 0, '2019-01-03 15:08:22'),
(1418, 13, 13, 24, 17, 0, 3, 0, '2019-01-03 15:08:23'),
(1419, 13, 13, 25, 18, 0, 3, 0, '2019-01-03 15:08:23'),
(1420, 13, 13, 26, 19, 0, 3, 0, '2019-01-03 15:08:23'),
(1421, 13, 13, 27, 15, 0, 3, 0, '2019-01-03 15:08:23'),
(1422, 13, 13, 28, 16, 0, 3, 0, '2019-01-03 15:08:23'),
(1423, 13, 13, 29, 17, 0, 3, 0, '2019-01-03 15:08:23'),
(1424, 13, 13, 30, 18, 0, 3, 0, '2019-01-03 15:08:24'),
(1425, 13, 13, 31, 19, 0, 3, 0, '2019-01-03 15:08:24'),
(1426, 13, 13, 32, 15, 0, 3, 0, '2019-01-03 15:08:24'),
(1427, 13, 13, 33, 18, 0, 3, 0, '2019-01-03 15:08:24'),
(1428, 13, 13, 34, 19, 0, 3, 0, '2019-01-03 15:08:24'),
(1429, 13, 13, 35, 17, 0, 3, 0, '2019-01-03 15:08:24'),
(1430, 13, 13, 36, 14, 0, 3, 0, '2019-01-03 15:08:25'),
(1431, 13, 13, 38, 15, 0, 3, 0, '2019-01-03 15:08:25'),
(1432, 13, 13, 39, 17, 0, 3, 0, '2019-01-03 15:08:26'),
(1433, 13, 13, 40, 18, 0, 3, 0, '2019-01-03 15:08:26'),
(1434, 13, 13, 13, 21, 0, 3, 0, '2019-01-03 15:08:26'),
(1435, 5, 5, 1, 45, 0, 2, 0, '2019-01-04 04:14:46'),
(1436, 5, 5, 2, 43, 0, 2, 0, '2019-01-04 04:14:46'),
(1437, 5, 5, 4, 44, 0, 2, 0, '2019-01-04 04:14:46'),
(1438, 4, 4, 4, 20, 0, 3, 0, '2019-01-04 04:27:56'),
(1439, 4, 4, 39, 21, 0, 3, 0, '2019-01-04 04:27:56'),
(1440, 4, 4, 40, 22, 0, 3, 0, '2019-01-04 04:27:56'),
(1441, 4, 4, 13, 24, 0, 3, 0, '2019-01-04 04:27:56'),
(1442, 6, 6, 5, 30, 0, 3, 0, '2019-01-04 06:22:30'),
(1444, 4, 4, 43, 22, 0, 3, 0, '2019-01-04 13:25:07'),
(1445, 4, 4, 44, 24, 0, 3, 0, '2019-01-04 13:25:07'),
(1446, 4, 4, 45, 20, 0, 3, 0, '2019-01-04 13:25:07'),
(1447, 5, 5, 47, 44, 0, 2, 0, '2019-01-04 13:27:19'),
(1448, 5, 5, 45, 43, 0, 2, 0, '2019-01-04 13:27:19'),
(1449, 6, 6, 52, 40, 0, 3, 0, '2019-01-04 13:29:03'),
(1450, 6, 6, 53, 41, 0, 3, 0, '2019-01-04 13:29:03'),
(1451, 6, 6, 54, 45, 0, 3, 0, '2019-01-04 13:29:04'),
(1452, 1, 1, 42, 0, 0, 5, 0, '2019-01-04 14:17:45'),
(1453, 1, 1, 43, 0, 0, 5, 0, '2019-01-04 14:17:46'),
(1454, 1, 1, 44, 0, 0, 5, 0, '2019-01-04 14:17:46'),
(1455, 4, 4, 43, 0, 0, 5, 0, '2019-01-04 14:19:31'),
(1456, 4, 4, 44, 0, 0, 5, 0, '2019-01-04 14:19:31'),
(1457, 4, 4, 45, 0, 0, 5, 0, '2019-01-04 14:19:31'),
(1458, 1, 1, 2, 0, 0, 5, 0, '2019-01-04 14:22:00'),
(1459, 1, 1, 5, 0, 0, 5, 0, '2019-01-04 14:22:00'),
(1460, 1, 1, 6, 0, 0, 5, 0, '2019-01-04 14:22:00'),
(1461, 1, 1, 7, 0, 0, 5, 0, '2019-01-04 14:22:00'),
(1462, 4, 4, 4, 0, 0, 5, 0, '2019-01-04 14:23:48'),
(1463, 4, 4, 39, 0, 0, 5, 0, '2019-01-04 14:23:48'),
(1464, 4, 4, 40, 0, 0, 5, 0, '2019-01-04 14:23:48'),
(1465, 4, 4, 13, 0, 0, 5, 0, '2019-01-04 14:23:48'),
(1466, 1, 1, 42, 0, 0, 5, 0, '2019-01-04 14:28:14'),
(1467, 1, 1, 43, 0, 0, 5, 0, '2019-01-04 14:28:14'),
(1468, 1, 1, 44, 0, 0, 5, 0, '2019-01-04 14:28:14');

-- --------------------------------------------------------

--
-- Table structure for table `sem_op1`
--

CREATE TABLE `sem_op1` (
  `sem_op1_id` int(11) NOT NULL,
  `sem_op1_internal_marks_id` int(11) NOT NULL,
  `sem_op1_marks_th` int(11) NOT NULL,
  `sem_op1_pass` tinyint(1) NOT NULL DEFAULT '0',
  `sem_op1_studentabsent` int(11) NOT NULL DEFAULT '0',
  `sem_op1_user_id` int(11) DEFAULT NULL
) ENGINE=InnoDB DEFAULT CHARSET=latin1;

--
-- Dumping data for table `sem_op1`
--

INSERT INTO `sem_op1` (`sem_op1_id`, `sem_op1_internal_marks_id`, `sem_op1_marks_th`, `sem_op1_pass`, `sem_op1_studentabsent`, `sem_op1_user_id`) VALUES
(1, 256, 30, 1, 0, 17),
(2, 257, 30, 1, 0, 17),
(3, 258, 30, 1, 0, 17),
(4, 259, 30, 1, 0, 17),
(5, 260, 30, 1, 0, 17),
(6, 261, 30, 1, 0, 17),
(7, 262, 30, 1, 0, 17),
(8, 263, 30, 1, 0, 17),
(9, 264, 30, 1, 0, 17),
(10, 265, 30, 1, 0, 17),
(11, 266, 30, 1, 0, 17),
(12, 267, 30, 1, 0, 17),
(13, 268, 30, 1, 0, 17),
(14, 269, 30, 1, 0, 17),
(15, 270, 30, 1, 0, 17),
(16, 271, 30, 1, 0, 17),
(17, 272, 30, 1, 0, 17),
(18, 273, 30, 1, 0, 17),
(19, 274, 30, 1, 0, 17),
(20, 275, 30, 1, 0, 17),
(21, 276, 30, 1, 0, 17),
(22, 277, 30, 1, 0, 17),
(23, 278, 30, 1, 0, 17),
(24, 279, 30, 1, 0, 17),
(25, 280, 30, 1, 0, 17),
(26, 281, 30, 1, 0, 17),
(27, 282, 30, 1, 0, 17),
(28, 283, 30, 1, 0, 17),
(29, 284, 30, 1, 0, 17),
(30, 285, 30, 1, 0, 17),
(31, 286, 30, 1, 0, 17),
(32, 287, 30, 1, 0, 17),
(33, 288, 30, 1, 0, 17),
(34, 289, 30, 1, 0, 17),
(35, 290, 30, 1, 0, 17),
(36, 291, 30, 1, 0, 17),
(37, 292, 30, 1, 0, 17),
(38, 293, 30, 1, 0, 17),
(39, 294, 30, 1, 0, 17),
(40, 1458, 30, 1, 0, 17),
(41, 1459, 30, 1, 0, 17),
(42, 1460, 30, 1, 0, 17),
(43, 1461, 30, 1, 0, 17);

-- --------------------------------------------------------

--
-- Table structure for table `sem_op2`
--

CREATE TABLE `sem_op2` (
  `sem_op2_id` int(11) NOT NULL,
  `sem_op2_internal_marks_id` int(11) NOT NULL,
  `sem_op2_marks_th` int(11) NOT NULL,
  `sem_op2_pass` tinyint(1) NOT NULL DEFAULT '0',
  `sem_op2_studentabsent` int(11) NOT NULL DEFAULT '0',
  `sem_op2_user_id` int(11) DEFAULT NULL
) ENGINE=InnoDB DEFAULT CHARSET=latin1;

--
-- Dumping data for table `sem_op2`
--

INSERT INTO `sem_op2` (`sem_op2_id`, `sem_op2_internal_marks_id`, `sem_op2_marks_th`, `sem_op2_pass`, `sem_op2_studentabsent`, `sem_op2_user_id`) VALUES
(1, 256, 22, 0, 0, 17),
(2, 257, 30, 1, 0, 17),
(3, 258, 30, 1, 0, 17),
(4, 259, 30, 1, 0, 17),
(5, 260, 30, 1, 0, 17),
(6, 261, 30, 1, 0, 17),
(7, 262, 30, 1, 0, 17),
(8, 263, 30, 1, 0, 17),
(9, 264, 30, 1, 0, 17),
(10, 265, 30, 1, 0, 17),
(11, 266, 30, 1, 0, 17),
(12, 267, 30, 1, 0, 17),
(13, 268, 30, 1, 0, 17),
(14, 269, 30, 1, 0, 17),
(15, 270, 30, 1, 0, 17),
(16, 271, 30, 1, 0, 17),
(17, 272, 30, 1, 0, 17),
(18, 273, 30, 1, 0, 17),
(19, 274, 30, 1, 0, 17),
(20, 275, 30, 1, 0, 17),
(21, 276, 30, 1, 0, 17),
(22, 277, 30, 1, 0, 17),
(23, 278, 30, 1, 0, 17),
(24, 279, 30, 1, 0, 17),
(25, 280, 30, 1, 0, 17),
(26, 281, 30, 1, 0, 17),
(27, 282, 30, 1, 0, 17),
(28, 283, 30, 1, 0, 17),
(29, 284, 30, 1, 0, 17),
(30, 285, 30, 1, 0, 17),
(31, 286, 30, 1, 0, 17),
(32, 287, 30, 1, 0, 17),
(33, 288, 30, 1, 0, 17),
(34, 289, 30, 1, 0, 17),
(35, 290, 30, 1, 0, 17),
(36, 291, 30, 1, 0, 17),
(37, 292, 30, 1, 0, 17),
(38, 293, 30, 1, 0, 17),
(39, 294, 30, 1, 0, 17),
(40, 1458, 30, 1, 0, 17),
(41, 1459, 30, 1, 0, 17),
(42, 1460, 30, 1, 0, 17),
(43, 1461, 30, 1, 0, 17);

-- --------------------------------------------------------

--
-- Table structure for table `students`
--

CREATE TABLE `students` (
  `student_id` int(11) NOT NULL,
  `student_fname` varchar(25) NOT NULL,
  `student_mname` varchar(25) NOT NULL,
  `student_lname` varchar(25) NOT NULL,
  `student_enrollmentno` varchar(10) NOT NULL,
  `student_caste` varchar(20) NOT NULL,
  `student_address` varchar(100) NOT NULL,
  `student_bdate` date NOT NULL,
  `student_phno` varchar(20) NOT NULL,
  `student_email` varchar(50) NOT NULL,
  `student_gender` char(1) NOT NULL,
  `student_dateofadmission` datetime NOT NULL DEFAULT CURRENT_TIMESTAMP,
  `student_shift` char(2) NOT NULL,
  `student_hostel` tinyint(1) NOT NULL,
  `student_tfws` tinyint(1) NOT NULL,
  `student_mothers_fname` varchar(25) NOT NULL,
  `student_mothers_lname` varchar(25) NOT NULL,
  `student_income` int(11) NOT NULL,
  `student_dept_id` int(11) NOT NULL,
  `student_scheme_id` int(11) NOT NULL,
  `student_sem` int(1) NOT NULL DEFAULT '1',
  `student_10th_percent` float DEFAULT NULL,
  `student_12th_percent` float DEFAULT NULL,
  `student_dte_enrollment_no` varchar(50) DEFAULT NULL,
  `student_caste_category_id` varchar(100) DEFAULT NULL,
  `student_sub_caste_id` varchar(100) DEFAULT NULL,
  `student_type` varchar(50) NOT NULL DEFAULT 'REGULAR' COMMENT 'regular or nonregular',
  `student_payment_type` varchar(50) DEFAULT NULL,
  `student_image` longblob NOT NULL,
  `student_image_name` varchar(30) NOT NULL,
  `student_is_directsecondyear` tinyint(1) NOT NULL DEFAULT '0'
) ENGINE=InnoDB DEFAULT CHARSET=latin1;

--
-- Dumping data for table `students`
--

INSERT INTO `students` (`student_id`, `student_fname`, `student_mname`, `student_lname`, `student_enrollmentno`, `student_caste`, `student_address`, `student_bdate`, `student_phno`, `student_email`, `student_gender`, `student_dateofadmission`, `student_shift`, `student_hostel`, `student_tfws`, `student_mothers_fname`, `student_mothers_lname`, `student_income`, `student_dept_id`, `student_scheme_id`, `student_sem`, `student_10th_percent`, `student_12th_percent`, `student_dte_enrollment_no`, `student_caste_category_id`, `student_sub_caste_id`, `student_type`, `student_payment_type`, `student_image`, `student_image_name`, `student_is_directsecondyear`) VALUES
(1, 'ATHARVA', 'SANJAY', 'KATRE', 'FS18IF001', 'Open', '202, Shiv Adarsh soc, Sahar rd, Andheri East\r\n', '2001-02-16', '9769357684', 'atharva.katre.71@gmail.com', 'M', '2018-12-27 10:45:14', 'FS', 0, 0, 'SANDHYA', 'KATRE', 600000, 1, 1, 2, 89.4, 0, 'DTE123', 'Open', '0', 'REGULAR', NULL, 0x89504e470d0a1a0a0000000d49484452000000e1000000e10803000000096d22480000006f504c5445c462a0ffffffc1589bcb74abc25b9dc35e9eecd1e2c05299dca9c8c1599bc0559afefbfdc35f9eeccee0f3e1ecf5e5eff7eaf2e4bbd4e9c8dcc86ca6fcf5f9e7c3d9d89bc1d38fb9cc78adf1dce9e2b5d1f0d8e7dfafcdd491bbc96ea7cf82b2bd4894d9a2c4d698bece7fb1d188b6b7d8c57d0000041449444154789ceddcdb9a9a301405e0101230218320074145cb0cefff8cd5e9b4041c30f464375dffe50c177b7d214701c60000000000000000000000000000000000000000000000000000000000000000fe342985525cbfe35c0929cdb34bfa7d8ce09a55fbf650bc1ceb388e8f41916e5e3b5f6925561053f2302b8b6d1e7963515ea7e539e4f2d925fe0a2354952677d96cf9ae619c6a534a9e6de6e37d389619c59634dc2fee6fcd09d1ae23175131f77c37897e76c5cb98b05d94cff34af1ec9a171159bc2c9f97d3ba4979b3b0013defa09e5df412fcf05923c5c1a16df65dd7ed9bf6f4120f07d9e84c69be088bbb78f1e992a9f7a5da3ba138677e536c7f5cb0e3cfae7a01bd1bb7de2953cadcb591918ab332f876cd1ba12654a3164c4aaea6cb175ab6b5e7d584a60a751af6af8378340b085d150d9d9154ec0701b7954bff92824e40c306d34441a87447fa68073c85cfaee7b713e52020a1e1c3596e054c294d718e066b99e30a039acc1a6672aadbf639ca6e427a1b5a17562fdcad719491afd65286d456c195b636bdc50a8799abb537a1d8f4098335f642a6eb3ee17e9503a9ec27c37c95bd505adb26524712ce84b5f325b49f5d80077d425a67bbae787f3a98af6f5b7893f54bb66095dd50bef53729ade36b57f6504aec371647d23abf58e7c649b47d427f8d8bd2c1ee379b4928f8b4bf57edcfe0a99570fa32713a0693ce7fafdc9f60fd5a11cd5c66af0beefcdb77b795309fb98cbfac21e16c1b124e68f5c399cb2827b4c7d2e9cb0827b4374f33b305e5846d5f6935bda6219cd03e2c9d59b5119e2d64d757da4eafbc65b31969c924acfa83a8b99fd5a418f94225a1b176c08b7e570ba9241c9c622c390f2694d01a43d6d986f694bfe434914e427bba58f2cb139d8426eb4b4d161c27d249c8c2fe4143efe25e2ba184f6ee62c16d4a28a1b9f4b5ce6d8247082564da7ad664e37c284c29a17d189538174b29a1f1fb62bd8d6b4fa4949029eb776eefec38eb934a281b2ba1eb73cda4123261bf4672708b482ba11c3c025d3a75455a09478f08372e1189251c3c7f796d45871b955842c65b3ba197f28745534bc8f8e03ef5e2f3a3662497d0c8d16bb10553b33323b9844cfaa317f3a2b49a7e91594a32676d3dd18ddf3d8cead6d75c0cbf3060a4509a57af29bd844cbd7977a264b7b9641f5f54d03a0c99df6dd2633eb8884c4226aaa93748f3645bd7f136c93ffd2f9d844c66f5a7111e20949049913e0e443ae1755ebc6c1f47229df0da8c4b5fc8a796f0f66e68ebf4518c77d1b165041f1613ba79f97cd81cc8e3432735d1c7fd2467fb623b9d328f77ed85e9f985ddbf4e72915dda348893ef1fe1896ed362b03b94179f71b29fa6193046dcbe0cf5fd7b0352dcbe3870fdc3fd3bfa0000000000000000000000000000000000000000000000000000000000ffb9afa3c02de0071836ec0000000049454e44ae426082, 'download.png', 0),
(2, 'BIMALESH', 'JAWAHIR', 'SETH', 'FS18IF002', 'Open', 'Azad Chawl, Vadar Pada, Hanuman Nagar, Kandivali East, Mumbai - 400101\r\n', '2001-03-21', '7039581571', 'sonivimlesh21@gmail.com', 'M', '2018-12-27 10:54:29', 'FS', 0, 0, 'PUSHPA', 'SONI', 180000, 1, 1, 2, 92, 0, 'DTE123', 'Open', '0', 'REGULAR', NULL, 0x89504e470d0a1a0a0000000d49484452000000e1000000e10803000000096d22480000006f504c5445c462a0ffffffc1589bcb74abc25b9dc35e9eecd1e2c05299dca9c8c1599bc0559afefbfdc35f9eeccee0f3e1ecf5e5eff7eaf2e4bbd4e9c8dcc86ca6fcf5f9e7c3d9d89bc1d38fb9cc78adf1dce9e2b5d1f0d8e7dfafcdd491bbc96ea7cf82b2bd4894d9a2c4d698bece7fb1d188b6b7d8c57d0000041449444154789ceddcdb9a9a301405e0101230218320074145cb0cefff8cd5e9b4041c30f464375dffe50c177b7d214701c60000000000000000000000000000000000000000000000000000000000000000fe342985525cbfe35c0929cdb34bfa7d8ce09a55fbf650bc1ceb388e8f41916e5e3b5f6925561053f2302b8b6d1e7963515ea7e539e4f2d925fe0a2354952677d96cf9ae619c6a534a9e6de6e37d389619c59634dc2fee6fcd09d1ae23175131f77c37897e76c5cb98b05d94cff34af1ec9a171159bc2c9f97d3ba4979b3b0013defa09e5df412fcf05923c5c1a16df65dd7ed9bf6f4120f07d9e84c69be088bbb78f1e992a9f7a5da3ba138677e536c7f5cb0e3cfae7a01bd1bb7de2953cadcb591918ab332f876cd1ba12654a3164c4aaea6cb175ab6b5e7d584a60a751af6af8378340b085d150d9d9154ec0701b7954bff92824e40c306d34441a87447fa68073c85cfaee7b713e52020a1e1c3596e054c294d718e066b99e30a039acc1a6672aadbf639ca6e427a1b5a17562fdcad719491afd65286d456c195b636bdc50a8799abb537a1d8f4098335f642a6eb3ee17e9503a9ec27c37c95bd505adb26524712ce84b5f325b49f5d80077d425a67bbae787f3a98af6f5b7893f54bb66095dd50bef53729ade36b57f6504aec371647d23abf58e7c649b47d427f8d8bd2c1ee379b4928f8b4bf57edcfe0a99570fa32713a0693ce7fafdc9f60fd5a11cd5c66af0beefcdb77b795309fb98cbfac21e16c1b124e68f5c399cb2827b4c7d2e9cb0827b4374f33b305e5846d5f6935bda6219cd03e2c9d59b5119e2d64d757da4eafbc65b31969c924acfa83a8b99fd5a418f94225a1b176c08b7e570ba9241c9c622c390f2694d01a43d6d986f694bfe434914e427bba58f2cb139d8426eb4b4d161c27d249c8c2fe4143efe25e2ba184f6ee62c16d4a28a1b9f4b5ce6d8247082564da7ad664e37c284c29a17d189538174b29a1f1fb62bd8d6b4fa4949029eb776eefec38eb934a281b2ba1eb73cda4123261bf4672708b482ba11c3c025d3a75455a09478f08372e1189251c3c7f796d45871b955842c65b3ba197f28745534bc8f8e03ef5e2f3a3662497d0c8d16bb10553b33323b9844cfaa317f3a2b49a7e91594a32676d3dd18ddf3d8cead6d75c0cbf3060a4509a57af29bd844cbd7977a264b7b9641f5f54d03a0c99df6dd2633eb8884c4226aaa93748f3645bd7f136c93ffd2f9d844c66f5a7111e20949049913e0e443ae1755ebc6c1f47229df0da8c4b5fc8a796f0f66e68ebf4518c77d1b165041f1613ba79f97cd81cc8e3432735d1c7fd2467fb623b9d328f77ed85e9f985ddbf4e72915dda348893ef1fe1896ed362b03b94179f71b29fa6193046dcbe0cf5fd7b0352dcbe3870fdc3fd3bfa0000000000000000000000000000000000000000000000000000000000ffb9afa3c02de0071836ec0000000049454e44ae426082, 'download.png', 0),
(3, 'KAUSTUBH', 'SANTOSH', 'GIRI', 'FS18IF003', 'Nomadic Tribes-1( NT', 'Room no 68 mgs vashat jeerbai wadi road parel bohiwada mumbai no 400012\r\n', '2000-07-02', '8108740530', 'ksaigiri123@gmail.com', 'M', '2018-12-27 11:01:15', 'FS', 0, 0, 'ANJANI', 'GIRI', 78000, 1, 1, 2, 81.5, 0, 'DTE123', 'Nomadic Tribes-1( NT-B)', 'Gosavi', 'REGULAR', NULL, 0x89504e470d0a1a0a0000000d49484452000000e1000000e10803000000096d22480000006f504c5445c462a0ffffffc1589bcb74abc25b9dc35e9eecd1e2c05299dca9c8c1599bc0559afefbfdc35f9eeccee0f3e1ecf5e5eff7eaf2e4bbd4e9c8dcc86ca6fcf5f9e7c3d9d89bc1d38fb9cc78adf1dce9e2b5d1f0d8e7dfafcdd491bbc96ea7cf82b2bd4894d9a2c4d698bece7fb1d188b6b7d8c57d0000041449444154789ceddcdb9a9a301405e0101230218320074145cb0cefff8cd5e9b4041c30f464375dffe50c177b7d214701c60000000000000000000000000000000000000000000000000000000000000000fe342985525cbfe35c0929cdb34bfa7d8ce09a55fbf650bc1ceb388e8f41916e5e3b5f6925561053f2302b8b6d1e7963515ea7e539e4f2d925fe0a2354952677d96cf9ae619c6a534a9e6de6e37d389619c59634dc2fee6fcd09d1ae23175131f77c37897e76c5cb98b05d94cff34af1ec9a171159bc2c9f97d3ba4979b3b0013defa09e5df412fcf05923c5c1a16df65dd7ed9bf6f4120f07d9e84c69be088bbb78f1e992a9f7a5da3ba138677e536c7f5cb0e3cfae7a01bd1bb7de2953cadcb591918ab332f876cd1ba12654a3164c4aaea6cb175ab6b5e7d584a60a751af6af8378340b085d150d9d9154ec0701b7954bff92824e40c306d34441a87447fa68073c85cfaee7b713e52020a1e1c3596e054c294d718e066b99e30a039acc1a6672aadbf639ca6e427a1b5a17562fdcad719491afd65286d456c195b636bdc50a8799abb537a1d8f4098335f642a6eb3ee17e9503a9ec27c37c95bd505adb26524712ce84b5f325b49f5d80077d425a67bbae787f3a98af6f5b7893f54bb66095dd50bef53729ade36b57f6504aec371647d23abf58e7c649b47d427f8d8bd2c1ee379b4928f8b4bf57edcfe0a99570fa32713a0693ce7fafdc9f60fd5a11cd5c66af0beefcdb77b795309fb98cbfac21e16c1b124e68f5c399cb2827b4c7d2e9cb0827b4374f33b305e5846d5f6935bda6219cd03e2c9d59b5119e2d64d757da4eafbc65b31969c924acfa83a8b99fd5a418f94225a1b176c08b7e570ba9241c9c622c390f2694d01a43d6d986f694bfe434914e427bba58f2cb139d8426eb4b4d161c27d249c8c2fe4143efe25e2ba184f6ee62c16d4a28a1b9f4b5ce6d8247082564da7ad664e37c284c29a17d189538174b29a1f1fb62bd8d6b4fa4949029eb776eefec38eb934a281b2ba1eb73cda4123261bf4672708b482ba11c3c025d3a75455a09478f08372e1189251c3c7f796d45871b955842c65b3ba197f28745534bc8f8e03ef5e2f3a3662497d0c8d16bb10553b33323b9844cfaa317f3a2b49a7e91594a32676d3dd18ddf3d8cead6d75c0cbf3060a4509a57af29bd844cbd7977a264b7b9641f5f54d03a0c99df6dd2633eb8884c4226aaa93748f3645bd7f136c93ffd2f9d844c66f5a7111e20949049913e0e443ae1755ebc6c1f47229df0da8c4b5fc8a796f0f66e68ebf4518c77d1b165041f1613ba79f97cd81cc8e3432735d1c7fd2467fb623b9d328f77ed85e9f985ddbf4e72915dda348893ef1fe1896ed362b03b94179f71b29fa6193046dcbe0cf5fd7b0352dcbe3870fdc3fd3bfa0000000000000000000000000000000000000000000000000000000000ffb9afa3c02de0071836ec0000000049454e44ae426082, 'download.png', 0),
(4, 'SAURABH', 'DILIP', 'DESHMUKH', 'FS18IF004', 'Open', '207, 2nd floor, c wing mahaveer nagri 1, khadakpada\r\n', '1998-12-12', '8600714013', 'sdeshmukh966@gmail.com', 'M', '2018-12-27 11:03:32', 'FS', 0, 0, 'HEMANGI', 'KOLTE', 700000, 1, 1, 2, 75, 0, 'DTE123', 'Open', '0', 'REGULAR', NULL, 0x89504e470d0a1a0a0000000d49484452000000e1000000e10803000000096d22480000006f504c5445c462a0ffffffc1589bcb74abc25b9dc35e9eecd1e2c05299dca9c8c1599bc0559afefbfdc35f9eeccee0f3e1ecf5e5eff7eaf2e4bbd4e9c8dcc86ca6fcf5f9e7c3d9d89bc1d38fb9cc78adf1dce9e2b5d1f0d8e7dfafcdd491bbc96ea7cf82b2bd4894d9a2c4d698bece7fb1d188b6b7d8c57d0000041449444154789ceddcdb9a9a301405e0101230218320074145cb0cefff8cd5e9b4041c30f464375dffe50c177b7d214701c60000000000000000000000000000000000000000000000000000000000000000fe342985525cbfe35c0929cdb34bfa7d8ce09a55fbf650bc1ceb388e8f41916e5e3b5f6925561053f2302b8b6d1e7963515ea7e539e4f2d925fe0a2354952677d96cf9ae619c6a534a9e6de6e37d389619c59634dc2fee6fcd09d1ae23175131f77c37897e76c5cb98b05d94cff34af1ec9a171159bc2c9f97d3ba4979b3b0013defa09e5df412fcf05923c5c1a16df65dd7ed9bf6f4120f07d9e84c69be088bbb78f1e992a9f7a5da3ba138677e536c7f5cb0e3cfae7a01bd1bb7de2953cadcb591918ab332f876cd1ba12654a3164c4aaea6cb175ab6b5e7d584a60a751af6af8378340b085d150d9d9154ec0701b7954bff92824e40c306d34441a87447fa68073c85cfaee7b713e52020a1e1c3596e054c294d718e066b99e30a039acc1a6672aadbf639ca6e427a1b5a17562fdcad719491afd65286d456c195b636bdc50a8799abb537a1d8f4098335f642a6eb3ee17e9503a9ec27c37c95bd505adb26524712ce84b5f325b49f5d80077d425a67bbae787f3a98af6f5b7893f54bb66095dd50bef53729ade36b57f6504aec371647d23abf58e7c649b47d427f8d8bd2c1ee379b4928f8b4bf57edcfe0a99570fa32713a0693ce7fafdc9f60fd5a11cd5c66af0beefcdb77b795309fb98cbfac21e16c1b124e68f5c399cb2827b4c7d2e9cb0827b4374f33b305e5846d5f6935bda6219cd03e2c9d59b5119e2d64d757da4eafbc65b31969c924acfa83a8b99fd5a418f94225a1b176c08b7e570ba9241c9c622c390f2694d01a43d6d986f694bfe434914e427bba58f2cb139d8426eb4b4d161c27d249c8c2fe4143efe25e2ba184f6ee62c16d4a28a1b9f4b5ce6d8247082564da7ad664e37c284c29a17d189538174b29a1f1fb62bd8d6b4fa4949029eb776eefec38eb934a281b2ba1eb73cda4123261bf4672708b482ba11c3c025d3a75455a09478f08372e1189251c3c7f796d45871b955842c65b3ba197f28745534bc8f8e03ef5e2f3a3662497d0c8d16bb10553b33323b9844cfaa317f3a2b49a7e91594a32676d3dd18ddf3d8cead6d75c0cbf3060a4509a57af29bd844cbd7977a264b7b9641f5f54d03a0c99df6dd2633eb8884c4226aaa93748f3645bd7f136c93ffd2f9d844c66f5a7111e20949049913e0e443ae1755ebc6c1f47229df0da8c4b5fc8a796f0f66e68ebf4518c77d1b165041f1613ba79f97cd81cc8e3432735d1c7fd2467fb623b9d328f77ed85e9f985ddbf4e72915dda348893ef1fe1896ed362b03b94179f71b29fa6193046dcbe0cf5fd7b0352dcbe3870fdc3fd3bfa0000000000000000000000000000000000000000000000000000000000ffb9afa3c02de0071836ec0000000049454e44ae426082, 'download.png', 0),
(5, 'VIVEK', 'DEVIDAS', 'CHAKANE', 'FS18IF005', 'Other Backward Class', 'Building no k2 room no 8 best staff quarters pantanagar ,ghatkopar ,Mumbai -400075\r\n', '2000-09-19', '8655330240', 'nikhilchakane19@gmail.com', 'M', '2018-12-27 11:06:44', 'FS', 0, 0, 'SAVITA', 'CHAKANE', 300000, 1, 1, 2, 81.2, 0, 'DTE123', 'Other Backward Class', 'Mali (182)', 'REGULAR', NULL, 0x89504e470d0a1a0a0000000d49484452000000e1000000e10803000000096d22480000006f504c5445c462a0ffffffc1589bcb74abc25b9dc35e9eecd1e2c05299dca9c8c1599bc0559afefbfdc35f9eeccee0f3e1ecf5e5eff7eaf2e4bbd4e9c8dcc86ca6fcf5f9e7c3d9d89bc1d38fb9cc78adf1dce9e2b5d1f0d8e7dfafcdd491bbc96ea7cf82b2bd4894d9a2c4d698bece7fb1d188b6b7d8c57d0000041449444154789ceddcdb9a9a301405e0101230218320074145cb0cefff8cd5e9b4041c30f464375dffe50c177b7d214701c60000000000000000000000000000000000000000000000000000000000000000fe342985525cbfe35c0929cdb34bfa7d8ce09a55fbf650bc1ceb388e8f41916e5e3b5f6925561053f2302b8b6d1e7963515ea7e539e4f2d925fe0a2354952677d96cf9ae619c6a534a9e6de6e37d389619c59634dc2fee6fcd09d1ae23175131f77c37897e76c5cb98b05d94cff34af1ec9a171159bc2c9f97d3ba4979b3b0013defa09e5df412fcf05923c5c1a16df65dd7ed9bf6f4120f07d9e84c69be088bbb78f1e992a9f7a5da3ba138677e536c7f5cb0e3cfae7a01bd1bb7de2953cadcb591918ab332f876cd1ba12654a3164c4aaea6cb175ab6b5e7d584a60a751af6af8378340b085d150d9d9154ec0701b7954bff92824e40c306d34441a87447fa68073c85cfaee7b713e52020a1e1c3596e054c294d718e066b99e30a039acc1a6672aadbf639ca6e427a1b5a17562fdcad719491afd65286d456c195b636bdc50a8799abb537a1d8f4098335f642a6eb3ee17e9503a9ec27c37c95bd505adb26524712ce84b5f325b49f5d80077d425a67bbae787f3a98af6f5b7893f54bb66095dd50bef53729ade36b57f6504aec371647d23abf58e7c649b47d427f8d8bd2c1ee379b4928f8b4bf57edcfe0a99570fa32713a0693ce7fafdc9f60fd5a11cd5c66af0beefcdb77b795309fb98cbfac21e16c1b124e68f5c399cb2827b4c7d2e9cb0827b4374f33b305e5846d5f6935bda6219cd03e2c9d59b5119e2d64d757da4eafbc65b31969c924acfa83a8b99fd5a418f94225a1b176c08b7e570ba9241c9c622c390f2694d01a43d6d986f694bfe434914e427bba58f2cb139d8426eb4b4d161c27d249c8c2fe4143efe25e2ba184f6ee62c16d4a28a1b9f4b5ce6d8247082564da7ad664e37c284c29a17d189538174b29a1f1fb62bd8d6b4fa4949029eb776eefec38eb934a281b2ba1eb73cda4123261bf4672708b482ba11c3c025d3a75455a09478f08372e1189251c3c7f796d45871b955842c65b3ba197f28745534bc8f8e03ef5e2f3a3662497d0c8d16bb10553b33323b9844cfaa317f3a2b49a7e91594a32676d3dd18ddf3d8cead6d75c0cbf3060a4509a57af29bd844cbd7977a264b7b9641f5f54d03a0c99df6dd2633eb8884c4226aaa93748f3645bd7f136c93ffd2f9d844c66f5a7111e20949049913e0e443ae1755ebc6c1f47229df0da8c4b5fc8a796f0f66e68ebf4518c77d1b165041f1613ba79f97cd81cc8e3432735d1c7fd2467fb623b9d328f77ed85e9f985ddbf4e72915dda348893ef1fe1896ed362b03b94179f71b29fa6193046dcbe0cf5fd7b0352dcbe3870fdc3fd3bfa0000000000000000000000000000000000000000000000000000000000ffb9afa3c02de0071836ec0000000049454e44ae426082, 'download.png', 0),
(6, 'PRASHANT', 'SHAHADEV', 'CHANNE', 'FS18IF006', 'Open', 'Room no. 1302, Blg no. 1/D, New mhada, Chunabhatti, Sion, Mumbai - 400022\r\n', '2000-12-06', '7715015317', 'prashantchanne121@gmail.com', 'M', '2018-12-27 11:11:04', 'FS', 0, 0, 'SANGITA', 'CHANNE', 95000, 1, 1, 2, 89.8, 0, 'DTE123', 'Open', '0', 'REGULAR', NULL, 0x89504e470d0a1a0a0000000d49484452000000e1000000e10803000000096d22480000006f504c5445c462a0ffffffc1589bcb74abc25b9dc35e9eecd1e2c05299dca9c8c1599bc0559afefbfdc35f9eeccee0f3e1ecf5e5eff7eaf2e4bbd4e9c8dcc86ca6fcf5f9e7c3d9d89bc1d38fb9cc78adf1dce9e2b5d1f0d8e7dfafcdd491bbc96ea7cf82b2bd4894d9a2c4d698bece7fb1d188b6b7d8c57d0000041449444154789ceddcdb9a9a301405e0101230218320074145cb0cefff8cd5e9b4041c30f464375dffe50c177b7d214701c60000000000000000000000000000000000000000000000000000000000000000fe342985525cbfe35c0929cdb34bfa7d8ce09a55fbf650bc1ceb388e8f41916e5e3b5f6925561053f2302b8b6d1e7963515ea7e539e4f2d925fe0a2354952677d96cf9ae619c6a534a9e6de6e37d389619c59634dc2fee6fcd09d1ae23175131f77c37897e76c5cb98b05d94cff34af1ec9a171159bc2c9f97d3ba4979b3b0013defa09e5df412fcf05923c5c1a16df65dd7ed9bf6f4120f07d9e84c69be088bbb78f1e992a9f7a5da3ba138677e536c7f5cb0e3cfae7a01bd1bb7de2953cadcb591918ab332f876cd1ba12654a3164c4aaea6cb175ab6b5e7d584a60a751af6af8378340b085d150d9d9154ec0701b7954bff92824e40c306d34441a87447fa68073c85cfaee7b713e52020a1e1c3596e054c294d718e066b99e30a039acc1a6672aadbf639ca6e427a1b5a17562fdcad719491afd65286d456c195b636bdc50a8799abb537a1d8f4098335f642a6eb3ee17e9503a9ec27c37c95bd505adb26524712ce84b5f325b49f5d80077d425a67bbae787f3a98af6f5b7893f54bb66095dd50bef53729ade36b57f6504aec371647d23abf58e7c649b47d427f8d8bd2c1ee379b4928f8b4bf57edcfe0a99570fa32713a0693ce7fafdc9f60fd5a11cd5c66af0beefcdb77b795309fb98cbfac21e16c1b124e68f5c399cb2827b4c7d2e9cb0827b4374f33b305e5846d5f6935bda6219cd03e2c9d59b5119e2d64d757da4eafbc65b31969c924acfa83a8b99fd5a418f94225a1b176c08b7e570ba9241c9c622c390f2694d01a43d6d986f694bfe434914e427bba58f2cb139d8426eb4b4d161c27d249c8c2fe4143efe25e2ba184f6ee62c16d4a28a1b9f4b5ce6d8247082564da7ad664e37c284c29a17d189538174b29a1f1fb62bd8d6b4fa4949029eb776eefec38eb934a281b2ba1eb73cda4123261bf4672708b482ba11c3c025d3a75455a09478f08372e1189251c3c7f796d45871b955842c65b3ba197f28745534bc8f8e03ef5e2f3a3662497d0c8d16bb10553b33323b9844cfaa317f3a2b49a7e91594a32676d3dd18ddf3d8cead6d75c0cbf3060a4509a57af29bd844cbd7977a264b7b9641f5f54d03a0c99df6dd2633eb8884c4226aaa93748f3645bd7f136c93ffd2f9d844c66f5a7111e20949049913e0e443ae1755ebc6c1f47229df0da8c4b5fc8a796f0f66e68ebf4518c77d1b165041f1613ba79f97cd81cc8e3432735d1c7fd2467fb623b9d328f77ed85e9f985ddbf4e72915dda348893ef1fe1896ed362b03b94179f71b29fa6193046dcbe0cf5fd7b0352dcbe3870fdc3fd3bfa0000000000000000000000000000000000000000000000000000000000ffb9afa3c02de0071836ec0000000049454e44ae426082, 'download.png', 0),
(7, 'HARSHAL', 'MANOHAR', 'PATIL', 'FS18IF007', 'Other Backward Class', 'Room no - 401,chawl no- 57 , Gurukrupa hos.society Shivai nagar Thane 400606. Near TMC school\r\n', '2001-01-10', '7710808255', 'patilharsh816@gmail.com', 'M', '2018-12-27 11:24:02', 'FS', 0, 0, 'SHILPA', 'PATIL', 150000, 1, 1, 2, 87.6, 0, 'DTE123', 'Other Backward Class', 'Agari (169)', 'REGULAR', NULL, 0x89504e470d0a1a0a0000000d49484452000000e1000000e10803000000096d22480000006f504c5445c462a0ffffffc1589bcb74abc25b9dc35e9eecd1e2c05299dca9c8c1599bc0559afefbfdc35f9eeccee0f3e1ecf5e5eff7eaf2e4bbd4e9c8dcc86ca6fcf5f9e7c3d9d89bc1d38fb9cc78adf1dce9e2b5d1f0d8e7dfafcdd491bbc96ea7cf82b2bd4894d9a2c4d698bece7fb1d188b6b7d8c57d0000041449444154789ceddcdb9a9a301405e0101230218320074145cb0cefff8cd5e9b4041c30f464375dffe50c177b7d214701c60000000000000000000000000000000000000000000000000000000000000000fe342985525cbfe35c0929cdb34bfa7d8ce09a55fbf650bc1ceb388e8f41916e5e3b5f6925561053f2302b8b6d1e7963515ea7e539e4f2d925fe0a2354952677d96cf9ae619c6a534a9e6de6e37d389619c59634dc2fee6fcd09d1ae23175131f77c37897e76c5cb98b05d94cff34af1ec9a171159bc2c9f97d3ba4979b3b0013defa09e5df412fcf05923c5c1a16df65dd7ed9bf6f4120f07d9e84c69be088bbb78f1e992a9f7a5da3ba138677e536c7f5cb0e3cfae7a01bd1bb7de2953cadcb591918ab332f876cd1ba12654a3164c4aaea6cb175ab6b5e7d584a60a751af6af8378340b085d150d9d9154ec0701b7954bff92824e40c306d34441a87447fa68073c85cfaee7b713e52020a1e1c3596e054c294d718e066b99e30a039acc1a6672aadbf639ca6e427a1b5a17562fdcad719491afd65286d456c195b636bdc50a8799abb537a1d8f4098335f642a6eb3ee17e9503a9ec27c37c95bd505adb26524712ce84b5f325b49f5d80077d425a67bbae787f3a98af6f5b7893f54bb66095dd50bef53729ade36b57f6504aec371647d23abf58e7c649b47d427f8d8bd2c1ee379b4928f8b4bf57edcfe0a99570fa32713a0693ce7fafdc9f60fd5a11cd5c66af0beefcdb77b795309fb98cbfac21e16c1b124e68f5c399cb2827b4c7d2e9cb0827b4374f33b305e5846d5f6935bda6219cd03e2c9d59b5119e2d64d757da4eafbc65b31969c924acfa83a8b99fd5a418f94225a1b176c08b7e570ba9241c9c622c390f2694d01a43d6d986f694bfe434914e427bba58f2cb139d8426eb4b4d161c27d249c8c2fe4143efe25e2ba184f6ee62c16d4a28a1b9f4b5ce6d8247082564da7ad664e37c284c29a17d189538174b29a1f1fb62bd8d6b4fa4949029eb776eefec38eb934a281b2ba1eb73cda4123261bf4672708b482ba11c3c025d3a75455a09478f08372e1189251c3c7f796d45871b955842c65b3ba197f28745534bc8f8e03ef5e2f3a3662497d0c8d16bb10553b33323b9844cfaa317f3a2b49a7e91594a32676d3dd18ddf3d8cead6d75c0cbf3060a4509a57af29bd844cbd7977a264b7b9641f5f54d03a0c99df6dd2633eb8884c4226aaa93748f3645bd7f136c93ffd2f9d844c66f5a7111e20949049913e0e443ae1755ebc6c1f47229df0da8c4b5fc8a796f0f66e68ebf4518c77d1b165041f1613ba79f97cd81cc8e3432735d1c7fd2467fb623b9d328f77ed85e9f985ddbf4e72915dda348893ef1fe1896ed362b03b94179f71b29fa6193046dcbe0cf5fd7b0352dcbe3870fdc3fd3bfa0000000000000000000000000000000000000000000000000000000000ffb9afa3c02de0071836ec0000000049454e44ae426082, 'download.png', 0),
(8, 'SHIVANI', 'SANTOSH', 'SHIRKE', 'FS18IF008', 'Open', 'Chandresh shraddha I/01, M.D.nagar nallasopara (E)\r\n', '2001-02-21', '7208580525', 'shivanishirke789@gmail.com', 'F', '2018-12-27 11:27:28', 'FS', 0, 0, 'SAMIKSHA', 'VICHARE', 300000, 1, 1, 2, 89.4, 0, 'DTE123', 'Open', '0', 'REGULAR', NULL, 0x89504e470d0a1a0a0000000d49484452000000e1000000e10803000000096d22480000006f504c5445c462a0ffffffc1589bcb74abc25b9dc35e9eecd1e2c05299dca9c8c1599bc0559afefbfdc35f9eeccee0f3e1ecf5e5eff7eaf2e4bbd4e9c8dcc86ca6fcf5f9e7c3d9d89bc1d38fb9cc78adf1dce9e2b5d1f0d8e7dfafcdd491bbc96ea7cf82b2bd4894d9a2c4d698bece7fb1d188b6b7d8c57d0000041449444154789ceddcdb9a9a301405e0101230218320074145cb0cefff8cd5e9b4041c30f464375dffe50c177b7d214701c60000000000000000000000000000000000000000000000000000000000000000fe342985525cbfe35c0929cdb34bfa7d8ce09a55fbf650bc1ceb388e8f41916e5e3b5f6925561053f2302b8b6d1e7963515ea7e539e4f2d925fe0a2354952677d96cf9ae619c6a534a9e6de6e37d389619c59634dc2fee6fcd09d1ae23175131f77c37897e76c5cb98b05d94cff34af1ec9a171159bc2c9f97d3ba4979b3b0013defa09e5df412fcf05923c5c1a16df65dd7ed9bf6f4120f07d9e84c69be088bbb78f1e992a9f7a5da3ba138677e536c7f5cb0e3cfae7a01bd1bb7de2953cadcb591918ab332f876cd1ba12654a3164c4aaea6cb175ab6b5e7d584a60a751af6af8378340b085d150d9d9154ec0701b7954bff92824e40c306d34441a87447fa68073c85cfaee7b713e52020a1e1c3596e054c294d718e066b99e30a039acc1a6672aadbf639ca6e427a1b5a17562fdcad719491afd65286d456c195b636bdc50a8799abb537a1d8f4098335f642a6eb3ee17e9503a9ec27c37c95bd505adb26524712ce84b5f325b49f5d80077d425a67bbae787f3a98af6f5b7893f54bb66095dd50bef53729ade36b57f6504aec371647d23abf58e7c649b47d427f8d8bd2c1ee379b4928f8b4bf57edcfe0a99570fa32713a0693ce7fafdc9f60fd5a11cd5c66af0beefcdb77b795309fb98cbfac21e16c1b124e68f5c399cb2827b4c7d2e9cb0827b4374f33b305e5846d5f6935bda6219cd03e2c9d59b5119e2d64d757da4eafbc65b31969c924acfa83a8b99fd5a418f94225a1b176c08b7e570ba9241c9c622c390f2694d01a43d6d986f694bfe434914e427bba58f2cb139d8426eb4b4d161c27d249c8c2fe4143efe25e2ba184f6ee62c16d4a28a1b9f4b5ce6d8247082564da7ad664e37c284c29a17d189538174b29a1f1fb62bd8d6b4fa4949029eb776eefec38eb934a281b2ba1eb73cda4123261bf4672708b482ba11c3c025d3a75455a09478f08372e1189251c3c7f796d45871b955842c65b3ba197f28745534bc8f8e03ef5e2f3a3662497d0c8d16bb10553b33323b9844cfaa317f3a2b49a7e91594a32676d3dd18ddf3d8cead6d75c0cbf3060a4509a57af29bd844cbd7977a264b7b9641f5f54d03a0c99df6dd2633eb8884c4226aaa93748f3645bd7f136c93ffd2f9d844c66f5a7111e20949049913e0e443ae1755ebc6c1f47229df0da8c4b5fc8a796f0f66e68ebf4518c77d1b165041f1613ba79f97cd81cc8e3432735d1c7fd2467fb623b9d328f77ed85e9f985ddbf4e72915dda348893ef1fe1896ed362b03b94179f71b29fa6193046dcbe0cf5fd7b0352dcbe3870fdc3fd3bfa0000000000000000000000000000000000000000000000000000000000ffb9afa3c02de0071836ec0000000049454e44ae426082, 'download.png', 0),
(9, 'PRIYA', 'SATISH ', 'BUSWALA', 'FS18IF009', 'Scheduled caste', ' Plot no109 kherwadai bandara east near ganesh temple \r\n', '2001-06-01', '9702349647', 'priyabuswala@gmail.com', 'F', '2018-12-27 11:32:06', 'FS', 0, 0, 'INDRA', 'BUSWALA', 130000, 1, 1, 2, 70, 0, 'DTE123', 'Scheduled caste', 'Khatik (31)', 'REGULAR', NULL, 0x89504e470d0a1a0a0000000d49484452000000e1000000e10803000000096d22480000006f504c5445c462a0ffffffc1589bcb74abc25b9dc35e9eecd1e2c05299dca9c8c1599bc0559afefbfdc35f9eeccee0f3e1ecf5e5eff7eaf2e4bbd4e9c8dcc86ca6fcf5f9e7c3d9d89bc1d38fb9cc78adf1dce9e2b5d1f0d8e7dfafcdd491bbc96ea7cf82b2bd4894d9a2c4d698bece7fb1d188b6b7d8c57d0000041449444154789ceddcdb9a9a301405e0101230218320074145cb0cefff8cd5e9b4041c30f464375dffe50c177b7d214701c60000000000000000000000000000000000000000000000000000000000000000fe342985525cbfe35c0929cdb34bfa7d8ce09a55fbf650bc1ceb388e8f41916e5e3b5f6925561053f2302b8b6d1e7963515ea7e539e4f2d925fe0a2354952677d96cf9ae619c6a534a9e6de6e37d389619c59634dc2fee6fcd09d1ae23175131f77c37897e76c5cb98b05d94cff34af1ec9a171159bc2c9f97d3ba4979b3b0013defa09e5df412fcf05923c5c1a16df65dd7ed9bf6f4120f07d9e84c69be088bbb78f1e992a9f7a5da3ba138677e536c7f5cb0e3cfae7a01bd1bb7de2953cadcb591918ab332f876cd1ba12654a3164c4aaea6cb175ab6b5e7d584a60a751af6af8378340b085d150d9d9154ec0701b7954bff92824e40c306d34441a87447fa68073c85cfaee7b713e52020a1e1c3596e054c294d718e066b99e30a039acc1a6672aadbf639ca6e427a1b5a17562fdcad719491afd65286d456c195b636bdc50a8799abb537a1d8f4098335f642a6eb3ee17e9503a9ec27c37c95bd505adb26524712ce84b5f325b49f5d80077d425a67bbae787f3a98af6f5b7893f54bb66095dd50bef53729ade36b57f6504aec371647d23abf58e7c649b47d427f8d8bd2c1ee379b4928f8b4bf57edcfe0a99570fa32713a0693ce7fafdc9f60fd5a11cd5c66af0beefcdb77b795309fb98cbfac21e16c1b124e68f5c399cb2827b4c7d2e9cb0827b4374f33b305e5846d5f6935bda6219cd03e2c9d59b5119e2d64d757da4eafbc65b31969c924acfa83a8b99fd5a418f94225a1b176c08b7e570ba9241c9c622c390f2694d01a43d6d986f694bfe434914e427bba58f2cb139d8426eb4b4d161c27d249c8c2fe4143efe25e2ba184f6ee62c16d4a28a1b9f4b5ce6d8247082564da7ad664e37c284c29a17d189538174b29a1f1fb62bd8d6b4fa4949029eb776eefec38eb934a281b2ba1eb73cda4123261bf4672708b482ba11c3c025d3a75455a09478f08372e1189251c3c7f796d45871b955842c65b3ba197f28745534bc8f8e03ef5e2f3a3662497d0c8d16bb10553b33323b9844cfaa317f3a2b49a7e91594a32676d3dd18ddf3d8cead6d75c0cbf3060a4509a57af29bd844cbd7977a264b7b9641f5f54d03a0c99df6dd2633eb8884c4226aaa93748f3645bd7f136c93ffd2f9d844c66f5a7111e20949049913e0e443ae1755ebc6c1f47229df0da8c4b5fc8a796f0f66e68ebf4518c77d1b165041f1613ba79f97cd81cc8e3432735d1c7fd2467fb623b9d328f77ed85e9f985ddbf4e72915dda348893ef1fe1896ed362b03b94179f71b29fa6193046dcbe0cf5fd7b0352dcbe3870fdc3fd3bfa0000000000000000000000000000000000000000000000000000000000ffb9afa3c02de0071836ec0000000049454e44ae426082, 'download.png', 0),
(10, 'SONAL', 'BALKRISHNA', 'BHOKARE', 'FS18IF010', 'Open', '3/17 Kailash society Anand gadh near Shankar mandir vikhroli parksite mumbai-400079\r\n', '2000-07-11', '8879342113', 'sonalbhokare000@gmail.com', 'F', '2018-12-27 11:53:23', 'FS', 0, 0, 'PRATIBHA', 'BHOKARE', 420000, 1, 1, 2, 84, 0, 'DTE123', 'Open', '0', 'REGULAR', NULL, 0x89504e470d0a1a0a0000000d49484452000000e1000000e10803000000096d22480000006f504c5445c462a0ffffffc1589bcb74abc25b9dc35e9eecd1e2c05299dca9c8c1599bc0559afefbfdc35f9eeccee0f3e1ecf5e5eff7eaf2e4bbd4e9c8dcc86ca6fcf5f9e7c3d9d89bc1d38fb9cc78adf1dce9e2b5d1f0d8e7dfafcdd491bbc96ea7cf82b2bd4894d9a2c4d698bece7fb1d188b6b7d8c57d0000041449444154789ceddcdb9a9a301405e0101230218320074145cb0cefff8cd5e9b4041c30f464375dffe50c177b7d214701c60000000000000000000000000000000000000000000000000000000000000000fe342985525cbfe35c0929cdb34bfa7d8ce09a55fbf650bc1ceb388e8f41916e5e3b5f6925561053f2302b8b6d1e7963515ea7e539e4f2d925fe0a2354952677d96cf9ae619c6a534a9e6de6e37d389619c59634dc2fee6fcd09d1ae23175131f77c37897e76c5cb98b05d94cff34af1ec9a171159bc2c9f97d3ba4979b3b0013defa09e5df412fcf05923c5c1a16df65dd7ed9bf6f4120f07d9e84c69be088bbb78f1e992a9f7a5da3ba138677e536c7f5cb0e3cfae7a01bd1bb7de2953cadcb591918ab332f876cd1ba12654a3164c4aaea6cb175ab6b5e7d584a60a751af6af8378340b085d150d9d9154ec0701b7954bff92824e40c306d34441a87447fa68073c85cfaee7b713e52020a1e1c3596e054c294d718e066b99e30a039acc1a6672aadbf639ca6e427a1b5a17562fdcad719491afd65286d456c195b636bdc50a8799abb537a1d8f4098335f642a6eb3ee17e9503a9ec27c37c95bd505adb26524712ce84b5f325b49f5d80077d425a67bbae787f3a98af6f5b7893f54bb66095dd50bef53729ade36b57f6504aec371647d23abf58e7c649b47d427f8d8bd2c1ee379b4928f8b4bf57edcfe0a99570fa32713a0693ce7fafdc9f60fd5a11cd5c66af0beefcdb77b795309fb98cbfac21e16c1b124e68f5c399cb2827b4c7d2e9cb0827b4374f33b305e5846d5f6935bda6219cd03e2c9d59b5119e2d64d757da4eafbc65b31969c924acfa83a8b99fd5a418f94225a1b176c08b7e570ba9241c9c622c390f2694d01a43d6d986f694bfe434914e427bba58f2cb139d8426eb4b4d161c27d249c8c2fe4143efe25e2ba184f6ee62c16d4a28a1b9f4b5ce6d8247082564da7ad664e37c284c29a17d189538174b29a1f1fb62bd8d6b4fa4949029eb776eefec38eb934a281b2ba1eb73cda4123261bf4672708b482ba11c3c025d3a75455a09478f08372e1189251c3c7f796d45871b955842c65b3ba197f28745534bc8f8e03ef5e2f3a3662497d0c8d16bb10553b33323b9844cfaa317f3a2b49a7e91594a32676d3dd18ddf3d8cead6d75c0cbf3060a4509a57af29bd844cbd7977a264b7b9641f5f54d03a0c99df6dd2633eb8884c4226aaa93748f3645bd7f136c93ffd2f9d844c66f5a7111e20949049913e0e443ae1755ebc6c1f47229df0da8c4b5fc8a796f0f66e68ebf4518c77d1b165041f1613ba79f97cd81cc8e3432735d1c7fd2467fb623b9d328f77ed85e9f985ddbf4e72915dda348893ef1fe1896ed362b03b94179f71b29fa6193046dcbe0cf5fd7b0352dcbe3870fdc3fd3bfa0000000000000000000000000000000000000000000000000000000000ffb9afa3c02de0071836ec0000000049454e44ae426082, 'download.png', 0),
(11, 'NISHANT', 'GANESH', 'PANDEY', 'FS18IF011', 'Open', 'C301 shripal tower, Nallasopara (west)\r\n', '2001-06-12', '8208126215', 'pandeynishant12345@gmail.com', 'M', '2018-12-27 11:57:09', 'FS', 0, 0, 'RADHA', 'PANDEY', 100000, 1, 1, 2, 87.6, 0, 'DTE123', 'Open', '0', 'REGULAR', NULL, 0x89504e470d0a1a0a0000000d49484452000000e1000000e10803000000096d22480000006f504c5445c462a0ffffffc1589bcb74abc25b9dc35e9eecd1e2c05299dca9c8c1599bc0559afefbfdc35f9eeccee0f3e1ecf5e5eff7eaf2e4bbd4e9c8dcc86ca6fcf5f9e7c3d9d89bc1d38fb9cc78adf1dce9e2b5d1f0d8e7dfafcdd491bbc96ea7cf82b2bd4894d9a2c4d698bece7fb1d188b6b7d8c57d0000041449444154789ceddcdb9a9a301405e0101230218320074145cb0cefff8cd5e9b4041c30f464375dffe50c177b7d214701c60000000000000000000000000000000000000000000000000000000000000000fe342985525cbfe35c0929cdb34bfa7d8ce09a55fbf650bc1ceb388e8f41916e5e3b5f6925561053f2302b8b6d1e7963515ea7e539e4f2d925fe0a2354952677d96cf9ae619c6a534a9e6de6e37d389619c59634dc2fee6fcd09d1ae23175131f77c37897e76c5cb98b05d94cff34af1ec9a171159bc2c9f97d3ba4979b3b0013defa09e5df412fcf05923c5c1a16df65dd7ed9bf6f4120f07d9e84c69be088bbb78f1e992a9f7a5da3ba138677e536c7f5cb0e3cfae7a01bd1bb7de2953cadcb591918ab332f876cd1ba12654a3164c4aaea6cb175ab6b5e7d584a60a751af6af8378340b085d150d9d9154ec0701b7954bff92824e40c306d34441a87447fa68073c85cfaee7b713e52020a1e1c3596e054c294d718e066b99e30a039acc1a6672aadbf639ca6e427a1b5a17562fdcad719491afd65286d456c195b636bdc50a8799abb537a1d8f4098335f642a6eb3ee17e9503a9ec27c37c95bd505adb26524712ce84b5f325b49f5d80077d425a67bbae787f3a98af6f5b7893f54bb66095dd50bef53729ade36b57f6504aec371647d23abf58e7c649b47d427f8d8bd2c1ee379b4928f8b4bf57edcfe0a99570fa32713a0693ce7fafdc9f60fd5a11cd5c66af0beefcdb77b795309fb98cbfac21e16c1b124e68f5c399cb2827b4c7d2e9cb0827b4374f33b305e5846d5f6935bda6219cd03e2c9d59b5119e2d64d757da4eafbc65b31969c924acfa83a8b99fd5a418f94225a1b176c08b7e570ba9241c9c622c390f2694d01a43d6d986f694bfe434914e427bba58f2cb139d8426eb4b4d161c27d249c8c2fe4143efe25e2ba184f6ee62c16d4a28a1b9f4b5ce6d8247082564da7ad664e37c284c29a17d189538174b29a1f1fb62bd8d6b4fa4949029eb776eefec38eb934a281b2ba1eb73cda4123261bf4672708b482ba11c3c025d3a75455a09478f08372e1189251c3c7f796d45871b955842c65b3ba197f28745534bc8f8e03ef5e2f3a3662497d0c8d16bb10553b33323b9844cfaa317f3a2b49a7e91594a32676d3dd18ddf3d8cead6d75c0cbf3060a4509a57af29bd844cbd7977a264b7b9641f5f54d03a0c99df6dd2633eb8884c4226aaa93748f3645bd7f136c93ffd2f9d844c66f5a7111e20949049913e0e443ae1755ebc6c1f47229df0da8c4b5fc8a796f0f66e68ebf4518c77d1b165041f1613ba79f97cd81cc8e3432735d1c7fd2467fb623b9d328f77ed85e9f985ddbf4e72915dda348893ef1fe1896ed362b03b94179f71b29fa6193046dcbe0cf5fd7b0352dcbe3870fdc3fd3bfa0000000000000000000000000000000000000000000000000000000000ffb9afa3c02de0071836ec0000000049454e44ae426082, 'download.png', 0),
(12, 'KUNAL', 'BHARAT', 'AROTE', 'FS18IF012', 'Other Backward Class', 'Brahmanwada,tal.-Akole,dist.-Ahmednager\r\n', '2000-06-21', '9527723640', 'kunalarote1919@gmail.com', 'M', '2018-12-27 12:00:39', 'FS', 1, 0, 'SHOBHA', 'AROTE', 35000, 1, 1, 2, 89.8, 0, 'DTE123', 'Other Backward Class', 'Kunbi (83)', 'REGULAR', NULL, 0x89504e470d0a1a0a0000000d49484452000000e1000000e10803000000096d22480000006f504c5445c462a0ffffffc1589bcb74abc25b9dc35e9eecd1e2c05299dca9c8c1599bc0559afefbfdc35f9eeccee0f3e1ecf5e5eff7eaf2e4bbd4e9c8dcc86ca6fcf5f9e7c3d9d89bc1d38fb9cc78adf1dce9e2b5d1f0d8e7dfafcdd491bbc96ea7cf82b2bd4894d9a2c4d698bece7fb1d188b6b7d8c57d0000041449444154789ceddcdb9a9a301405e0101230218320074145cb0cefff8cd5e9b4041c30f464375dffe50c177b7d214701c60000000000000000000000000000000000000000000000000000000000000000fe342985525cbfe35c0929cdb34bfa7d8ce09a55fbf650bc1ceb388e8f41916e5e3b5f6925561053f2302b8b6d1e7963515ea7e539e4f2d925fe0a2354952677d96cf9ae619c6a534a9e6de6e37d389619c59634dc2fee6fcd09d1ae23175131f77c37897e76c5cb98b05d94cff34af1ec9a171159bc2c9f97d3ba4979b3b0013defa09e5df412fcf05923c5c1a16df65dd7ed9bf6f4120f07d9e84c69be088bbb78f1e992a9f7a5da3ba138677e536c7f5cb0e3cfae7a01bd1bb7de2953cadcb591918ab332f876cd1ba12654a3164c4aaea6cb175ab6b5e7d584a60a751af6af8378340b085d150d9d9154ec0701b7954bff92824e40c306d34441a87447fa68073c85cfaee7b713e52020a1e1c3596e054c294d718e066b99e30a039acc1a6672aadbf639ca6e427a1b5a17562fdcad719491afd65286d456c195b636bdc50a8799abb537a1d8f4098335f642a6eb3ee17e9503a9ec27c37c95bd505adb26524712ce84b5f325b49f5d80077d425a67bbae787f3a98af6f5b7893f54bb66095dd50bef53729ade36b57f6504aec371647d23abf58e7c649b47d427f8d8bd2c1ee379b4928f8b4bf57edcfe0a99570fa32713a0693ce7fafdc9f60fd5a11cd5c66af0beefcdb77b795309fb98cbfac21e16c1b124e68f5c399cb2827b4c7d2e9cb0827b4374f33b305e5846d5f6935bda6219cd03e2c9d59b5119e2d64d757da4eafbc65b31969c924acfa83a8b99fd5a418f94225a1b176c08b7e570ba9241c9c622c390f2694d01a43d6d986f694bfe434914e427bba58f2cb139d8426eb4b4d161c27d249c8c2fe4143efe25e2ba184f6ee62c16d4a28a1b9f4b5ce6d8247082564da7ad664e37c284c29a17d189538174b29a1f1fb62bd8d6b4fa4949029eb776eefec38eb934a281b2ba1eb73cda4123261bf4672708b482ba11c3c025d3a75455a09478f08372e1189251c3c7f796d45871b955842c65b3ba197f28745534bc8f8e03ef5e2f3a3662497d0c8d16bb10553b33323b9844cfaa317f3a2b49a7e91594a32676d3dd18ddf3d8cead6d75c0cbf3060a4509a57af29bd844cbd7977a264b7b9641f5f54d03a0c99df6dd2633eb8884c4226aaa93748f3645bd7f136c93ffd2f9d844c66f5a7111e20949049913e0e443ae1755ebc6c1f47229df0da8c4b5fc8a796f0f66e68ebf4518c77d1b165041f1613ba79f97cd81cc8e3432735d1c7fd2467fb623b9d328f77ed85e9f985ddbf4e72915dda348893ef1fe1896ed362b03b94179f71b29fa6193046dcbe0cf5fd7b0352dcbe3870fdc3fd3bfa0000000000000000000000000000000000000000000000000000000000ffb9afa3c02de0071836ec0000000049454e44ae426082, 'download.png', 0),
(13, 'ABHAY', 'BHAU', 'CHAUDHARI ', 'FW18IF001', 'Other Backward Class', 'at ambetembhe,T-murbad ,D-Thane\r\n', '2000-01-20', '8007614716', 'abhaychaudhari555@gmail.com', 'M', '2018-12-27 12:03:49', 'FS', 1, 1, 'BHARTI', 'CHAUDHARI ', 60000, 1, 1, 2, 94.4, 0, 'DTE123', 'Other Backward Class', 'Kunbi (83)', 'REGULAR', NULL, 0x89504e470d0a1a0a0000000d49484452000000e1000000e10803000000096d22480000006f504c5445c462a0ffffffc1589bcb74abc25b9dc35e9eecd1e2c05299dca9c8c1599bc0559afefbfdc35f9eeccee0f3e1ecf5e5eff7eaf2e4bbd4e9c8dcc86ca6fcf5f9e7c3d9d89bc1d38fb9cc78adf1dce9e2b5d1f0d8e7dfafcdd491bbc96ea7cf82b2bd4894d9a2c4d698bece7fb1d188b6b7d8c57d0000041449444154789ceddcdb9a9a301405e0101230218320074145cb0cefff8cd5e9b4041c30f464375dffe50c177b7d214701c60000000000000000000000000000000000000000000000000000000000000000fe342985525cbfe35c0929cdb34bfa7d8ce09a55fbf650bc1ceb388e8f41916e5e3b5f6925561053f2302b8b6d1e7963515ea7e539e4f2d925fe0a2354952677d96cf9ae619c6a534a9e6de6e37d389619c59634dc2fee6fcd09d1ae23175131f77c37897e76c5cb98b05d94cff34af1ec9a171159bc2c9f97d3ba4979b3b0013defa09e5df412fcf05923c5c1a16df65dd7ed9bf6f4120f07d9e84c69be088bbb78f1e992a9f7a5da3ba138677e536c7f5cb0e3cfae7a01bd1bb7de2953cadcb591918ab332f876cd1ba12654a3164c4aaea6cb175ab6b5e7d584a60a751af6af8378340b085d150d9d9154ec0701b7954bff92824e40c306d34441a87447fa68073c85cfaee7b713e52020a1e1c3596e054c294d718e066b99e30a039acc1a6672aadbf639ca6e427a1b5a17562fdcad719491afd65286d456c195b636bdc50a8799abb537a1d8f4098335f642a6eb3ee17e9503a9ec27c37c95bd505adb26524712ce84b5f325b49f5d80077d425a67bbae787f3a98af6f5b7893f54bb66095dd50bef53729ade36b57f6504aec371647d23abf58e7c649b47d427f8d8bd2c1ee379b4928f8b4bf57edcfe0a99570fa32713a0693ce7fafdc9f60fd5a11cd5c66af0beefcdb77b795309fb98cbfac21e16c1b124e68f5c399cb2827b4c7d2e9cb0827b4374f33b305e5846d5f6935bda6219cd03e2c9d59b5119e2d64d757da4eafbc65b31969c924acfa83a8b99fd5a418f94225a1b176c08b7e570ba9241c9c622c390f2694d01a43d6d986f694bfe434914e427bba58f2cb139d8426eb4b4d161c27d249c8c2fe4143efe25e2ba184f6ee62c16d4a28a1b9f4b5ce6d8247082564da7ad664e37c284c29a17d189538174b29a1f1fb62bd8d6b4fa4949029eb776eefec38eb934a281b2ba1eb73cda4123261bf4672708b482ba11c3c025d3a75455a09478f08372e1189251c3c7f796d45871b955842c65b3ba197f28745534bc8f8e03ef5e2f3a3662497d0c8d16bb10553b33323b9844cfaa317f3a2b49a7e91594a32676d3dd18ddf3d8cead6d75c0cbf3060a4509a57af29bd844cbd7977a264b7b9641f5f54d03a0c99df6dd2633eb8884c4226aaa93748f3645bd7f136c93ffd2f9d844c66f5a7111e20949049913e0e443ae1755ebc6c1f47229df0da8c4b5fc8a796f0f66e68ebf4518c77d1b165041f1613ba79f97cd81cc8e3432735d1c7fd2467fb623b9d328f77ed85e9f985ddbf4e72915dda348893ef1fe1896ed362b03b94179f71b29fa6193046dcbe0cf5fd7b0352dcbe3870fdc3fd3bfa0000000000000000000000000000000000000000000000000000000000ffb9afa3c02de0071836ec0000000049454e44ae426082, 'download.png', 0),
(14, 'TANMAY', 'NANDKUMAR', 'MARYAPGOL', 'FS18IF013', 'Scheduled caste', 'Bled-A/1003 , Pariwar CHSL. , Nehru Nagar , Nr. Kanjurmarg Police Stn. , PG Godbole Marg , Kanurmarg', '2001-04-10', '7021381260', 'tanmay.maryapgol@gmail.com', 'M', '2018-12-27 12:07:35', 'FS', 0, 0, 'AARTI', 'MARYAPGOL', 245000, 1, 1, 2, 93.2, 0, 'DTE123', 'Scheduled caste', 'Mahar (37)', 'REGULAR', NULL, 0x89504e470d0a1a0a0000000d49484452000000e1000000e10803000000096d22480000006f504c5445c462a0ffffffc1589bcb74abc25b9dc35e9eecd1e2c05299dca9c8c1599bc0559afefbfdc35f9eeccee0f3e1ecf5e5eff7eaf2e4bbd4e9c8dcc86ca6fcf5f9e7c3d9d89bc1d38fb9cc78adf1dce9e2b5d1f0d8e7dfafcdd491bbc96ea7cf82b2bd4894d9a2c4d698bece7fb1d188b6b7d8c57d0000041449444154789ceddcdb9a9a301405e0101230218320074145cb0cefff8cd5e9b4041c30f464375dffe50c177b7d214701c60000000000000000000000000000000000000000000000000000000000000000fe342985525cbfe35c0929cdb34bfa7d8ce09a55fbf650bc1ceb388e8f41916e5e3b5f6925561053f2302b8b6d1e7963515ea7e539e4f2d925fe0a2354952677d96cf9ae619c6a534a9e6de6e37d389619c59634dc2fee6fcd09d1ae23175131f77c37897e76c5cb98b05d94cff34af1ec9a171159bc2c9f97d3ba4979b3b0013defa09e5df412fcf05923c5c1a16df65dd7ed9bf6f4120f07d9e84c69be088bbb78f1e992a9f7a5da3ba138677e536c7f5cb0e3cfae7a01bd1bb7de2953cadcb591918ab332f876cd1ba12654a3164c4aaea6cb175ab6b5e7d584a60a751af6af8378340b085d150d9d9154ec0701b7954bff92824e40c306d34441a87447fa68073c85cfaee7b713e52020a1e1c3596e054c294d718e066b99e30a039acc1a6672aadbf639ca6e427a1b5a17562fdcad719491afd65286d456c195b636bdc50a8799abb537a1d8f4098335f642a6eb3ee17e9503a9ec27c37c95bd505adb26524712ce84b5f325b49f5d80077d425a67bbae787f3a98af6f5b7893f54bb66095dd50bef53729ade36b57f6504aec371647d23abf58e7c649b47d427f8d8bd2c1ee379b4928f8b4bf57edcfe0a99570fa32713a0693ce7fafdc9f60fd5a11cd5c66af0beefcdb77b795309fb98cbfac21e16c1b124e68f5c399cb2827b4c7d2e9cb0827b4374f33b305e5846d5f6935bda6219cd03e2c9d59b5119e2d64d757da4eafbc65b31969c924acfa83a8b99fd5a418f94225a1b176c08b7e570ba9241c9c622c390f2694d01a43d6d986f694bfe434914e427bba58f2cb139d8426eb4b4d161c27d249c8c2fe4143efe25e2ba184f6ee62c16d4a28a1b9f4b5ce6d8247082564da7ad664e37c284c29a17d189538174b29a1f1fb62bd8d6b4fa4949029eb776eefec38eb934a281b2ba1eb73cda4123261bf4672708b482ba11c3c025d3a75455a09478f08372e1189251c3c7f796d45871b955842c65b3ba197f28745534bc8f8e03ef5e2f3a3662497d0c8d16bb10553b33323b9844cfaa317f3a2b49a7e91594a32676d3dd18ddf3d8cead6d75c0cbf3060a4509a57af29bd844cbd7977a264b7b9641f5f54d03a0c99df6dd2633eb8884c4226aaa93748f3645bd7f136c93ffd2f9d844c66f5a7111e20949049913e0e443ae1755ebc6c1f47229df0da8c4b5fc8a796f0f66e68ebf4518c77d1b165041f1613ba79f97cd81cc8e3432735d1c7fd2467fb623b9d328f77ed85e9f985ddbf4e72915dda348893ef1fe1896ed362b03b94179f71b29fa6193046dcbe0cf5fd7b0352dcbe3870fdc3fd3bfa0000000000000000000000000000000000000000000000000000000000ffb9afa3c02de0071836ec0000000049454e44ae426082, 'download.png', 0),
(15, 'NIKHIL', 'MININATH', 'KHATALE', 'FS18IF014', 'Other Backward Class', '49, Kherwadi, A.Y.Jung Marg, Bandra (East), Mumbai\r\n', '2001-01-31', '7977299353', 'khatalenikhil87455@gmail.com', 'M', '2018-12-27 12:10:48', 'FS', 1, 0, 'MANISHA', 'KHATALE', 30000, 1, 1, 2, 85.2, 0, 'DTE123', 'Other Backward Class', 'Nabhik (108)', 'REGULAR', NULL, 0x89504e470d0a1a0a0000000d49484452000000e1000000e10803000000096d22480000006f504c5445c462a0ffffffc1589bcb74abc25b9dc35e9eecd1e2c05299dca9c8c1599bc0559afefbfdc35f9eeccee0f3e1ecf5e5eff7eaf2e4bbd4e9c8dcc86ca6fcf5f9e7c3d9d89bc1d38fb9cc78adf1dce9e2b5d1f0d8e7dfafcdd491bbc96ea7cf82b2bd4894d9a2c4d698bece7fb1d188b6b7d8c57d0000041449444154789ceddcdb9a9a301405e0101230218320074145cb0cefff8cd5e9b4041c30f464375dffe50c177b7d214701c60000000000000000000000000000000000000000000000000000000000000000fe342985525cbfe35c0929cdb34bfa7d8ce09a55fbf650bc1ceb388e8f41916e5e3b5f6925561053f2302b8b6d1e7963515ea7e539e4f2d925fe0a2354952677d96cf9ae619c6a534a9e6de6e37d389619c59634dc2fee6fcd09d1ae23175131f77c37897e76c5cb98b05d94cff34af1ec9a171159bc2c9f97d3ba4979b3b0013defa09e5df412fcf05923c5c1a16df65dd7ed9bf6f4120f07d9e84c69be088bbb78f1e992a9f7a5da3ba138677e536c7f5cb0e3cfae7a01bd1bb7de2953cadcb591918ab332f876cd1ba12654a3164c4aaea6cb175ab6b5e7d584a60a751af6af8378340b085d150d9d9154ec0701b7954bff92824e40c306d34441a87447fa68073c85cfaee7b713e52020a1e1c3596e054c294d718e066b99e30a039acc1a6672aadbf639ca6e427a1b5a17562fdcad719491afd65286d456c195b636bdc50a8799abb537a1d8f4098335f642a6eb3ee17e9503a9ec27c37c95bd505adb26524712ce84b5f325b49f5d80077d425a67bbae787f3a98af6f5b7893f54bb66095dd50bef53729ade36b57f6504aec371647d23abf58e7c649b47d427f8d8bd2c1ee379b4928f8b4bf57edcfe0a99570fa32713a0693ce7fafdc9f60fd5a11cd5c66af0beefcdb77b795309fb98cbfac21e16c1b124e68f5c399cb2827b4c7d2e9cb0827b4374f33b305e5846d5f6935bda6219cd03e2c9d59b5119e2d64d757da4eafbc65b31969c924acfa83a8b99fd5a418f94225a1b176c08b7e570ba9241c9c622c390f2694d01a43d6d986f694bfe434914e427bba58f2cb139d8426eb4b4d161c27d249c8c2fe4143efe25e2ba184f6ee62c16d4a28a1b9f4b5ce6d8247082564da7ad664e37c284c29a17d189538174b29a1f1fb62bd8d6b4fa4949029eb776eefec38eb934a281b2ba1eb73cda4123261bf4672708b482ba11c3c025d3a75455a09478f08372e1189251c3c7f796d45871b955842c65b3ba197f28745534bc8f8e03ef5e2f3a3662497d0c8d16bb10553b33323b9844cfaa317f3a2b49a7e91594a32676d3dd18ddf3d8cead6d75c0cbf3060a4509a57af29bd844cbd7977a264b7b9641f5f54d03a0c99df6dd2633eb8884c4226aaa93748f3645bd7f136c93ffd2f9d844c66f5a7111e20949049913e0e443ae1755ebc6c1f47229df0da8c4b5fc8a796f0f66e68ebf4518c77d1b165041f1613ba79f97cd81cc8e3432735d1c7fd2467fb623b9d328f77ed85e9f985ddbf4e72915dda348893ef1fe1896ed362b03b94179f71b29fa6193046dcbe0cf5fd7b0352dcbe3870fdc3fd3bfa0000000000000000000000000000000000000000000000000000000000ffb9afa3c02de0071836ec0000000049454e44ae426082, 'download.png', 0),
(16, 'SANIYA', 'SUDHAKAR ', 'PENDURKAR ', 'FS18IF015', 'Scheduled caste', 'B/106,om jivdani Darshan, Gandhi chowk, Phool pada rd,virar(east)\r\n', '2000-08-13', '7028527840', 'saniyapendurkar7840@gmail.com', 'F', '2018-12-27 12:12:53', 'FS', 0, 0, 'SIDDHI', 'PENDURKAR ', 80000, 1, 1, 2, 77.4, 0, 'DTE123', 'Scheduled caste', 'Chambhar (11)', 'REGULAR', NULL, 0x89504e470d0a1a0a0000000d49484452000000e1000000e10803000000096d22480000006f504c5445c462a0ffffffc1589bcb74abc25b9dc35e9eecd1e2c05299dca9c8c1599bc0559afefbfdc35f9eeccee0f3e1ecf5e5eff7eaf2e4bbd4e9c8dcc86ca6fcf5f9e7c3d9d89bc1d38fb9cc78adf1dce9e2b5d1f0d8e7dfafcdd491bbc96ea7cf82b2bd4894d9a2c4d698bece7fb1d188b6b7d8c57d0000041449444154789ceddcdb9a9a301405e0101230218320074145cb0cefff8cd5e9b4041c30f464375dffe50c177b7d214701c60000000000000000000000000000000000000000000000000000000000000000fe342985525cbfe35c0929cdb34bfa7d8ce09a55fbf650bc1ceb388e8f41916e5e3b5f6925561053f2302b8b6d1e7963515ea7e539e4f2d925fe0a2354952677d96cf9ae619c6a534a9e6de6e37d389619c59634dc2fee6fcd09d1ae23175131f77c37897e76c5cb98b05d94cff34af1ec9a171159bc2c9f97d3ba4979b3b0013defa09e5df412fcf05923c5c1a16df65dd7ed9bf6f4120f07d9e84c69be088bbb78f1e992a9f7a5da3ba138677e536c7f5cb0e3cfae7a01bd1bb7de2953cadcb591918ab332f876cd1ba12654a3164c4aaea6cb175ab6b5e7d584a60a751af6af8378340b085d150d9d9154ec0701b7954bff92824e40c306d34441a87447fa68073c85cfaee7b713e52020a1e1c3596e054c294d718e066b99e30a039acc1a6672aadbf639ca6e427a1b5a17562fdcad719491afd65286d456c195b636bdc50a8799abb537a1d8f4098335f642a6eb3ee17e9503a9ec27c37c95bd505adb26524712ce84b5f325b49f5d80077d425a67bbae787f3a98af6f5b7893f54bb66095dd50bef53729ade36b57f6504aec371647d23abf58e7c649b47d427f8d8bd2c1ee379b4928f8b4bf57edcfe0a99570fa32713a0693ce7fafdc9f60fd5a11cd5c66af0beefcdb77b795309fb98cbfac21e16c1b124e68f5c399cb2827b4c7d2e9cb0827b4374f33b305e5846d5f6935bda6219cd03e2c9d59b5119e2d64d757da4eafbc65b31969c924acfa83a8b99fd5a418f94225a1b176c08b7e570ba9241c9c622c390f2694d01a43d6d986f694bfe434914e427bba58f2cb139d8426eb4b4d161c27d249c8c2fe4143efe25e2ba184f6ee62c16d4a28a1b9f4b5ce6d8247082564da7ad664e37c284c29a17d189538174b29a1f1fb62bd8d6b4fa4949029eb776eefec38eb934a281b2ba1eb73cda4123261bf4672708b482ba11c3c025d3a75455a09478f08372e1189251c3c7f796d45871b955842c65b3ba197f28745534bc8f8e03ef5e2f3a3662497d0c8d16bb10553b33323b9844cfaa317f3a2b49a7e91594a32676d3dd18ddf3d8cead6d75c0cbf3060a4509a57af29bd844cbd7977a264b7b9641f5f54d03a0c99df6dd2633eb8884c4226aaa93748f3645bd7f136c93ffd2f9d844c66f5a7111e20949049913e0e443ae1755ebc6c1f47229df0da8c4b5fc8a796f0f66e68ebf4518c77d1b165041f1613ba79f97cd81cc8e3432735d1c7fd2467fb623b9d328f77ed85e9f985ddbf4e72915dda348893ef1fe1896ed362b03b94179f71b29fa6193046dcbe0cf5fd7b0352dcbe3870fdc3fd3bfa0000000000000000000000000000000000000000000000000000000000ffb9afa3c02de0071836ec0000000049454e44ae426082, 'download.png', 0),
(17, 'RAHUL', 'SANJAY', 'CHOUGULE', 'FS18IF016', 'Open', 'Santoshnagar, Goregaon(east)\r\n', '2000-06-24', '8291635918', 'rschougule99@gmail.com', 'M', '2018-12-27 12:15:59', 'FS', 0, 0, 'ANUSAYA', 'CHOUGULE', 70000, 1, 1, 2, 92.8, 0, 'DTE123', 'Open', '0', 'REGULAR', NULL, 0x89504e470d0a1a0a0000000d49484452000000e1000000e10803000000096d22480000006f504c5445c462a0ffffffc1589bcb74abc25b9dc35e9eecd1e2c05299dca9c8c1599bc0559afefbfdc35f9eeccee0f3e1ecf5e5eff7eaf2e4bbd4e9c8dcc86ca6fcf5f9e7c3d9d89bc1d38fb9cc78adf1dce9e2b5d1f0d8e7dfafcdd491bbc96ea7cf82b2bd4894d9a2c4d698bece7fb1d188b6b7d8c57d0000041449444154789ceddcdb9a9a301405e0101230218320074145cb0cefff8cd5e9b4041c30f464375dffe50c177b7d214701c60000000000000000000000000000000000000000000000000000000000000000fe342985525cbfe35c0929cdb34bfa7d8ce09a55fbf650bc1ceb388e8f41916e5e3b5f6925561053f2302b8b6d1e7963515ea7e539e4f2d925fe0a2354952677d96cf9ae619c6a534a9e6de6e37d389619c59634dc2fee6fcd09d1ae23175131f77c37897e76c5cb98b05d94cff34af1ec9a171159bc2c9f97d3ba4979b3b0013defa09e5df412fcf05923c5c1a16df65dd7ed9bf6f4120f07d9e84c69be088bbb78f1e992a9f7a5da3ba138677e536c7f5cb0e3cfae7a01bd1bb7de2953cadcb591918ab332f876cd1ba12654a3164c4aaea6cb175ab6b5e7d584a60a751af6af8378340b085d150d9d9154ec0701b7954bff92824e40c306d34441a87447fa68073c85cfaee7b713e52020a1e1c3596e054c294d718e066b99e30a039acc1a6672aadbf639ca6e427a1b5a17562fdcad719491afd65286d456c195b636bdc50a8799abb537a1d8f4098335f642a6eb3ee17e9503a9ec27c37c95bd505adb26524712ce84b5f325b49f5d80077d425a67bbae787f3a98af6f5b7893f54bb66095dd50bef53729ade36b57f6504aec371647d23abf58e7c649b47d427f8d8bd2c1ee379b4928f8b4bf57edcfe0a99570fa32713a0693ce7fafdc9f60fd5a11cd5c66af0beefcdb77b795309fb98cbfac21e16c1b124e68f5c399cb2827b4c7d2e9cb0827b4374f33b305e5846d5f6935bda6219cd03e2c9d59b5119e2d64d757da4eafbc65b31969c924acfa83a8b99fd5a418f94225a1b176c08b7e570ba9241c9c622c390f2694d01a43d6d986f694bfe434914e427bba58f2cb139d8426eb4b4d161c27d249c8c2fe4143efe25e2ba184f6ee62c16d4a28a1b9f4b5ce6d8247082564da7ad664e37c284c29a17d189538174b29a1f1fb62bd8d6b4fa4949029eb776eefec38eb934a281b2ba1eb73cda4123261bf4672708b482ba11c3c025d3a75455a09478f08372e1189251c3c7f796d45871b955842c65b3ba197f28745534bc8f8e03ef5e2f3a3662497d0c8d16bb10553b33323b9844cfaa317f3a2b49a7e91594a32676d3dd18ddf3d8cead6d75c0cbf3060a4509a57af29bd844cbd7977a264b7b9641f5f54d03a0c99df6dd2633eb8884c4226aaa93748f3645bd7f136c93ffd2f9d844c66f5a7111e20949049913e0e443ae1755ebc6c1f47229df0da8c4b5fc8a796f0f66e68ebf4518c77d1b165041f1613ba79f97cd81cc8e3432735d1c7fd2467fb623b9d328f77ed85e9f985ddbf4e72915dda348893ef1fe1896ed362b03b94179f71b29fa6193046dcbe0cf5fd7b0352dcbe3870fdc3fd3bfa0000000000000000000000000000000000000000000000000000000000ffb9afa3c02de0071836ec0000000049454e44ae426082, 'download.png', 0);
INSERT INTO `students` (`student_id`, `student_fname`, `student_mname`, `student_lname`, `student_enrollmentno`, `student_caste`, `student_address`, `student_bdate`, `student_phno`, `student_email`, `student_gender`, `student_dateofadmission`, `student_shift`, `student_hostel`, `student_tfws`, `student_mothers_fname`, `student_mothers_lname`, `student_income`, `student_dept_id`, `student_scheme_id`, `student_sem`, `student_10th_percent`, `student_12th_percent`, `student_dte_enrollment_no`, `student_caste_category_id`, `student_sub_caste_id`, `student_type`, `student_payment_type`, `student_image`, `student_image_name`, `student_is_directsecondyear`) VALUES
(18, 'VAIBHAV', 'MANOHAR', 'KHANDEKAR', 'FS18IF017', 'Nomadic Tribes-2( NT', 'Malad West\r\n', '2001-04-18', '7715901702', 'vaibhavkhandekar1801@gmail.com', 'M', '2018-12-27 12:17:43', 'FS', 0, 0, 'SANGITA', 'KHANDEKAR', 586000, 1, 1, 2, 77.2, 0, 'DTE123', 'Nomadic Tribes-2( NT-C)', 'Dhangar', 'REGULAR', NULL, 0x89504e470d0a1a0a0000000d49484452000000e1000000e10803000000096d22480000006f504c5445c462a0ffffffc1589bcb74abc25b9dc35e9eecd1e2c05299dca9c8c1599bc0559afefbfdc35f9eeccee0f3e1ecf5e5eff7eaf2e4bbd4e9c8dcc86ca6fcf5f9e7c3d9d89bc1d38fb9cc78adf1dce9e2b5d1f0d8e7dfafcdd491bbc96ea7cf82b2bd4894d9a2c4d698bece7fb1d188b6b7d8c57d0000041449444154789ceddcdb9a9a301405e0101230218320074145cb0cefff8cd5e9b4041c30f464375dffe50c177b7d214701c60000000000000000000000000000000000000000000000000000000000000000fe342985525cbfe35c0929cdb34bfa7d8ce09a55fbf650bc1ceb388e8f41916e5e3b5f6925561053f2302b8b6d1e7963515ea7e539e4f2d925fe0a2354952677d96cf9ae619c6a534a9e6de6e37d389619c59634dc2fee6fcd09d1ae23175131f77c37897e76c5cb98b05d94cff34af1ec9a171159bc2c9f97d3ba4979b3b0013defa09e5df412fcf05923c5c1a16df65dd7ed9bf6f4120f07d9e84c69be088bbb78f1e992a9f7a5da3ba138677e536c7f5cb0e3cfae7a01bd1bb7de2953cadcb591918ab332f876cd1ba12654a3164c4aaea6cb175ab6b5e7d584a60a751af6af8378340b085d150d9d9154ec0701b7954bff92824e40c306d34441a87447fa68073c85cfaee7b713e52020a1e1c3596e054c294d718e066b99e30a039acc1a6672aadbf639ca6e427a1b5a17562fdcad719491afd65286d456c195b636bdc50a8799abb537a1d8f4098335f642a6eb3ee17e9503a9ec27c37c95bd505adb26524712ce84b5f325b49f5d80077d425a67bbae787f3a98af6f5b7893f54bb66095dd50bef53729ade36b57f6504aec371647d23abf58e7c649b47d427f8d8bd2c1ee379b4928f8b4bf57edcfe0a99570fa32713a0693ce7fafdc9f60fd5a11cd5c66af0beefcdb77b795309fb98cbfac21e16c1b124e68f5c399cb2827b4c7d2e9cb0827b4374f33b305e5846d5f6935bda6219cd03e2c9d59b5119e2d64d757da4eafbc65b31969c924acfa83a8b99fd5a418f94225a1b176c08b7e570ba9241c9c622c390f2694d01a43d6d986f694bfe434914e427bba58f2cb139d8426eb4b4d161c27d249c8c2fe4143efe25e2ba184f6ee62c16d4a28a1b9f4b5ce6d8247082564da7ad664e37c284c29a17d189538174b29a1f1fb62bd8d6b4fa4949029eb776eefec38eb934a281b2ba1eb73cda4123261bf4672708b482ba11c3c025d3a75455a09478f08372e1189251c3c7f796d45871b955842c65b3ba197f28745534bc8f8e03ef5e2f3a3662497d0c8d16bb10553b33323b9844cfaa317f3a2b49a7e91594a32676d3dd18ddf3d8cead6d75c0cbf3060a4509a57af29bd844cbd7977a264b7b9641f5f54d03a0c99df6dd2633eb8884c4226aaa93748f3645bd7f136c93ffd2f9d844c66f5a7111e20949049913e0e443ae1755ebc6c1f47229df0da8c4b5fc8a796f0f66e68ebf4518c77d1b165041f1613ba79f97cd81cc8e3432735d1c7fd2467fb623b9d328f77ed85e9f985ddbf4e72915dda348893ef1fe1896ed362b03b94179f71b29fa6193046dcbe0cf5fd7b0352dcbe3870fdc3fd3bfa0000000000000000000000000000000000000000000000000000000000ffb9afa3c02de0071836ec0000000049454e44ae426082, 'download.png', 0),
(19, 'MINAKSHI', 'AVINASH', 'MANE', 'FS18IF018', 'Scheduled caste', 'Pruthviraj colony,chawl no 4/3, khadegolively, vitthalwadi (e.)\r\n', '2000-09-02', '8692971267', 'minakshimane1234@gmail.com', 'F', '2018-12-27 12:20:04', 'FS', 0, 0, 'NEETA', 'MANE', 50000, 1, 1, 2, 88.6, 0, 'DTE123', 'Scheduled caste', 'Ager (1)', 'REGULAR', NULL, 0x89504e470d0a1a0a0000000d49484452000000e1000000e10803000000096d22480000006f504c5445c462a0ffffffc1589bcb74abc25b9dc35e9eecd1e2c05299dca9c8c1599bc0559afefbfdc35f9eeccee0f3e1ecf5e5eff7eaf2e4bbd4e9c8dcc86ca6fcf5f9e7c3d9d89bc1d38fb9cc78adf1dce9e2b5d1f0d8e7dfafcdd491bbc96ea7cf82b2bd4894d9a2c4d698bece7fb1d188b6b7d8c57d0000041449444154789ceddcdb9a9a301405e0101230218320074145cb0cefff8cd5e9b4041c30f464375dffe50c177b7d214701c60000000000000000000000000000000000000000000000000000000000000000fe342985525cbfe35c0929cdb34bfa7d8ce09a55fbf650bc1ceb388e8f41916e5e3b5f6925561053f2302b8b6d1e7963515ea7e539e4f2d925fe0a2354952677d96cf9ae619c6a534a9e6de6e37d389619c59634dc2fee6fcd09d1ae23175131f77c37897e76c5cb98b05d94cff34af1ec9a171159bc2c9f97d3ba4979b3b0013defa09e5df412fcf05923c5c1a16df65dd7ed9bf6f4120f07d9e84c69be088bbb78f1e992a9f7a5da3ba138677e536c7f5cb0e3cfae7a01bd1bb7de2953cadcb591918ab332f876cd1ba12654a3164c4aaea6cb175ab6b5e7d584a60a751af6af8378340b085d150d9d9154ec0701b7954bff92824e40c306d34441a87447fa68073c85cfaee7b713e52020a1e1c3596e054c294d718e066b99e30a039acc1a6672aadbf639ca6e427a1b5a17562fdcad719491afd65286d456c195b636bdc50a8799abb537a1d8f4098335f642a6eb3ee17e9503a9ec27c37c95bd505adb26524712ce84b5f325b49f5d80077d425a67bbae787f3a98af6f5b7893f54bb66095dd50bef53729ade36b57f6504aec371647d23abf58e7c649b47d427f8d8bd2c1ee379b4928f8b4bf57edcfe0a99570fa32713a0693ce7fafdc9f60fd5a11cd5c66af0beefcdb77b795309fb98cbfac21e16c1b124e68f5c399cb2827b4c7d2e9cb0827b4374f33b305e5846d5f6935bda6219cd03e2c9d59b5119e2d64d757da4eafbc65b31969c924acfa83a8b99fd5a418f94225a1b176c08b7e570ba9241c9c622c390f2694d01a43d6d986f694bfe434914e427bba58f2cb139d8426eb4b4d161c27d249c8c2fe4143efe25e2ba184f6ee62c16d4a28a1b9f4b5ce6d8247082564da7ad664e37c284c29a17d189538174b29a1f1fb62bd8d6b4fa4949029eb776eefec38eb934a281b2ba1eb73cda4123261bf4672708b482ba11c3c025d3a75455a09478f08372e1189251c3c7f796d45871b955842c65b3ba197f28745534bc8f8e03ef5e2f3a3662497d0c8d16bb10553b33323b9844cfaa317f3a2b49a7e91594a32676d3dd18ddf3d8cead6d75c0cbf3060a4509a57af29bd844cbd7977a264b7b9641f5f54d03a0c99df6dd2633eb8884c4226aaa93748f3645bd7f136c93ffd2f9d844c66f5a7111e20949049913e0e443ae1755ebc6c1f47229df0da8c4b5fc8a796f0f66e68ebf4518c77d1b165041f1613ba79f97cd81cc8e3432735d1c7fd2467fb623b9d328f77ed85e9f985ddbf4e72915dda348893ef1fe1896ed362b03b94179f71b29fa6193046dcbe0cf5fd7b0352dcbe3870fdc3fd3bfa0000000000000000000000000000000000000000000000000000000000ffb9afa3c02de0071836ec0000000049454e44ae426082, 'download.png', 0),
(20, 'SUPRIYA', 'ANIL', 'SHELAR', 'FS18IF019', 'Open', 'Shivshakti chwal,demello compound,vakola,santacruz(East),Mumbai-55\r\n', '2000-09-14', '8652297840', 'shelarsupriya75@gmail.com', 'F', '2018-12-27 12:21:37', 'FS', 0, 0, 'SAVITA', 'SHELAR', 450000, 1, 1, 2, 89.4, 0, 'DTE123', 'Open', '0', 'REGULAR', NULL, 0x89504e470d0a1a0a0000000d49484452000000e1000000e10803000000096d22480000006f504c5445c462a0ffffffc1589bcb74abc25b9dc35e9eecd1e2c05299dca9c8c1599bc0559afefbfdc35f9eeccee0f3e1ecf5e5eff7eaf2e4bbd4e9c8dcc86ca6fcf5f9e7c3d9d89bc1d38fb9cc78adf1dce9e2b5d1f0d8e7dfafcdd491bbc96ea7cf82b2bd4894d9a2c4d698bece7fb1d188b6b7d8c57d0000041449444154789ceddcdb9a9a301405e0101230218320074145cb0cefff8cd5e9b4041c30f464375dffe50c177b7d214701c60000000000000000000000000000000000000000000000000000000000000000fe342985525cbfe35c0929cdb34bfa7d8ce09a55fbf650bc1ceb388e8f41916e5e3b5f6925561053f2302b8b6d1e7963515ea7e539e4f2d925fe0a2354952677d96cf9ae619c6a534a9e6de6e37d389619c59634dc2fee6fcd09d1ae23175131f77c37897e76c5cb98b05d94cff34af1ec9a171159bc2c9f97d3ba4979b3b0013defa09e5df412fcf05923c5c1a16df65dd7ed9bf6f4120f07d9e84c69be088bbb78f1e992a9f7a5da3ba138677e536c7f5cb0e3cfae7a01bd1bb7de2953cadcb591918ab332f876cd1ba12654a3164c4aaea6cb175ab6b5e7d584a60a751af6af8378340b085d150d9d9154ec0701b7954bff92824e40c306d34441a87447fa68073c85cfaee7b713e52020a1e1c3596e054c294d718e066b99e30a039acc1a6672aadbf639ca6e427a1b5a17562fdcad719491afd65286d456c195b636bdc50a8799abb537a1d8f4098335f642a6eb3ee17e9503a9ec27c37c95bd505adb26524712ce84b5f325b49f5d80077d425a67bbae787f3a98af6f5b7893f54bb66095dd50bef53729ade36b57f6504aec371647d23abf58e7c649b47d427f8d8bd2c1ee379b4928f8b4bf57edcfe0a99570fa32713a0693ce7fafdc9f60fd5a11cd5c66af0beefcdb77b795309fb98cbfac21e16c1b124e68f5c399cb2827b4c7d2e9cb0827b4374f33b305e5846d5f6935bda6219cd03e2c9d59b5119e2d64d757da4eafbc65b31969c924acfa83a8b99fd5a418f94225a1b176c08b7e570ba9241c9c622c390f2694d01a43d6d986f694bfe434914e427bba58f2cb139d8426eb4b4d161c27d249c8c2fe4143efe25e2ba184f6ee62c16d4a28a1b9f4b5ce6d8247082564da7ad664e37c284c29a17d189538174b29a1f1fb62bd8d6b4fa4949029eb776eefec38eb934a281b2ba1eb73cda4123261bf4672708b482ba11c3c025d3a75455a09478f08372e1189251c3c7f796d45871b955842c65b3ba197f28745534bc8f8e03ef5e2f3a3662497d0c8d16bb10553b33323b9844cfaa317f3a2b49a7e91594a32676d3dd18ddf3d8cead6d75c0cbf3060a4509a57af29bd844cbd7977a264b7b9641f5f54d03a0c99df6dd2633eb8884c4226aaa93748f3645bd7f136c93ffd2f9d844c66f5a7111e20949049913e0e443ae1755ebc6c1f47229df0da8c4b5fc8a796f0f66e68ebf4518c77d1b165041f1613ba79f97cd81cc8e3432735d1c7fd2467fb623b9d328f77ed85e9f985ddbf4e72915dda348893ef1fe1896ed362b03b94179f71b29fa6193046dcbe0cf5fd7b0352dcbe3870fdc3fd3bfa0000000000000000000000000000000000000000000000000000000000ffb9afa3c02de0071836ec0000000049454e44ae426082, 'download.png', 0),
(21, 'PRADNYA', 'SHRIKRISHNA', 'PEDNEKAR', 'FS18IF020', 'Open', 'R. N. 3,shankar driver chawl no. 8, Pratap  nagar road, bhandup west,mumbai -400078\r\n', '1999-08-09', '7208596075', 'pednekarp82@gmail.com', 'F', '2018-12-27 12:23:20', 'FS', 0, 0, 'SHRADDHA', 'PEDNEKAR', 220000, 1, 1, 2, 89.6, 0, 'DTE123', 'Open', '0', 'REGULAR', NULL, 0x89504e470d0a1a0a0000000d49484452000000e1000000e10803000000096d22480000006f504c5445c462a0ffffffc1589bcb74abc25b9dc35e9eecd1e2c05299dca9c8c1599bc0559afefbfdc35f9eeccee0f3e1ecf5e5eff7eaf2e4bbd4e9c8dcc86ca6fcf5f9e7c3d9d89bc1d38fb9cc78adf1dce9e2b5d1f0d8e7dfafcdd491bbc96ea7cf82b2bd4894d9a2c4d698bece7fb1d188b6b7d8c57d0000041449444154789ceddcdb9a9a301405e0101230218320074145cb0cefff8cd5e9b4041c30f464375dffe50c177b7d214701c60000000000000000000000000000000000000000000000000000000000000000fe342985525cbfe35c0929cdb34bfa7d8ce09a55fbf650bc1ceb388e8f41916e5e3b5f6925561053f2302b8b6d1e7963515ea7e539e4f2d925fe0a2354952677d96cf9ae619c6a534a9e6de6e37d389619c59634dc2fee6fcd09d1ae23175131f77c37897e76c5cb98b05d94cff34af1ec9a171159bc2c9f97d3ba4979b3b0013defa09e5df412fcf05923c5c1a16df65dd7ed9bf6f4120f07d9e84c69be088bbb78f1e992a9f7a5da3ba138677e536c7f5cb0e3cfae7a01bd1bb7de2953cadcb591918ab332f876cd1ba12654a3164c4aaea6cb175ab6b5e7d584a60a751af6af8378340b085d150d9d9154ec0701b7954bff92824e40c306d34441a87447fa68073c85cfaee7b713e52020a1e1c3596e054c294d718e066b99e30a039acc1a6672aadbf639ca6e427a1b5a17562fdcad719491afd65286d456c195b636bdc50a8799abb537a1d8f4098335f642a6eb3ee17e9503a9ec27c37c95bd505adb26524712ce84b5f325b49f5d80077d425a67bbae787f3a98af6f5b7893f54bb66095dd50bef53729ade36b57f6504aec371647d23abf58e7c649b47d427f8d8bd2c1ee379b4928f8b4bf57edcfe0a99570fa32713a0693ce7fafdc9f60fd5a11cd5c66af0beefcdb77b795309fb98cbfac21e16c1b124e68f5c399cb2827b4c7d2e9cb0827b4374f33b305e5846d5f6935bda6219cd03e2c9d59b5119e2d64d757da4eafbc65b31969c924acfa83a8b99fd5a418f94225a1b176c08b7e570ba9241c9c622c390f2694d01a43d6d986f694bfe434914e427bba58f2cb139d8426eb4b4d161c27d249c8c2fe4143efe25e2ba184f6ee62c16d4a28a1b9f4b5ce6d8247082564da7ad664e37c284c29a17d189538174b29a1f1fb62bd8d6b4fa4949029eb776eefec38eb934a281b2ba1eb73cda4123261bf4672708b482ba11c3c025d3a75455a09478f08372e1189251c3c7f796d45871b955842c65b3ba197f28745534bc8f8e03ef5e2f3a3662497d0c8d16bb10553b33323b9844cfaa317f3a2b49a7e91594a32676d3dd18ddf3d8cead6d75c0cbf3060a4509a57af29bd844cbd7977a264b7b9641f5f54d03a0c99df6dd2633eb8884c4226aaa93748f3645bd7f136c93ffd2f9d844c66f5a7111e20949049913e0e443ae1755ebc6c1f47229df0da8c4b5fc8a796f0f66e68ebf4518c77d1b165041f1613ba79f97cd81cc8e3432735d1c7fd2467fb623b9d328f77ed85e9f985ddbf4e72915dda348893ef1fe1896ed362b03b94179f71b29fa6193046dcbe0cf5fd7b0352dcbe3870fdc3fd3bfa0000000000000000000000000000000000000000000000000000000000ffb9afa3c02de0071836ec0000000049454e44ae426082, 'download.png', 0),
(22, 'RINKU ', 'VIJAY ', 'BERDE ', 'FS18IF021', 'Other Backward Class', 'Hhanuman Mandir, Vadar pada, triveni chwal, Kandivali (E) \r\n', '2000-09-07', '7400109868', 'rinkuberde@gmail.com', 'F', '2018-12-27 12:27:57', 'FS', 0, 0, 'VISHAKHA ', 'BERDE ', 43000, 1, 1, 2, 87.2, 0, 'DTE123', 'Other Backward Class', 'Kunbi (83)', 'REGULAR', NULL, 0x89504e470d0a1a0a0000000d49484452000000e1000000e10803000000096d22480000006f504c5445c462a0ffffffc1589bcb74abc25b9dc35e9eecd1e2c05299dca9c8c1599bc0559afefbfdc35f9eeccee0f3e1ecf5e5eff7eaf2e4bbd4e9c8dcc86ca6fcf5f9e7c3d9d89bc1d38fb9cc78adf1dce9e2b5d1f0d8e7dfafcdd491bbc96ea7cf82b2bd4894d9a2c4d698bece7fb1d188b6b7d8c57d0000041449444154789ceddcdb9a9a301405e0101230218320074145cb0cefff8cd5e9b4041c30f464375dffe50c177b7d214701c60000000000000000000000000000000000000000000000000000000000000000fe342985525cbfe35c0929cdb34bfa7d8ce09a55fbf650bc1ceb388e8f41916e5e3b5f6925561053f2302b8b6d1e7963515ea7e539e4f2d925fe0a2354952677d96cf9ae619c6a534a9e6de6e37d389619c59634dc2fee6fcd09d1ae23175131f77c37897e76c5cb98b05d94cff34af1ec9a171159bc2c9f97d3ba4979b3b0013defa09e5df412fcf05923c5c1a16df65dd7ed9bf6f4120f07d9e84c69be088bbb78f1e992a9f7a5da3ba138677e536c7f5cb0e3cfae7a01bd1bb7de2953cadcb591918ab332f876cd1ba12654a3164c4aaea6cb175ab6b5e7d584a60a751af6af8378340b085d150d9d9154ec0701b7954bff92824e40c306d34441a87447fa68073c85cfaee7b713e52020a1e1c3596e054c294d718e066b99e30a039acc1a6672aadbf639ca6e427a1b5a17562fdcad719491afd65286d456c195b636bdc50a8799abb537a1d8f4098335f642a6eb3ee17e9503a9ec27c37c95bd505adb26524712ce84b5f325b49f5d80077d425a67bbae787f3a98af6f5b7893f54bb66095dd50bef53729ade36b57f6504aec371647d23abf58e7c649b47d427f8d8bd2c1ee379b4928f8b4bf57edcfe0a99570fa32713a0693ce7fafdc9f60fd5a11cd5c66af0beefcdb77b795309fb98cbfac21e16c1b124e68f5c399cb2827b4c7d2e9cb0827b4374f33b305e5846d5f6935bda6219cd03e2c9d59b5119e2d64d757da4eafbc65b31969c924acfa83a8b99fd5a418f94225a1b176c08b7e570ba9241c9c622c390f2694d01a43d6d986f694bfe434914e427bba58f2cb139d8426eb4b4d161c27d249c8c2fe4143efe25e2ba184f6ee62c16d4a28a1b9f4b5ce6d8247082564da7ad664e37c284c29a17d189538174b29a1f1fb62bd8d6b4fa4949029eb776eefec38eb934a281b2ba1eb73cda4123261bf4672708b482ba11c3c025d3a75455a09478f08372e1189251c3c7f796d45871b955842c65b3ba197f28745534bc8f8e03ef5e2f3a3662497d0c8d16bb10553b33323b9844cfaa317f3a2b49a7e91594a32676d3dd18ddf3d8cead6d75c0cbf3060a4509a57af29bd844cbd7977a264b7b9641f5f54d03a0c99df6dd2633eb8884c4226aaa93748f3645bd7f136c93ffd2f9d844c66f5a7111e20949049913e0e443ae1755ebc6c1f47229df0da8c4b5fc8a796f0f66e68ebf4518c77d1b165041f1613ba79f97cd81cc8e3432735d1c7fd2467fb623b9d328f77ed85e9f985ddbf4e72915dda348893ef1fe1896ed362b03b94179f71b29fa6193046dcbe0cf5fd7b0352dcbe3870fdc3fd3bfa0000000000000000000000000000000000000000000000000000000000ffb9afa3c02de0071836ec0000000049454e44ae426082, 'download.png', 0),
(23, 'TRUPTI', 'SUNIL', 'INGAVALE', 'FS18IF022', 'Open', 'F/703, Kamgar Panchganga CHS, Pushpa Park, Malad(e),mumbai-400097\r\n', '2000-07-10', '8291640192', 'truptiingavale404@gmail.com', 'F', '2018-12-27 12:30:30', 'FS', 0, 0, 'SUPRIYA', 'INGAVALE', 99000, 1, 1, 2, 86.2, 0, 'DTE123', 'Open', '0', 'REGULAR', NULL, 0x89504e470d0a1a0a0000000d49484452000000e1000000e10803000000096d22480000006f504c5445c462a0ffffffc1589bcb74abc25b9dc35e9eecd1e2c05299dca9c8c1599bc0559afefbfdc35f9eeccee0f3e1ecf5e5eff7eaf2e4bbd4e9c8dcc86ca6fcf5f9e7c3d9d89bc1d38fb9cc78adf1dce9e2b5d1f0d8e7dfafcdd491bbc96ea7cf82b2bd4894d9a2c4d698bece7fb1d188b6b7d8c57d0000041449444154789ceddcdb9a9a301405e0101230218320074145cb0cefff8cd5e9b4041c30f464375dffe50c177b7d214701c60000000000000000000000000000000000000000000000000000000000000000fe342985525cbfe35c0929cdb34bfa7d8ce09a55fbf650bc1ceb388e8f41916e5e3b5f6925561053f2302b8b6d1e7963515ea7e539e4f2d925fe0a2354952677d96cf9ae619c6a534a9e6de6e37d389619c59634dc2fee6fcd09d1ae23175131f77c37897e76c5cb98b05d94cff34af1ec9a171159bc2c9f97d3ba4979b3b0013defa09e5df412fcf05923c5c1a16df65dd7ed9bf6f4120f07d9e84c69be088bbb78f1e992a9f7a5da3ba138677e536c7f5cb0e3cfae7a01bd1bb7de2953cadcb591918ab332f876cd1ba12654a3164c4aaea6cb175ab6b5e7d584a60a751af6af8378340b085d150d9d9154ec0701b7954bff92824e40c306d34441a87447fa68073c85cfaee7b713e52020a1e1c3596e054c294d718e066b99e30a039acc1a6672aadbf639ca6e427a1b5a17562fdcad719491afd65286d456c195b636bdc50a8799abb537a1d8f4098335f642a6eb3ee17e9503a9ec27c37c95bd505adb26524712ce84b5f325b49f5d80077d425a67bbae787f3a98af6f5b7893f54bb66095dd50bef53729ade36b57f6504aec371647d23abf58e7c649b47d427f8d8bd2c1ee379b4928f8b4bf57edcfe0a99570fa32713a0693ce7fafdc9f60fd5a11cd5c66af0beefcdb77b795309fb98cbfac21e16c1b124e68f5c399cb2827b4c7d2e9cb0827b4374f33b305e5846d5f6935bda6219cd03e2c9d59b5119e2d64d757da4eafbc65b31969c924acfa83a8b99fd5a418f94225a1b176c08b7e570ba9241c9c622c390f2694d01a43d6d986f694bfe434914e427bba58f2cb139d8426eb4b4d161c27d249c8c2fe4143efe25e2ba184f6ee62c16d4a28a1b9f4b5ce6d8247082564da7ad664e37c284c29a17d189538174b29a1f1fb62bd8d6b4fa4949029eb776eefec38eb934a281b2ba1eb73cda4123261bf4672708b482ba11c3c025d3a75455a09478f08372e1189251c3c7f796d45871b955842c65b3ba197f28745534bc8f8e03ef5e2f3a3662497d0c8d16bb10553b33323b9844cfaa317f3a2b49a7e91594a32676d3dd18ddf3d8cead6d75c0cbf3060a4509a57af29bd844cbd7977a264b7b9641f5f54d03a0c99df6dd2633eb8884c4226aaa93748f3645bd7f136c93ffd2f9d844c66f5a7111e20949049913e0e443ae1755ebc6c1f47229df0da8c4b5fc8a796f0f66e68ebf4518c77d1b165041f1613ba79f97cd81cc8e3432735d1c7fd2467fb623b9d328f77ed85e9f985ddbf4e72915dda348893ef1fe1896ed362b03b94179f71b29fa6193046dcbe0cf5fd7b0352dcbe3870fdc3fd3bfa0000000000000000000000000000000000000000000000000000000000ffb9afa3c02de0071836ec0000000049454e44ae426082, 'download.png', 0),
(24, 'SHUBHANGI', 'VIJAY', 'KAMBLE', 'FS18IF023', 'Scheduled caste', '10, Baburao karande Chawl Dharavi road Kala Killa Mumbai no.17\r\n', '2000-07-26', '9702920668', 'shubhangikamble2606@gmail.com', 'F', '2018-12-27 12:34:09', 'FS', 0, 0, 'SUJATA', 'KAMBLE', 96000, 1, 1, 2, 77.8, 0, 'DTE123', 'Scheduled caste', 'Chambhar (11)', 'REGULAR', NULL, 0x89504e470d0a1a0a0000000d49484452000000e1000000e10803000000096d22480000006f504c5445c462a0ffffffc1589bcb74abc25b9dc35e9eecd1e2c05299dca9c8c1599bc0559afefbfdc35f9eeccee0f3e1ecf5e5eff7eaf2e4bbd4e9c8dcc86ca6fcf5f9e7c3d9d89bc1d38fb9cc78adf1dce9e2b5d1f0d8e7dfafcdd491bbc96ea7cf82b2bd4894d9a2c4d698bece7fb1d188b6b7d8c57d0000041449444154789ceddcdb9a9a301405e0101230218320074145cb0cefff8cd5e9b4041c30f464375dffe50c177b7d214701c60000000000000000000000000000000000000000000000000000000000000000fe342985525cbfe35c0929cdb34bfa7d8ce09a55fbf650bc1ceb388e8f41916e5e3b5f6925561053f2302b8b6d1e7963515ea7e539e4f2d925fe0a2354952677d96cf9ae619c6a534a9e6de6e37d389619c59634dc2fee6fcd09d1ae23175131f77c37897e76c5cb98b05d94cff34af1ec9a171159bc2c9f97d3ba4979b3b0013defa09e5df412fcf05923c5c1a16df65dd7ed9bf6f4120f07d9e84c69be088bbb78f1e992a9f7a5da3ba138677e536c7f5cb0e3cfae7a01bd1bb7de2953cadcb591918ab332f876cd1ba12654a3164c4aaea6cb175ab6b5e7d584a60a751af6af8378340b085d150d9d9154ec0701b7954bff92824e40c306d34441a87447fa68073c85cfaee7b713e52020a1e1c3596e054c294d718e066b99e30a039acc1a6672aadbf639ca6e427a1b5a17562fdcad719491afd65286d456c195b636bdc50a8799abb537a1d8f4098335f642a6eb3ee17e9503a9ec27c37c95bd505adb26524712ce84b5f325b49f5d80077d425a67bbae787f3a98af6f5b7893f54bb66095dd50bef53729ade36b57f6504aec371647d23abf58e7c649b47d427f8d8bd2c1ee379b4928f8b4bf57edcfe0a99570fa32713a0693ce7fafdc9f60fd5a11cd5c66af0beefcdb77b795309fb98cbfac21e16c1b124e68f5c399cb2827b4c7d2e9cb0827b4374f33b305e5846d5f6935bda6219cd03e2c9d59b5119e2d64d757da4eafbc65b31969c924acfa83a8b99fd5a418f94225a1b176c08b7e570ba9241c9c622c390f2694d01a43d6d986f694bfe434914e427bba58f2cb139d8426eb4b4d161c27d249c8c2fe4143efe25e2ba184f6ee62c16d4a28a1b9f4b5ce6d8247082564da7ad664e37c284c29a17d189538174b29a1f1fb62bd8d6b4fa4949029eb776eefec38eb934a281b2ba1eb73cda4123261bf4672708b482ba11c3c025d3a75455a09478f08372e1189251c3c7f796d45871b955842c65b3ba197f28745534bc8f8e03ef5e2f3a3662497d0c8d16bb10553b33323b9844cfaa317f3a2b49a7e91594a32676d3dd18ddf3d8cead6d75c0cbf3060a4509a57af29bd844cbd7977a264b7b9641f5f54d03a0c99df6dd2633eb8884c4226aaa93748f3645bd7f136c93ffd2f9d844c66f5a7111e20949049913e0e443ae1755ebc6c1f47229df0da8c4b5fc8a796f0f66e68ebf4518c77d1b165041f1613ba79f97cd81cc8e3432735d1c7fd2467fb623b9d328f77ed85e9f985ddbf4e72915dda348893ef1fe1896ed362b03b94179f71b29fa6193046dcbe0cf5fd7b0352dcbe3870fdc3fd3bfa0000000000000000000000000000000000000000000000000000000000ffb9afa3c02de0071836ec0000000049454e44ae426082, 'download.png', 0),
(25, 'SANDEEP', 'RADHAKRISHNAN', 'MAURYA', 'FS18IF024', 'Open', 'Shivsagar chawl tanaji nagar kurar village Malad East \r\n', '2001-05-20', '8655419630', 'sandeep06maurya@gmail.com', 'M', '2018-12-27 12:42:18', 'FS', 0, 0, 'KRISHNAVATI', 'MAURYA', 60000, 1, 1, 2, 93.2, 0, 'DTE123', 'Open', '0', 'REGULAR', NULL, 0x89504e470d0a1a0a0000000d49484452000000e1000000e10803000000096d22480000006f504c5445c462a0ffffffc1589bcb74abc25b9dc35e9eecd1e2c05299dca9c8c1599bc0559afefbfdc35f9eeccee0f3e1ecf5e5eff7eaf2e4bbd4e9c8dcc86ca6fcf5f9e7c3d9d89bc1d38fb9cc78adf1dce9e2b5d1f0d8e7dfafcdd491bbc96ea7cf82b2bd4894d9a2c4d698bece7fb1d188b6b7d8c57d0000041449444154789ceddcdb9a9a301405e0101230218320074145cb0cefff8cd5e9b4041c30f464375dffe50c177b7d214701c60000000000000000000000000000000000000000000000000000000000000000fe342985525cbfe35c0929cdb34bfa7d8ce09a55fbf650bc1ceb388e8f41916e5e3b5f6925561053f2302b8b6d1e7963515ea7e539e4f2d925fe0a2354952677d96cf9ae619c6a534a9e6de6e37d389619c59634dc2fee6fcd09d1ae23175131f77c37897e76c5cb98b05d94cff34af1ec9a171159bc2c9f97d3ba4979b3b0013defa09e5df412fcf05923c5c1a16df65dd7ed9bf6f4120f07d9e84c69be088bbb78f1e992a9f7a5da3ba138677e536c7f5cb0e3cfae7a01bd1bb7de2953cadcb591918ab332f876cd1ba12654a3164c4aaea6cb175ab6b5e7d584a60a751af6af8378340b085d150d9d9154ec0701b7954bff92824e40c306d34441a87447fa68073c85cfaee7b713e52020a1e1c3596e054c294d718e066b99e30a039acc1a6672aadbf639ca6e427a1b5a17562fdcad719491afd65286d456c195b636bdc50a8799abb537a1d8f4098335f642a6eb3ee17e9503a9ec27c37c95bd505adb26524712ce84b5f325b49f5d80077d425a67bbae787f3a98af6f5b7893f54bb66095dd50bef53729ade36b57f6504aec371647d23abf58e7c649b47d427f8d8bd2c1ee379b4928f8b4bf57edcfe0a99570fa32713a0693ce7fafdc9f60fd5a11cd5c66af0beefcdb77b795309fb98cbfac21e16c1b124e68f5c399cb2827b4c7d2e9cb0827b4374f33b305e5846d5f6935bda6219cd03e2c9d59b5119e2d64d757da4eafbc65b31969c924acfa83a8b99fd5a418f94225a1b176c08b7e570ba9241c9c622c390f2694d01a43d6d986f694bfe434914e427bba58f2cb139d8426eb4b4d161c27d249c8c2fe4143efe25e2ba184f6ee62c16d4a28a1b9f4b5ce6d8247082564da7ad664e37c284c29a17d189538174b29a1f1fb62bd8d6b4fa4949029eb776eefec38eb934a281b2ba1eb73cda4123261bf4672708b482ba11c3c025d3a75455a09478f08372e1189251c3c7f796d45871b955842c65b3ba197f28745534bc8f8e03ef5e2f3a3662497d0c8d16bb10553b33323b9844cfaa317f3a2b49a7e91594a32676d3dd18ddf3d8cead6d75c0cbf3060a4509a57af29bd844cbd7977a264b7b9641f5f54d03a0c99df6dd2633eb8884c4226aaa93748f3645bd7f136c93ffd2f9d844c66f5a7111e20949049913e0e443ae1755ebc6c1f47229df0da8c4b5fc8a796f0f66e68ebf4518c77d1b165041f1613ba79f97cd81cc8e3432735d1c7fd2467fb623b9d328f77ed85e9f985ddbf4e72915dda348893ef1fe1896ed362b03b94179f71b29fa6193046dcbe0cf5fd7b0352dcbe3870fdc3fd3bfa0000000000000000000000000000000000000000000000000000000000ffb9afa3c02de0071836ec0000000049454e44ae426082, 'download.png', 0),
(26, 'SRUSHTI', 'SHYAM', 'PANDIRKAR', 'FS18IF025', 'Scheduled caste', '184/ I jhon dubing chawl, Dharavi koliwada Mumbai-400017\r\n', '2000-08-06', '9969446526', 'srushtipandirkar20@gmail.com', 'F', '2018-12-27 12:45:06', 'FS', 0, 0, 'SHAMALI', 'PANDRIKAR', 96000, 1, 1, 2, 83, 0, 'DTE123', 'Scheduled caste', 'Chambhar (11)', 'REGULAR', NULL, 0x89504e470d0a1a0a0000000d49484452000000e1000000e10803000000096d22480000006f504c5445c462a0ffffffc1589bcb74abc25b9dc35e9eecd1e2c05299dca9c8c1599bc0559afefbfdc35f9eeccee0f3e1ecf5e5eff7eaf2e4bbd4e9c8dcc86ca6fcf5f9e7c3d9d89bc1d38fb9cc78adf1dce9e2b5d1f0d8e7dfafcdd491bbc96ea7cf82b2bd4894d9a2c4d698bece7fb1d188b6b7d8c57d0000041449444154789ceddcdb9a9a301405e0101230218320074145cb0cefff8cd5e9b4041c30f464375dffe50c177b7d214701c60000000000000000000000000000000000000000000000000000000000000000fe342985525cbfe35c0929cdb34bfa7d8ce09a55fbf650bc1ceb388e8f41916e5e3b5f6925561053f2302b8b6d1e7963515ea7e539e4f2d925fe0a2354952677d96cf9ae619c6a534a9e6de6e37d389619c59634dc2fee6fcd09d1ae23175131f77c37897e76c5cb98b05d94cff34af1ec9a171159bc2c9f97d3ba4979b3b0013defa09e5df412fcf05923c5c1a16df65dd7ed9bf6f4120f07d9e84c69be088bbb78f1e992a9f7a5da3ba138677e536c7f5cb0e3cfae7a01bd1bb7de2953cadcb591918ab332f876cd1ba12654a3164c4aaea6cb175ab6b5e7d584a60a751af6af8378340b085d150d9d9154ec0701b7954bff92824e40c306d34441a87447fa68073c85cfaee7b713e52020a1e1c3596e054c294d718e066b99e30a039acc1a6672aadbf639ca6e427a1b5a17562fdcad719491afd65286d456c195b636bdc50a8799abb537a1d8f4098335f642a6eb3ee17e9503a9ec27c37c95bd505adb26524712ce84b5f325b49f5d80077d425a67bbae787f3a98af6f5b7893f54bb66095dd50bef53729ade36b57f6504aec371647d23abf58e7c649b47d427f8d8bd2c1ee379b4928f8b4bf57edcfe0a99570fa32713a0693ce7fafdc9f60fd5a11cd5c66af0beefcdb77b795309fb98cbfac21e16c1b124e68f5c399cb2827b4c7d2e9cb0827b4374f33b305e5846d5f6935bda6219cd03e2c9d59b5119e2d64d757da4eafbc65b31969c924acfa83a8b99fd5a418f94225a1b176c08b7e570ba9241c9c622c390f2694d01a43d6d986f694bfe434914e427bba58f2cb139d8426eb4b4d161c27d249c8c2fe4143efe25e2ba184f6ee62c16d4a28a1b9f4b5ce6d8247082564da7ad664e37c284c29a17d189538174b29a1f1fb62bd8d6b4fa4949029eb776eefec38eb934a281b2ba1eb73cda4123261bf4672708b482ba11c3c025d3a75455a09478f08372e1189251c3c7f796d45871b955842c65b3ba197f28745534bc8f8e03ef5e2f3a3662497d0c8d16bb10553b33323b9844cfaa317f3a2b49a7e91594a32676d3dd18ddf3d8cead6d75c0cbf3060a4509a57af29bd844cbd7977a264b7b9641f5f54d03a0c99df6dd2633eb8884c4226aaa93748f3645bd7f136c93ffd2f9d844c66f5a7111e20949049913e0e443ae1755ebc6c1f47229df0da8c4b5fc8a796f0f66e68ebf4518c77d1b165041f1613ba79f97cd81cc8e3432735d1c7fd2467fb623b9d328f77ed85e9f985ddbf4e72915dda348893ef1fe1896ed362b03b94179f71b29fa6193046dcbe0cf5fd7b0352dcbe3870fdc3fd3bfa0000000000000000000000000000000000000000000000000000000000ffb9afa3c02de0071836ec0000000049454e44ae426082, 'download.png', 0),
(27, 'VAISHNAVI', 'ANIL', 'PATIL', 'FS18IF026', 'Open', 'Trishul blg no-1 ,room no-507,GK marg,Lower Parel,Mumbai-400013\r\n', '2000-10-21', '9987788312', 'patilvaishnavi998@gmail.com', 'F', '2018-12-27 12:46:57', 'FS', 0, 0, 'SUNITA', 'PATIL', 800000, 1, 1, 2, 78.4, 0, 'DTE123', 'Open', '0', 'REGULAR', NULL, 0x89504e470d0a1a0a0000000d49484452000000e1000000e10803000000096d22480000006f504c5445c462a0ffffffc1589bcb74abc25b9dc35e9eecd1e2c05299dca9c8c1599bc0559afefbfdc35f9eeccee0f3e1ecf5e5eff7eaf2e4bbd4e9c8dcc86ca6fcf5f9e7c3d9d89bc1d38fb9cc78adf1dce9e2b5d1f0d8e7dfafcdd491bbc96ea7cf82b2bd4894d9a2c4d698bece7fb1d188b6b7d8c57d0000041449444154789ceddcdb9a9a301405e0101230218320074145cb0cefff8cd5e9b4041c30f464375dffe50c177b7d214701c60000000000000000000000000000000000000000000000000000000000000000fe342985525cbfe35c0929cdb34bfa7d8ce09a55fbf650bc1ceb388e8f41916e5e3b5f6925561053f2302b8b6d1e7963515ea7e539e4f2d925fe0a2354952677d96cf9ae619c6a534a9e6de6e37d389619c59634dc2fee6fcd09d1ae23175131f77c37897e76c5cb98b05d94cff34af1ec9a171159bc2c9f97d3ba4979b3b0013defa09e5df412fcf05923c5c1a16df65dd7ed9bf6f4120f07d9e84c69be088bbb78f1e992a9f7a5da3ba138677e536c7f5cb0e3cfae7a01bd1bb7de2953cadcb591918ab332f876cd1ba12654a3164c4aaea6cb175ab6b5e7d584a60a751af6af8378340b085d150d9d9154ec0701b7954bff92824e40c306d34441a87447fa68073c85cfaee7b713e52020a1e1c3596e054c294d718e066b99e30a039acc1a6672aadbf639ca6e427a1b5a17562fdcad719491afd65286d456c195b636bdc50a8799abb537a1d8f4098335f642a6eb3ee17e9503a9ec27c37c95bd505adb26524712ce84b5f325b49f5d80077d425a67bbae787f3a98af6f5b7893f54bb66095dd50bef53729ade36b57f6504aec371647d23abf58e7c649b47d427f8d8bd2c1ee379b4928f8b4bf57edcfe0a99570fa32713a0693ce7fafdc9f60fd5a11cd5c66af0beefcdb77b795309fb98cbfac21e16c1b124e68f5c399cb2827b4c7d2e9cb0827b4374f33b305e5846d5f6935bda6219cd03e2c9d59b5119e2d64d757da4eafbc65b31969c924acfa83a8b99fd5a418f94225a1b176c08b7e570ba9241c9c622c390f2694d01a43d6d986f694bfe434914e427bba58f2cb139d8426eb4b4d161c27d249c8c2fe4143efe25e2ba184f6ee62c16d4a28a1b9f4b5ce6d8247082564da7ad664e37c284c29a17d189538174b29a1f1fb62bd8d6b4fa4949029eb776eefec38eb934a281b2ba1eb73cda4123261bf4672708b482ba11c3c025d3a75455a09478f08372e1189251c3c7f796d45871b955842c65b3ba197f28745534bc8f8e03ef5e2f3a3662497d0c8d16bb10553b33323b9844cfaa317f3a2b49a7e91594a32676d3dd18ddf3d8cead6d75c0cbf3060a4509a57af29bd844cbd7977a264b7b9641f5f54d03a0c99df6dd2633eb8884c4226aaa93748f3645bd7f136c93ffd2f9d844c66f5a7111e20949049913e0e443ae1755ebc6c1f47229df0da8c4b5fc8a796f0f66e68ebf4518c77d1b165041f1613ba79f97cd81cc8e3432735d1c7fd2467fb623b9d328f77ed85e9f985ddbf4e72915dda348893ef1fe1896ed362b03b94179f71b29fa6193046dcbe0cf5fd7b0352dcbe3870fdc3fd3bfa0000000000000000000000000000000000000000000000000000000000ffb9afa3c02de0071836ec0000000049454e44ae426082, 'download.png', 0),
(28, 'KHUSHAL', 'CHANDRAKANT ', 'SONAR', 'FS18IF027', 'Other Backward Class', 'Laxmibaug, Ghatkopar East, Mumbai - 400075\r\n', '2000-11-30', '9004128557', 'nitinsonar0@gmail.com', 'M', '2018-12-27 12:51:16', 'FS', 0, 0, 'NANDA', 'SONAR', 120000, 1, 1, 2, 77, 0, 'DTE123', 'Other Backward Class', 'Sonar (154)', 'REGULAR', NULL, 0x89504e470d0a1a0a0000000d49484452000000e1000000e10803000000096d22480000006f504c5445c462a0ffffffc1589bcb74abc25b9dc35e9eecd1e2c05299dca9c8c1599bc0559afefbfdc35f9eeccee0f3e1ecf5e5eff7eaf2e4bbd4e9c8dcc86ca6fcf5f9e7c3d9d89bc1d38fb9cc78adf1dce9e2b5d1f0d8e7dfafcdd491bbc96ea7cf82b2bd4894d9a2c4d698bece7fb1d188b6b7d8c57d0000041449444154789ceddcdb9a9a301405e0101230218320074145cb0cefff8cd5e9b4041c30f464375dffe50c177b7d214701c60000000000000000000000000000000000000000000000000000000000000000fe342985525cbfe35c0929cdb34bfa7d8ce09a55fbf650bc1ceb388e8f41916e5e3b5f6925561053f2302b8b6d1e7963515ea7e539e4f2d925fe0a2354952677d96cf9ae619c6a534a9e6de6e37d389619c59634dc2fee6fcd09d1ae23175131f77c37897e76c5cb98b05d94cff34af1ec9a171159bc2c9f97d3ba4979b3b0013defa09e5df412fcf05923c5c1a16df65dd7ed9bf6f4120f07d9e84c69be088bbb78f1e992a9f7a5da3ba138677e536c7f5cb0e3cfae7a01bd1bb7de2953cadcb591918ab332f876cd1ba12654a3164c4aaea6cb175ab6b5e7d584a60a751af6af8378340b085d150d9d9154ec0701b7954bff92824e40c306d34441a87447fa68073c85cfaee7b713e52020a1e1c3596e054c294d718e066b99e30a039acc1a6672aadbf639ca6e427a1b5a17562fdcad719491afd65286d456c195b636bdc50a8799abb537a1d8f4098335f642a6eb3ee17e9503a9ec27c37c95bd505adb26524712ce84b5f325b49f5d80077d425a67bbae787f3a98af6f5b7893f54bb66095dd50bef53729ade36b57f6504aec371647d23abf58e7c649b47d427f8d8bd2c1ee379b4928f8b4bf57edcfe0a99570fa32713a0693ce7fafdc9f60fd5a11cd5c66af0beefcdb77b795309fb98cbfac21e16c1b124e68f5c399cb2827b4c7d2e9cb0827b4374f33b305e5846d5f6935bda6219cd03e2c9d59b5119e2d64d757da4eafbc65b31969c924acfa83a8b99fd5a418f94225a1b176c08b7e570ba9241c9c622c390f2694d01a43d6d986f694bfe434914e427bba58f2cb139d8426eb4b4d161c27d249c8c2fe4143efe25e2ba184f6ee62c16d4a28a1b9f4b5ce6d8247082564da7ad664e37c284c29a17d189538174b29a1f1fb62bd8d6b4fa4949029eb776eefec38eb934a281b2ba1eb73cda4123261bf4672708b482ba11c3c025d3a75455a09478f08372e1189251c3c7f796d45871b955842c65b3ba197f28745534bc8f8e03ef5e2f3a3662497d0c8d16bb10553b33323b9844cfaa317f3a2b49a7e91594a32676d3dd18ddf3d8cead6d75c0cbf3060a4509a57af29bd844cbd7977a264b7b9641f5f54d03a0c99df6dd2633eb8884c4226aaa93748f3645bd7f136c93ffd2f9d844c66f5a7111e20949049913e0e443ae1755ebc6c1f47229df0da8c4b5fc8a796f0f66e68ebf4518c77d1b165041f1613ba79f97cd81cc8e3432735d1c7fd2467fb623b9d328f77ed85e9f985ddbf4e72915dda348893ef1fe1896ed362b03b94179f71b29fa6193046dcbe0cf5fd7b0352dcbe3870fdc3fd3bfa0000000000000000000000000000000000000000000000000000000000ffb9afa3c02de0071836ec0000000049454e44ae426082, 'download.png', 0),
(29, 'SAKSHI ', 'SANDIP', 'GOTHAL', 'FS18IF028', 'Other Backward Class', 'Shree samrth chawl durga Nagar, kandivali east, Mumbai 101\r\n', '2001-04-17', '7738522234', 'sakshigothal302000@gmail.com', 'F', '2018-12-27 12:53:40', 'FS', 0, 0, 'SANJIVANI ', 'GOTHAL ', 130000, 1, 1, 2, 82, 0, 'DTE123', 'Other Backward Class', 'Kunbi (83)', 'REGULAR', NULL, 0x89504e470d0a1a0a0000000d49484452000000e1000000e10803000000096d22480000006f504c5445c462a0ffffffc1589bcb74abc25b9dc35e9eecd1e2c05299dca9c8c1599bc0559afefbfdc35f9eeccee0f3e1ecf5e5eff7eaf2e4bbd4e9c8dcc86ca6fcf5f9e7c3d9d89bc1d38fb9cc78adf1dce9e2b5d1f0d8e7dfafcdd491bbc96ea7cf82b2bd4894d9a2c4d698bece7fb1d188b6b7d8c57d0000041449444154789ceddcdb9a9a301405e0101230218320074145cb0cefff8cd5e9b4041c30f464375dffe50c177b7d214701c60000000000000000000000000000000000000000000000000000000000000000fe342985525cbfe35c0929cdb34bfa7d8ce09a55fbf650bc1ceb388e8f41916e5e3b5f6925561053f2302b8b6d1e7963515ea7e539e4f2d925fe0a2354952677d96cf9ae619c6a534a9e6de6e37d389619c59634dc2fee6fcd09d1ae23175131f77c37897e76c5cb98b05d94cff34af1ec9a171159bc2c9f97d3ba4979b3b0013defa09e5df412fcf05923c5c1a16df65dd7ed9bf6f4120f07d9e84c69be088bbb78f1e992a9f7a5da3ba138677e536c7f5cb0e3cfae7a01bd1bb7de2953cadcb591918ab332f876cd1ba12654a3164c4aaea6cb175ab6b5e7d584a60a751af6af8378340b085d150d9d9154ec0701b7954bff92824e40c306d34441a87447fa68073c85cfaee7b713e52020a1e1c3596e054c294d718e066b99e30a039acc1a6672aadbf639ca6e427a1b5a17562fdcad719491afd65286d456c195b636bdc50a8799abb537a1d8f4098335f642a6eb3ee17e9503a9ec27c37c95bd505adb26524712ce84b5f325b49f5d80077d425a67bbae787f3a98af6f5b7893f54bb66095dd50bef53729ade36b57f6504aec371647d23abf58e7c649b47d427f8d8bd2c1ee379b4928f8b4bf57edcfe0a99570fa32713a0693ce7fafdc9f60fd5a11cd5c66af0beefcdb77b795309fb98cbfac21e16c1b124e68f5c399cb2827b4c7d2e9cb0827b4374f33b305e5846d5f6935bda6219cd03e2c9d59b5119e2d64d757da4eafbc65b31969c924acfa83a8b99fd5a418f94225a1b176c08b7e570ba9241c9c622c390f2694d01a43d6d986f694bfe434914e427bba58f2cb139d8426eb4b4d161c27d249c8c2fe4143efe25e2ba184f6ee62c16d4a28a1b9f4b5ce6d8247082564da7ad664e37c284c29a17d189538174b29a1f1fb62bd8d6b4fa4949029eb776eefec38eb934a281b2ba1eb73cda4123261bf4672708b482ba11c3c025d3a75455a09478f08372e1189251c3c7f796d45871b955842c65b3ba197f28745534bc8f8e03ef5e2f3a3662497d0c8d16bb10553b33323b9844cfaa317f3a2b49a7e91594a32676d3dd18ddf3d8cead6d75c0cbf3060a4509a57af29bd844cbd7977a264b7b9641f5f54d03a0c99df6dd2633eb8884c4226aaa93748f3645bd7f136c93ffd2f9d844c66f5a7111e20949049913e0e443ae1755ebc6c1f47229df0da8c4b5fc8a796f0f66e68ebf4518c77d1b165041f1613ba79f97cd81cc8e3432735d1c7fd2467fb623b9d328f77ed85e9f985ddbf4e72915dda348893ef1fe1896ed362b03b94179f71b29fa6193046dcbe0cf5fd7b0352dcbe3870fdc3fd3bfa0000000000000000000000000000000000000000000000000000000000ffb9afa3c02de0071836ec0000000049454e44ae426082, 'download.png', 0),
(30, 'DIVYA', 'NARAYAN', 'DAL', 'FS18IF029', 'Open', '183-1/2 shivaji nagar near I building sion east Mumbai 400022\r\n', '2000-10-30', '7506610223', 'divya.dal.01@gmail.com', 'F', '2018-12-27 12:57:14', 'FS', 0, 0, 'KUNDA', 'DAL', 85000, 1, 1, 2, 89.6, 0, 'DTE123', 'Open', '0', 'REGULAR', NULL, 0x89504e470d0a1a0a0000000d49484452000000e1000000e10803000000096d22480000006f504c5445c462a0ffffffc1589bcb74abc25b9dc35e9eecd1e2c05299dca9c8c1599bc0559afefbfdc35f9eeccee0f3e1ecf5e5eff7eaf2e4bbd4e9c8dcc86ca6fcf5f9e7c3d9d89bc1d38fb9cc78adf1dce9e2b5d1f0d8e7dfafcdd491bbc96ea7cf82b2bd4894d9a2c4d698bece7fb1d188b6b7d8c57d0000041449444154789ceddcdb9a9a301405e0101230218320074145cb0cefff8cd5e9b4041c30f464375dffe50c177b7d214701c60000000000000000000000000000000000000000000000000000000000000000fe342985525cbfe35c0929cdb34bfa7d8ce09a55fbf650bc1ceb388e8f41916e5e3b5f6925561053f2302b8b6d1e7963515ea7e539e4f2d925fe0a2354952677d96cf9ae619c6a534a9e6de6e37d389619c59634dc2fee6fcd09d1ae23175131f77c37897e76c5cb98b05d94cff34af1ec9a171159bc2c9f97d3ba4979b3b0013defa09e5df412fcf05923c5c1a16df65dd7ed9bf6f4120f07d9e84c69be088bbb78f1e992a9f7a5da3ba138677e536c7f5cb0e3cfae7a01bd1bb7de2953cadcb591918ab332f876cd1ba12654a3164c4aaea6cb175ab6b5e7d584a60a751af6af8378340b085d150d9d9154ec0701b7954bff92824e40c306d34441a87447fa68073c85cfaee7b713e52020a1e1c3596e054c294d718e066b99e30a039acc1a6672aadbf639ca6e427a1b5a17562fdcad719491afd65286d456c195b636bdc50a8799abb537a1d8f4098335f642a6eb3ee17e9503a9ec27c37c95bd505adb26524712ce84b5f325b49f5d80077d425a67bbae787f3a98af6f5b7893f54bb66095dd50bef53729ade36b57f6504aec371647d23abf58e7c649b47d427f8d8bd2c1ee379b4928f8b4bf57edcfe0a99570fa32713a0693ce7fafdc9f60fd5a11cd5c66af0beefcdb77b795309fb98cbfac21e16c1b124e68f5c399cb2827b4c7d2e9cb0827b4374f33b305e5846d5f6935bda6219cd03e2c9d59b5119e2d64d757da4eafbc65b31969c924acfa83a8b99fd5a418f94225a1b176c08b7e570ba9241c9c622c390f2694d01a43d6d986f694bfe434914e427bba58f2cb139d8426eb4b4d161c27d249c8c2fe4143efe25e2ba184f6ee62c16d4a28a1b9f4b5ce6d8247082564da7ad664e37c284c29a17d189538174b29a1f1fb62bd8d6b4fa4949029eb776eefec38eb934a281b2ba1eb73cda4123261bf4672708b482ba11c3c025d3a75455a09478f08372e1189251c3c7f796d45871b955842c65b3ba197f28745534bc8f8e03ef5e2f3a3662497d0c8d16bb10553b33323b9844cfaa317f3a2b49a7e91594a32676d3dd18ddf3d8cead6d75c0cbf3060a4509a57af29bd844cbd7977a264b7b9641f5f54d03a0c99df6dd2633eb8884c4226aaa93748f3645bd7f136c93ffd2f9d844c66f5a7111e20949049913e0e443ae1755ebc6c1f47229df0da8c4b5fc8a796f0f66e68ebf4518c77d1b165041f1613ba79f97cd81cc8e3432735d1c7fd2467fb623b9d328f77ed85e9f985ddbf4e72915dda348893ef1fe1896ed362b03b94179f71b29fa6193046dcbe0cf5fd7b0352dcbe3870fdc3fd3bfa0000000000000000000000000000000000000000000000000000000000ffb9afa3c02de0071836ec0000000049454e44ae426082, 'download.png', 0),
(31, 'KIRTI', 'SUBHASH', 'KANGANE', 'FS18IF030', 'Other Backward Class', 'Triveni Chawl , Shraddhanand road , Vile parle (East), Mumbai no 400057\r\n', '2000-08-26', '9769174764', 'keertikangane268@gmail.com', 'F', '2018-12-27 13:03:34', 'FS', 0, 0, 'SUPRIYA', 'KANGANE', 417881, 1, 1, 2, 82.8, 0, 'DTE123', 'Other Backward Class', 'Kunbi (83)', 'REGULAR', NULL, 0x89504e470d0a1a0a0000000d49484452000000e1000000e10803000000096d22480000006f504c5445c462a0ffffffc1589bcb74abc25b9dc35e9eecd1e2c05299dca9c8c1599bc0559afefbfdc35f9eeccee0f3e1ecf5e5eff7eaf2e4bbd4e9c8dcc86ca6fcf5f9e7c3d9d89bc1d38fb9cc78adf1dce9e2b5d1f0d8e7dfafcdd491bbc96ea7cf82b2bd4894d9a2c4d698bece7fb1d188b6b7d8c57d0000041449444154789ceddcdb9a9a301405e0101230218320074145cb0cefff8cd5e9b4041c30f464375dffe50c177b7d214701c60000000000000000000000000000000000000000000000000000000000000000fe342985525cbfe35c0929cdb34bfa7d8ce09a55fbf650bc1ceb388e8f41916e5e3b5f6925561053f2302b8b6d1e7963515ea7e539e4f2d925fe0a2354952677d96cf9ae619c6a534a9e6de6e37d389619c59634dc2fee6fcd09d1ae23175131f77c37897e76c5cb98b05d94cff34af1ec9a171159bc2c9f97d3ba4979b3b0013defa09e5df412fcf05923c5c1a16df65dd7ed9bf6f4120f07d9e84c69be088bbb78f1e992a9f7a5da3ba138677e536c7f5cb0e3cfae7a01bd1bb7de2953cadcb591918ab332f876cd1ba12654a3164c4aaea6cb175ab6b5e7d584a60a751af6af8378340b085d150d9d9154ec0701b7954bff92824e40c306d34441a87447fa68073c85cfaee7b713e52020a1e1c3596e054c294d718e066b99e30a039acc1a6672aadbf639ca6e427a1b5a17562fdcad719491afd65286d456c195b636bdc50a8799abb537a1d8f4098335f642a6eb3ee17e9503a9ec27c37c95bd505adb26524712ce84b5f325b49f5d80077d425a67bbae787f3a98af6f5b7893f54bb66095dd50bef53729ade36b57f6504aec371647d23abf58e7c649b47d427f8d8bd2c1ee379b4928f8b4bf57edcfe0a99570fa32713a0693ce7fafdc9f60fd5a11cd5c66af0beefcdb77b795309fb98cbfac21e16c1b124e68f5c399cb2827b4c7d2e9cb0827b4374f33b305e5846d5f6935bda6219cd03e2c9d59b5119e2d64d757da4eafbc65b31969c924acfa83a8b99fd5a418f94225a1b176c08b7e570ba9241c9c622c390f2694d01a43d6d986f694bfe434914e427bba58f2cb139d8426eb4b4d161c27d249c8c2fe4143efe25e2ba184f6ee62c16d4a28a1b9f4b5ce6d8247082564da7ad664e37c284c29a17d189538174b29a1f1fb62bd8d6b4fa4949029eb776eefec38eb934a281b2ba1eb73cda4123261bf4672708b482ba11c3c025d3a75455a09478f08372e1189251c3c7f796d45871b955842c65b3ba197f28745534bc8f8e03ef5e2f3a3662497d0c8d16bb10553b33323b9844cfaa317f3a2b49a7e91594a32676d3dd18ddf3d8cead6d75c0cbf3060a4509a57af29bd844cbd7977a264b7b9641f5f54d03a0c99df6dd2633eb8884c4226aaa93748f3645bd7f136c93ffd2f9d844c66f5a7111e20949049913e0e443ae1755ebc6c1f47229df0da8c4b5fc8a796f0f66e68ebf4518c77d1b165041f1613ba79f97cd81cc8e3432735d1c7fd2467fb623b9d328f77ed85e9f985ddbf4e72915dda348893ef1fe1896ed362b03b94179f71b29fa6193046dcbe0cf5fd7b0352dcbe3870fdc3fd3bfa0000000000000000000000000000000000000000000000000000000000ffb9afa3c02de0071836ec0000000049454e44ae426082, 'download.png', 0),
(32, 'SANTOSH', 'JAGANNATH ', 'KADAM', 'FS18IF031', 'Scheduled caste', 'Aarey milk col., unit no 32,Room no. L/1,GOREGAON (E.) Mumbai 65\r\n', '2000-06-15', '9867894326', 'kadam143sam@gmail.com', 'M', '2018-12-27 13:05:30', 'FS', 0, 0, 'PRAMILA', 'KADAM', 500000, 1, 1, 2, 81.8, 0, 'DTE123', 'Scheduled caste', 'Dhor (18)', 'REGULAR', NULL, 0x89504e470d0a1a0a0000000d49484452000000e1000000e10803000000096d22480000006f504c5445c462a0ffffffc1589bcb74abc25b9dc35e9eecd1e2c05299dca9c8c1599bc0559afefbfdc35f9eeccee0f3e1ecf5e5eff7eaf2e4bbd4e9c8dcc86ca6fcf5f9e7c3d9d89bc1d38fb9cc78adf1dce9e2b5d1f0d8e7dfafcdd491bbc96ea7cf82b2bd4894d9a2c4d698bece7fb1d188b6b7d8c57d0000041449444154789ceddcdb9a9a301405e0101230218320074145cb0cefff8cd5e9b4041c30f464375dffe50c177b7d214701c60000000000000000000000000000000000000000000000000000000000000000fe342985525cbfe35c0929cdb34bfa7d8ce09a55fbf650bc1ceb388e8f41916e5e3b5f6925561053f2302b8b6d1e7963515ea7e539e4f2d925fe0a2354952677d96cf9ae619c6a534a9e6de6e37d389619c59634dc2fee6fcd09d1ae23175131f77c37897e76c5cb98b05d94cff34af1ec9a171159bc2c9f97d3ba4979b3b0013defa09e5df412fcf05923c5c1a16df65dd7ed9bf6f4120f07d9e84c69be088bbb78f1e992a9f7a5da3ba138677e536c7f5cb0e3cfae7a01bd1bb7de2953cadcb591918ab332f876cd1ba12654a3164c4aaea6cb175ab6b5e7d584a60a751af6af8378340b085d150d9d9154ec0701b7954bff92824e40c306d34441a87447fa68073c85cfaee7b713e52020a1e1c3596e054c294d718e066b99e30a039acc1a6672aadbf639ca6e427a1b5a17562fdcad719491afd65286d456c195b636bdc50a8799abb537a1d8f4098335f642a6eb3ee17e9503a9ec27c37c95bd505adb26524712ce84b5f325b49f5d80077d425a67bbae787f3a98af6f5b7893f54bb66095dd50bef53729ade36b57f6504aec371647d23abf58e7c649b47d427f8d8bd2c1ee379b4928f8b4bf57edcfe0a99570fa32713a0693ce7fafdc9f60fd5a11cd5c66af0beefcdb77b795309fb98cbfac21e16c1b124e68f5c399cb2827b4c7d2e9cb0827b4374f33b305e5846d5f6935bda6219cd03e2c9d59b5119e2d64d757da4eafbc65b31969c924acfa83a8b99fd5a418f94225a1b176c08b7e570ba9241c9c622c390f2694d01a43d6d986f694bfe434914e427bba58f2cb139d8426eb4b4d161c27d249c8c2fe4143efe25e2ba184f6ee62c16d4a28a1b9f4b5ce6d8247082564da7ad664e37c284c29a17d189538174b29a1f1fb62bd8d6b4fa4949029eb776eefec38eb934a281b2ba1eb73cda4123261bf4672708b482ba11c3c025d3a75455a09478f08372e1189251c3c7f796d45871b955842c65b3ba197f28745534bc8f8e03ef5e2f3a3662497d0c8d16bb10553b33323b9844cfaa317f3a2b49a7e91594a32676d3dd18ddf3d8cead6d75c0cbf3060a4509a57af29bd844cbd7977a264b7b9641f5f54d03a0c99df6dd2633eb8884c4226aaa93748f3645bd7f136c93ffd2f9d844c66f5a7111e20949049913e0e443ae1755ebc6c1f47229df0da8c4b5fc8a796f0f66e68ebf4518c77d1b165041f1613ba79f97cd81cc8e3432735d1c7fd2467fb623b9d328f77ed85e9f985ddbf4e72915dda348893ef1fe1896ed362b03b94179f71b29fa6193046dcbe0cf5fd7b0352dcbe3870fdc3fd3bfa0000000000000000000000000000000000000000000000000000000000ffb9afa3c02de0071836ec0000000049454e44ae426082, 'download.png', 0),
(33, 'AKSHAY', 'SANJAY', 'MORE', 'FS18IF032', 'Open', 'Meenakshi Aprt.,NNP Plot no.8 ,Goregaon (E),Mumbai\r\n', '2000-05-06', '7276800872', 'moreakshay725@gmail.com', 'M', '2018-12-27 13:06:51', 'FS', 0, 0, 'SNEHA', 'MORE', 499170, 1, 1, 2, 80.8, 0, 'DTE123', 'Open', '0', 'REGULAR', NULL, 0x89504e470d0a1a0a0000000d49484452000000e1000000e10803000000096d22480000006f504c5445c462a0ffffffc1589bcb74abc25b9dc35e9eecd1e2c05299dca9c8c1599bc0559afefbfdc35f9eeccee0f3e1ecf5e5eff7eaf2e4bbd4e9c8dcc86ca6fcf5f9e7c3d9d89bc1d38fb9cc78adf1dce9e2b5d1f0d8e7dfafcdd491bbc96ea7cf82b2bd4894d9a2c4d698bece7fb1d188b6b7d8c57d0000041449444154789ceddcdb9a9a301405e0101230218320074145cb0cefff8cd5e9b4041c30f464375dffe50c177b7d214701c60000000000000000000000000000000000000000000000000000000000000000fe342985525cbfe35c0929cdb34bfa7d8ce09a55fbf650bc1ceb388e8f41916e5e3b5f6925561053f2302b8b6d1e7963515ea7e539e4f2d925fe0a2354952677d96cf9ae619c6a534a9e6de6e37d389619c59634dc2fee6fcd09d1ae23175131f77c37897e76c5cb98b05d94cff34af1ec9a171159bc2c9f97d3ba4979b3b0013defa09e5df412fcf05923c5c1a16df65dd7ed9bf6f4120f07d9e84c69be088bbb78f1e992a9f7a5da3ba138677e536c7f5cb0e3cfae7a01bd1bb7de2953cadcb591918ab332f876cd1ba12654a3164c4aaea6cb175ab6b5e7d584a60a751af6af8378340b085d150d9d9154ec0701b7954bff92824e40c306d34441a87447fa68073c85cfaee7b713e52020a1e1c3596e054c294d718e066b99e30a039acc1a6672aadbf639ca6e427a1b5a17562fdcad719491afd65286d456c195b636bdc50a8799abb537a1d8f4098335f642a6eb3ee17e9503a9ec27c37c95bd505adb26524712ce84b5f325b49f5d80077d425a67bbae787f3a98af6f5b7893f54bb66095dd50bef53729ade36b57f6504aec371647d23abf58e7c649b47d427f8d8bd2c1ee379b4928f8b4bf57edcfe0a99570fa32713a0693ce7fafdc9f60fd5a11cd5c66af0beefcdb77b795309fb98cbfac21e16c1b124e68f5c399cb2827b4c7d2e9cb0827b4374f33b305e5846d5f6935bda6219cd03e2c9d59b5119e2d64d757da4eafbc65b31969c924acfa83a8b99fd5a418f94225a1b176c08b7e570ba9241c9c622c390f2694d01a43d6d986f694bfe434914e427bba58f2cb139d8426eb4b4d161c27d249c8c2fe4143efe25e2ba184f6ee62c16d4a28a1b9f4b5ce6d8247082564da7ad664e37c284c29a17d189538174b29a1f1fb62bd8d6b4fa4949029eb776eefec38eb934a281b2ba1eb73cda4123261bf4672708b482ba11c3c025d3a75455a09478f08372e1189251c3c7f796d45871b955842c65b3ba197f28745534bc8f8e03ef5e2f3a3662497d0c8d16bb10553b33323b9844cfaa317f3a2b49a7e91594a32676d3dd18ddf3d8cead6d75c0cbf3060a4509a57af29bd844cbd7977a264b7b9641f5f54d03a0c99df6dd2633eb8884c4226aaa93748f3645bd7f136c93ffd2f9d844c66f5a7111e20949049913e0e443ae1755ebc6c1f47229df0da8c4b5fc8a796f0f66e68ebf4518c77d1b165041f1613ba79f97cd81cc8e3432735d1c7fd2467fb623b9d328f77ed85e9f985ddbf4e72915dda348893ef1fe1896ed362b03b94179f71b29fa6193046dcbe0cf5fd7b0352dcbe3870fdc3fd3bfa0000000000000000000000000000000000000000000000000000000000ffb9afa3c02de0071836ec0000000049454e44ae426082, 'download.png', 0),
(34, 'GAURANG', 'BABURAO', 'KELUSKAR', 'FS18IF033', 'Special Backward cla', 'D/10 Gitanjali chawl new shivaji nagar , kalwa ( East )\r\n', '2000-03-06', '9594152945', 'gaurangkeluskar22@gmail.com', 'M', '2018-12-27 13:08:41', 'FS', 0, 0, 'ANKITA', 'KELUSKAR', 558163, 1, 1, 2, 89.8, 0, 'DTE123', 'Special Backward class', 'Gabit (6)', 'REGULAR', NULL, 0x89504e470d0a1a0a0000000d49484452000000e1000000e10803000000096d22480000006f504c5445c462a0ffffffc1589bcb74abc25b9dc35e9eecd1e2c05299dca9c8c1599bc0559afefbfdc35f9eeccee0f3e1ecf5e5eff7eaf2e4bbd4e9c8dcc86ca6fcf5f9e7c3d9d89bc1d38fb9cc78adf1dce9e2b5d1f0d8e7dfafcdd491bbc96ea7cf82b2bd4894d9a2c4d698bece7fb1d188b6b7d8c57d0000041449444154789ceddcdb9a9a301405e0101230218320074145cb0cefff8cd5e9b4041c30f464375dffe50c177b7d214701c60000000000000000000000000000000000000000000000000000000000000000fe342985525cbfe35c0929cdb34bfa7d8ce09a55fbf650bc1ceb388e8f41916e5e3b5f6925561053f2302b8b6d1e7963515ea7e539e4f2d925fe0a2354952677d96cf9ae619c6a534a9e6de6e37d389619c59634dc2fee6fcd09d1ae23175131f77c37897e76c5cb98b05d94cff34af1ec9a171159bc2c9f97d3ba4979b3b0013defa09e5df412fcf05923c5c1a16df65dd7ed9bf6f4120f07d9e84c69be088bbb78f1e992a9f7a5da3ba138677e536c7f5cb0e3cfae7a01bd1bb7de2953cadcb591918ab332f876cd1ba12654a3164c4aaea6cb175ab6b5e7d584a60a751af6af8378340b085d150d9d9154ec0701b7954bff92824e40c306d34441a87447fa68073c85cfaee7b713e52020a1e1c3596e054c294d718e066b99e30a039acc1a6672aadbf639ca6e427a1b5a17562fdcad719491afd65286d456c195b636bdc50a8799abb537a1d8f4098335f642a6eb3ee17e9503a9ec27c37c95bd505adb26524712ce84b5f325b49f5d80077d425a67bbae787f3a98af6f5b7893f54bb66095dd50bef53729ade36b57f6504aec371647d23abf58e7c649b47d427f8d8bd2c1ee379b4928f8b4bf57edcfe0a99570fa32713a0693ce7fafdc9f60fd5a11cd5c66af0beefcdb77b795309fb98cbfac21e16c1b124e68f5c399cb2827b4c7d2e9cb0827b4374f33b305e5846d5f6935bda6219cd03e2c9d59b5119e2d64d757da4eafbc65b31969c924acfa83a8b99fd5a418f94225a1b176c08b7e570ba9241c9c622c390f2694d01a43d6d986f694bfe434914e427bba58f2cb139d8426eb4b4d161c27d249c8c2fe4143efe25e2ba184f6ee62c16d4a28a1b9f4b5ce6d8247082564da7ad664e37c284c29a17d189538174b29a1f1fb62bd8d6b4fa4949029eb776eefec38eb934a281b2ba1eb73cda4123261bf4672708b482ba11c3c025d3a75455a09478f08372e1189251c3c7f796d45871b955842c65b3ba197f28745534bc8f8e03ef5e2f3a3662497d0c8d16bb10553b33323b9844cfaa317f3a2b49a7e91594a32676d3dd18ddf3d8cead6d75c0cbf3060a4509a57af29bd844cbd7977a264b7b9641f5f54d03a0c99df6dd2633eb8884c4226aaa93748f3645bd7f136c93ffd2f9d844c66f5a7111e20949049913e0e443ae1755ebc6c1f47229df0da8c4b5fc8a796f0f66e68ebf4518c77d1b165041f1613ba79f97cd81cc8e3432735d1c7fd2467fb623b9d328f77ed85e9f985ddbf4e72915dda348893ef1fe1896ed362b03b94179f71b29fa6193046dcbe0cf5fd7b0352dcbe3870fdc3fd3bfa0000000000000000000000000000000000000000000000000000000000ffb9afa3c02de0071836ec0000000049454e44ae426082, 'download.png', 0);
INSERT INTO `students` (`student_id`, `student_fname`, `student_mname`, `student_lname`, `student_enrollmentno`, `student_caste`, `student_address`, `student_bdate`, `student_phno`, `student_email`, `student_gender`, `student_dateofadmission`, `student_shift`, `student_hostel`, `student_tfws`, `student_mothers_fname`, `student_mothers_lname`, `student_income`, `student_dept_id`, `student_scheme_id`, `student_sem`, `student_10th_percent`, `student_12th_percent`, `student_dte_enrollment_no`, `student_caste_category_id`, `student_sub_caste_id`, `student_type`, `student_payment_type`, `student_image`, `student_image_name`, `student_is_directsecondyear`) VALUES
(35, 'OMKAR', 'DIWAKAR ', 'SAWANT ', 'FS18IF034', 'Open', '2/C, 703, NG SUNCITY, PHASE-1, THAKUR VILLAGE, KANDIVALI EAST, MUMBAI 400101\r\n', '2000-07-15', '8356821416', 'omkarsawant1507@gmail.com', 'M', '2018-12-27 13:11:20', 'FS', 0, 0, 'SUJATA', 'SAWANT ', 800000, 1, 1, 2, 89.8, 0, 'DTE123', 'Open', '0', 'REGULAR', NULL, 0x89504e470d0a1a0a0000000d49484452000000e1000000e10803000000096d22480000006f504c5445c462a0ffffffc1589bcb74abc25b9dc35e9eecd1e2c05299dca9c8c1599bc0559afefbfdc35f9eeccee0f3e1ecf5e5eff7eaf2e4bbd4e9c8dcc86ca6fcf5f9e7c3d9d89bc1d38fb9cc78adf1dce9e2b5d1f0d8e7dfafcdd491bbc96ea7cf82b2bd4894d9a2c4d698bece7fb1d188b6b7d8c57d0000041449444154789ceddcdb9a9a301405e0101230218320074145cb0cefff8cd5e9b4041c30f464375dffe50c177b7d214701c60000000000000000000000000000000000000000000000000000000000000000fe342985525cbfe35c0929cdb34bfa7d8ce09a55fbf650bc1ceb388e8f41916e5e3b5f6925561053f2302b8b6d1e7963515ea7e539e4f2d925fe0a2354952677d96cf9ae619c6a534a9e6de6e37d389619c59634dc2fee6fcd09d1ae23175131f77c37897e76c5cb98b05d94cff34af1ec9a171159bc2c9f97d3ba4979b3b0013defa09e5df412fcf05923c5c1a16df65dd7ed9bf6f4120f07d9e84c69be088bbb78f1e992a9f7a5da3ba138677e536c7f5cb0e3cfae7a01bd1bb7de2953cadcb591918ab332f876cd1ba12654a3164c4aaea6cb175ab6b5e7d584a60a751af6af8378340b085d150d9d9154ec0701b7954bff92824e40c306d34441a87447fa68073c85cfaee7b713e52020a1e1c3596e054c294d718e066b99e30a039acc1a6672aadbf639ca6e427a1b5a17562fdcad719491afd65286d456c195b636bdc50a8799abb537a1d8f4098335f642a6eb3ee17e9503a9ec27c37c95bd505adb26524712ce84b5f325b49f5d80077d425a67bbae787f3a98af6f5b7893f54bb66095dd50bef53729ade36b57f6504aec371647d23abf58e7c649b47d427f8d8bd2c1ee379b4928f8b4bf57edcfe0a99570fa32713a0693ce7fafdc9f60fd5a11cd5c66af0beefcdb77b795309fb98cbfac21e16c1b124e68f5c399cb2827b4c7d2e9cb0827b4374f33b305e5846d5f6935bda6219cd03e2c9d59b5119e2d64d757da4eafbc65b31969c924acfa83a8b99fd5a418f94225a1b176c08b7e570ba9241c9c622c390f2694d01a43d6d986f694bfe434914e427bba58f2cb139d8426eb4b4d161c27d249c8c2fe4143efe25e2ba184f6ee62c16d4a28a1b9f4b5ce6d8247082564da7ad664e37c284c29a17d189538174b29a1f1fb62bd8d6b4fa4949029eb776eefec38eb934a281b2ba1eb73cda4123261bf4672708b482ba11c3c025d3a75455a09478f08372e1189251c3c7f796d45871b955842c65b3ba197f28745534bc8f8e03ef5e2f3a3662497d0c8d16bb10553b33323b9844cfaa317f3a2b49a7e91594a32676d3dd18ddf3d8cead6d75c0cbf3060a4509a57af29bd844cbd7977a264b7b9641f5f54d03a0c99df6dd2633eb8884c4226aaa93748f3645bd7f136c93ffd2f9d844c66f5a7111e20949049913e0e443ae1755ebc6c1f47229df0da8c4b5fc8a796f0f66e68ebf4518c77d1b165041f1613ba79f97cd81cc8e3432735d1c7fd2467fb623b9d328f77ed85e9f985ddbf4e72915dda348893ef1fe1896ed362b03b94179f71b29fa6193046dcbe0cf5fd7b0352dcbe3870fdc3fd3bfa0000000000000000000000000000000000000000000000000000000000ffb9afa3c02de0071836ec0000000049454e44ae426082, 'download.png', 0),
(36, 'VEDANG', 'UDAY', 'BARHATE', 'FS18IF035', 'Other Backward Class', 'Sunshine Prasad ,B/203, Khadakpada,Kalyan(W)', '2001-05-24', '7506933142', 'barhate.vedang@gmail.com', 'M', '2018-12-27 13:13:22', 'FS', 0, 0, 'SUREKHA', 'BARHATE', 800000, 1, 1, 2, 85, 0, 'DTE123', 'Other Backward Class', 'Kunbi (83)', 'REGULAR', NULL, 0x89504e470d0a1a0a0000000d49484452000000e1000000e10803000000096d22480000006f504c5445c462a0ffffffc1589bcb74abc25b9dc35e9eecd1e2c05299dca9c8c1599bc0559afefbfdc35f9eeccee0f3e1ecf5e5eff7eaf2e4bbd4e9c8dcc86ca6fcf5f9e7c3d9d89bc1d38fb9cc78adf1dce9e2b5d1f0d8e7dfafcdd491bbc96ea7cf82b2bd4894d9a2c4d698bece7fb1d188b6b7d8c57d0000041449444154789ceddcdb9a9a301405e0101230218320074145cb0cefff8cd5e9b4041c30f464375dffe50c177b7d214701c60000000000000000000000000000000000000000000000000000000000000000fe342985525cbfe35c0929cdb34bfa7d8ce09a55fbf650bc1ceb388e8f41916e5e3b5f6925561053f2302b8b6d1e7963515ea7e539e4f2d925fe0a2354952677d96cf9ae619c6a534a9e6de6e37d389619c59634dc2fee6fcd09d1ae23175131f77c37897e76c5cb98b05d94cff34af1ec9a171159bc2c9f97d3ba4979b3b0013defa09e5df412fcf05923c5c1a16df65dd7ed9bf6f4120f07d9e84c69be088bbb78f1e992a9f7a5da3ba138677e536c7f5cb0e3cfae7a01bd1bb7de2953cadcb591918ab332f876cd1ba12654a3164c4aaea6cb175ab6b5e7d584a60a751af6af8378340b085d150d9d9154ec0701b7954bff92824e40c306d34441a87447fa68073c85cfaee7b713e52020a1e1c3596e054c294d718e066b99e30a039acc1a6672aadbf639ca6e427a1b5a17562fdcad719491afd65286d456c195b636bdc50a8799abb537a1d8f4098335f642a6eb3ee17e9503a9ec27c37c95bd505adb26524712ce84b5f325b49f5d80077d425a67bbae787f3a98af6f5b7893f54bb66095dd50bef53729ade36b57f6504aec371647d23abf58e7c649b47d427f8d8bd2c1ee379b4928f8b4bf57edcfe0a99570fa32713a0693ce7fafdc9f60fd5a11cd5c66af0beefcdb77b795309fb98cbfac21e16c1b124e68f5c399cb2827b4c7d2e9cb0827b4374f33b305e5846d5f6935bda6219cd03e2c9d59b5119e2d64d757da4eafbc65b31969c924acfa83a8b99fd5a418f94225a1b176c08b7e570ba9241c9c622c390f2694d01a43d6d986f694bfe434914e427bba58f2cb139d8426eb4b4d161c27d249c8c2fe4143efe25e2ba184f6ee62c16d4a28a1b9f4b5ce6d8247082564da7ad664e37c284c29a17d189538174b29a1f1fb62bd8d6b4fa4949029eb776eefec38eb934a281b2ba1eb73cda4123261bf4672708b482ba11c3c025d3a75455a09478f08372e1189251c3c7f796d45871b955842c65b3ba197f28745534bc8f8e03ef5e2f3a3662497d0c8d16bb10553b33323b9844cfaa317f3a2b49a7e91594a32676d3dd18ddf3d8cead6d75c0cbf3060a4509a57af29bd844cbd7977a264b7b9641f5f54d03a0c99df6dd2633eb8884c4226aaa93748f3645bd7f136c93ffd2f9d844c66f5a7111e20949049913e0e443ae1755ebc6c1f47229df0da8c4b5fc8a796f0f66e68ebf4518c77d1b165041f1613ba79f97cd81cc8e3432735d1c7fd2467fb623b9d328f77ed85e9f985ddbf4e72915dda348893ef1fe1896ed362b03b94179f71b29fa6193046dcbe0cf5fd7b0352dcbe3870fdc3fd3bfa0000000000000000000000000000000000000000000000000000000000ffb9afa3c02de0071836ec0000000049454e44ae426082, 'download.png', 0),
(38, 'ROHIT', 'SANDEEP', 'SAWANT', 'FS18IF036', 'Open', '7A/A wing/flat no.1107, Sai baba CHS , Near hanuman mandir , golibar road, santacruz (east). Mumbai ', '2000-10-05', '8291520420', 'sawant.rohit510@gmail.com', 'M', '2018-12-27 13:17:33', 'FS', 0, 0, 'SWATI ', 'SAWANT', 400000, 1, 1, 2, 88.2, 0, 'DTE123', 'Open', '0', 'REGULAR', NULL, 0x89504e470d0a1a0a0000000d49484452000000e1000000e10803000000096d22480000006f504c5445c462a0ffffffc1589bcb74abc25b9dc35e9eecd1e2c05299dca9c8c1599bc0559afefbfdc35f9eeccee0f3e1ecf5e5eff7eaf2e4bbd4e9c8dcc86ca6fcf5f9e7c3d9d89bc1d38fb9cc78adf1dce9e2b5d1f0d8e7dfafcdd491bbc96ea7cf82b2bd4894d9a2c4d698bece7fb1d188b6b7d8c57d0000041449444154789ceddcdb9a9a301405e0101230218320074145cb0cefff8cd5e9b4041c30f464375dffe50c177b7d214701c60000000000000000000000000000000000000000000000000000000000000000fe342985525cbfe35c0929cdb34bfa7d8ce09a55fbf650bc1ceb388e8f41916e5e3b5f6925561053f2302b8b6d1e7963515ea7e539e4f2d925fe0a2354952677d96cf9ae619c6a534a9e6de6e37d389619c59634dc2fee6fcd09d1ae23175131f77c37897e76c5cb98b05d94cff34af1ec9a171159bc2c9f97d3ba4979b3b0013defa09e5df412fcf05923c5c1a16df65dd7ed9bf6f4120f07d9e84c69be088bbb78f1e992a9f7a5da3ba138677e536c7f5cb0e3cfae7a01bd1bb7de2953cadcb591918ab332f876cd1ba12654a3164c4aaea6cb175ab6b5e7d584a60a751af6af8378340b085d150d9d9154ec0701b7954bff92824e40c306d34441a87447fa68073c85cfaee7b713e52020a1e1c3596e054c294d718e066b99e30a039acc1a6672aadbf639ca6e427a1b5a17562fdcad719491afd65286d456c195b636bdc50a8799abb537a1d8f4098335f642a6eb3ee17e9503a9ec27c37c95bd505adb26524712ce84b5f325b49f5d80077d425a67bbae787f3a98af6f5b7893f54bb66095dd50bef53729ade36b57f6504aec371647d23abf58e7c649b47d427f8d8bd2c1ee379b4928f8b4bf57edcfe0a99570fa32713a0693ce7fafdc9f60fd5a11cd5c66af0beefcdb77b795309fb98cbfac21e16c1b124e68f5c399cb2827b4c7d2e9cb0827b4374f33b305e5846d5f6935bda6219cd03e2c9d59b5119e2d64d757da4eafbc65b31969c924acfa83a8b99fd5a418f94225a1b176c08b7e570ba9241c9c622c390f2694d01a43d6d986f694bfe434914e427bba58f2cb139d8426eb4b4d161c27d249c8c2fe4143efe25e2ba184f6ee62c16d4a28a1b9f4b5ce6d8247082564da7ad664e37c284c29a17d189538174b29a1f1fb62bd8d6b4fa4949029eb776eefec38eb934a281b2ba1eb73cda4123261bf4672708b482ba11c3c025d3a75455a09478f08372e1189251c3c7f796d45871b955842c65b3ba197f28745534bc8f8e03ef5e2f3a3662497d0c8d16bb10553b33323b9844cfaa317f3a2b49a7e91594a32676d3dd18ddf3d8cead6d75c0cbf3060a4509a57af29bd844cbd7977a264b7b9641f5f54d03a0c99df6dd2633eb8884c4226aaa93748f3645bd7f136c93ffd2f9d844c66f5a7111e20949049913e0e443ae1755ebc6c1f47229df0da8c4b5fc8a796f0f66e68ebf4518c77d1b165041f1613ba79f97cd81cc8e3432735d1c7fd2467fb623b9d328f77ed85e9f985ddbf4e72915dda348893ef1fe1896ed362b03b94179f71b29fa6193046dcbe0cf5fd7b0352dcbe3870fdc3fd3bfa0000000000000000000000000000000000000000000000000000000000ffb9afa3c02de0071836ec0000000049454e44ae426082, 'download.png', 0),
(39, 'ABHISHEK', 'SHEKHAR', 'POLEKAR', 'FS18IF037', 'Other Backward Class', 'ParvatiBai nivas/Rooom no.10 , 329 D.C.A.\r\n', '2001-07-09', '9892133125', 'abhishekpolekar54@gmail.com', 'M', '2018-12-27 13:19:24', 'FS', 0, 0, 'SHUBHADA', 'POLEKAR', 96000, 1, 1, 2, 83.8, 0, 'DTE123', 'Other Backward Class', 'Bhandari (187)', 'REGULAR', NULL, 0x89504e470d0a1a0a0000000d49484452000000e1000000e10803000000096d22480000006f504c5445c462a0ffffffc1589bcb74abc25b9dc35e9eecd1e2c05299dca9c8c1599bc0559afefbfdc35f9eeccee0f3e1ecf5e5eff7eaf2e4bbd4e9c8dcc86ca6fcf5f9e7c3d9d89bc1d38fb9cc78adf1dce9e2b5d1f0d8e7dfafcdd491bbc96ea7cf82b2bd4894d9a2c4d698bece7fb1d188b6b7d8c57d0000041449444154789ceddcdb9a9a301405e0101230218320074145cb0cefff8cd5e9b4041c30f464375dffe50c177b7d214701c60000000000000000000000000000000000000000000000000000000000000000fe342985525cbfe35c0929cdb34bfa7d8ce09a55fbf650bc1ceb388e8f41916e5e3b5f6925561053f2302b8b6d1e7963515ea7e539e4f2d925fe0a2354952677d96cf9ae619c6a534a9e6de6e37d389619c59634dc2fee6fcd09d1ae23175131f77c37897e76c5cb98b05d94cff34af1ec9a171159bc2c9f97d3ba4979b3b0013defa09e5df412fcf05923c5c1a16df65dd7ed9bf6f4120f07d9e84c69be088bbb78f1e992a9f7a5da3ba138677e536c7f5cb0e3cfae7a01bd1bb7de2953cadcb591918ab332f876cd1ba12654a3164c4aaea6cb175ab6b5e7d584a60a751af6af8378340b085d150d9d9154ec0701b7954bff92824e40c306d34441a87447fa68073c85cfaee7b713e52020a1e1c3596e054c294d718e066b99e30a039acc1a6672aadbf639ca6e427a1b5a17562fdcad719491afd65286d456c195b636bdc50a8799abb537a1d8f4098335f642a6eb3ee17e9503a9ec27c37c95bd505adb26524712ce84b5f325b49f5d80077d425a67bbae787f3a98af6f5b7893f54bb66095dd50bef53729ade36b57f6504aec371647d23abf58e7c649b47d427f8d8bd2c1ee379b4928f8b4bf57edcfe0a99570fa32713a0693ce7fafdc9f60fd5a11cd5c66af0beefcdb77b795309fb98cbfac21e16c1b124e68f5c399cb2827b4c7d2e9cb0827b4374f33b305e5846d5f6935bda6219cd03e2c9d59b5119e2d64d757da4eafbc65b31969c924acfa83a8b99fd5a418f94225a1b176c08b7e570ba9241c9c622c390f2694d01a43d6d986f694bfe434914e427bba58f2cb139d8426eb4b4d161c27d249c8c2fe4143efe25e2ba184f6ee62c16d4a28a1b9f4b5ce6d8247082564da7ad664e37c284c29a17d189538174b29a1f1fb62bd8d6b4fa4949029eb776eefec38eb934a281b2ba1eb73cda4123261bf4672708b482ba11c3c025d3a75455a09478f08372e1189251c3c7f796d45871b955842c65b3ba197f28745534bc8f8e03ef5e2f3a3662497d0c8d16bb10553b33323b9844cfaa317f3a2b49a7e91594a32676d3dd18ddf3d8cead6d75c0cbf3060a4509a57af29bd844cbd7977a264b7b9641f5f54d03a0c99df6dd2633eb8884c4226aaa93748f3645bd7f136c93ffd2f9d844c66f5a7111e20949049913e0e443ae1755ebc6c1f47229df0da8c4b5fc8a796f0f66e68ebf4518c77d1b165041f1613ba79f97cd81cc8e3432735d1c7fd2467fb623b9d328f77ed85e9f985ddbf4e72915dda348893ef1fe1896ed362b03b94179f71b29fa6193046dcbe0cf5fd7b0352dcbe3870fdc3fd3bfa0000000000000000000000000000000000000000000000000000000000ffb9afa3c02de0071836ec0000000049454e44ae426082, 'download.png', 0),
(40, 'ABRAR', 'SHAIKH', 'MOHAMMED', 'FS18IF038', 'Open', 'G:15,room no:4,m l camp,mumbai-400019\r\n', '2000-09-22', '8779147253', 'abrarshaikhs1234@gmail.com', 'M', '2018-12-27 13:20:58', 'FS', 0, 0, 'MEHABOOBA', 'SHAIKH', 108000, 1, 1, 2, 86.4, 0, 'DTE123', 'Open', '0', 'REGULAR', NULL, 0x89504e470d0a1a0a0000000d49484452000000e1000000e10803000000096d22480000006f504c5445c462a0ffffffc1589bcb74abc25b9dc35e9eecd1e2c05299dca9c8c1599bc0559afefbfdc35f9eeccee0f3e1ecf5e5eff7eaf2e4bbd4e9c8dcc86ca6fcf5f9e7c3d9d89bc1d38fb9cc78adf1dce9e2b5d1f0d8e7dfafcdd491bbc96ea7cf82b2bd4894d9a2c4d698bece7fb1d188b6b7d8c57d0000041449444154789ceddcdb9a9a301405e0101230218320074145cb0cefff8cd5e9b4041c30f464375dffe50c177b7d214701c60000000000000000000000000000000000000000000000000000000000000000fe342985525cbfe35c0929cdb34bfa7d8ce09a55fbf650bc1ceb388e8f41916e5e3b5f6925561053f2302b8b6d1e7963515ea7e539e4f2d925fe0a2354952677d96cf9ae619c6a534a9e6de6e37d389619c59634dc2fee6fcd09d1ae23175131f77c37897e76c5cb98b05d94cff34af1ec9a171159bc2c9f97d3ba4979b3b0013defa09e5df412fcf05923c5c1a16df65dd7ed9bf6f4120f07d9e84c69be088bbb78f1e992a9f7a5da3ba138677e536c7f5cb0e3cfae7a01bd1bb7de2953cadcb591918ab332f876cd1ba12654a3164c4aaea6cb175ab6b5e7d584a60a751af6af8378340b085d150d9d9154ec0701b7954bff92824e40c306d34441a87447fa68073c85cfaee7b713e52020a1e1c3596e054c294d718e066b99e30a039acc1a6672aadbf639ca6e427a1b5a17562fdcad719491afd65286d456c195b636bdc50a8799abb537a1d8f4098335f642a6eb3ee17e9503a9ec27c37c95bd505adb26524712ce84b5f325b49f5d80077d425a67bbae787f3a98af6f5b7893f54bb66095dd50bef53729ade36b57f6504aec371647d23abf58e7c649b47d427f8d8bd2c1ee379b4928f8b4bf57edcfe0a99570fa32713a0693ce7fafdc9f60fd5a11cd5c66af0beefcdb77b795309fb98cbfac21e16c1b124e68f5c399cb2827b4c7d2e9cb0827b4374f33b305e5846d5f6935bda6219cd03e2c9d59b5119e2d64d757da4eafbc65b31969c924acfa83a8b99fd5a418f94225a1b176c08b7e570ba9241c9c622c390f2694d01a43d6d986f694bfe434914e427bba58f2cb139d8426eb4b4d161c27d249c8c2fe4143efe25e2ba184f6ee62c16d4a28a1b9f4b5ce6d8247082564da7ad664e37c284c29a17d189538174b29a1f1fb62bd8d6b4fa4949029eb776eefec38eb934a281b2ba1eb73cda4123261bf4672708b482ba11c3c025d3a75455a09478f08372e1189251c3c7f796d45871b955842c65b3ba197f28745534bc8f8e03ef5e2f3a3662497d0c8d16bb10553b33323b9844cfaa317f3a2b49a7e91594a32676d3dd18ddf3d8cead6d75c0cbf3060a4509a57af29bd844cbd7977a264b7b9641f5f54d03a0c99df6dd2633eb8884c4226aaa93748f3645bd7f136c93ffd2f9d844c66f5a7111e20949049913e0e443ae1755ebc6c1f47229df0da8c4b5fc8a796f0f66e68ebf4518c77d1b165041f1613ba79f97cd81cc8e3432735d1c7fd2467fb623b9d328f77ed85e9f985ddbf4e72915dda348893ef1fe1896ed362b03b94179f71b29fa6193046dcbe0cf5fd7b0352dcbe3870fdc3fd3bfa0000000000000000000000000000000000000000000000000000000000ffb9afa3c02de0071836ec0000000049454e44ae426082, 'download.png', 0),
(42, 'PURVA ', 'SANJAY ', 'GHOLAP', 'SS18IF002', 'Other Backward Class', 'Om Siddhivinayak Residency,bld no-3,3103,near regency sarvam sales office,Titwala(east)\r\n', '2000-09-01', '8169384228', 'purvagholap491@gmail.com', 'F', '2018-12-27 16:20:28', 'SS', 0, 0, 'SUVARNA', 'GHOLAP', 650000, 1, 1, 2, 92.6, 0, 'DTE123', 'Other Backward Class', 'Kunbi (83)', 'REGULAR', NULL, 0x89504e470d0a1a0a0000000d49484452000000e1000000e10803000000096d22480000006f504c5445c462a0ffffffc1589bcb74abc25b9dc35e9eecd1e2c05299dca9c8c1599bc0559afefbfdc35f9eeccee0f3e1ecf5e5eff7eaf2e4bbd4e9c8dcc86ca6fcf5f9e7c3d9d89bc1d38fb9cc78adf1dce9e2b5d1f0d8e7dfafcdd491bbc96ea7cf82b2bd4894d9a2c4d698bece7fb1d188b6b7d8c57d0000041449444154789ceddcdb9a9a301405e0101230218320074145cb0cefff8cd5e9b4041c30f464375dffe50c177b7d214701c60000000000000000000000000000000000000000000000000000000000000000fe342985525cbfe35c0929cdb34bfa7d8ce09a55fbf650bc1ceb388e8f41916e5e3b5f6925561053f2302b8b6d1e7963515ea7e539e4f2d925fe0a2354952677d96cf9ae619c6a534a9e6de6e37d389619c59634dc2fee6fcd09d1ae23175131f77c37897e76c5cb98b05d94cff34af1ec9a171159bc2c9f97d3ba4979b3b0013defa09e5df412fcf05923c5c1a16df65dd7ed9bf6f4120f07d9e84c69be088bbb78f1e992a9f7a5da3ba138677e536c7f5cb0e3cfae7a01bd1bb7de2953cadcb591918ab332f876cd1ba12654a3164c4aaea6cb175ab6b5e7d584a60a751af6af8378340b085d150d9d9154ec0701b7954bff92824e40c306d34441a87447fa68073c85cfaee7b713e52020a1e1c3596e054c294d718e066b99e30a039acc1a6672aadbf639ca6e427a1b5a17562fdcad719491afd65286d456c195b636bdc50a8799abb537a1d8f4098335f642a6eb3ee17e9503a9ec27c37c95bd505adb26524712ce84b5f325b49f5d80077d425a67bbae787f3a98af6f5b7893f54bb66095dd50bef53729ade36b57f6504aec371647d23abf58e7c649b47d427f8d8bd2c1ee379b4928f8b4bf57edcfe0a99570fa32713a0693ce7fafdc9f60fd5a11cd5c66af0beefcdb77b795309fb98cbfac21e16c1b124e68f5c399cb2827b4c7d2e9cb0827b4374f33b305e5846d5f6935bda6219cd03e2c9d59b5119e2d64d757da4eafbc65b31969c924acfa83a8b99fd5a418f94225a1b176c08b7e570ba9241c9c622c390f2694d01a43d6d986f694bfe434914e427bba58f2cb139d8426eb4b4d161c27d249c8c2fe4143efe25e2ba184f6ee62c16d4a28a1b9f4b5ce6d8247082564da7ad664e37c284c29a17d189538174b29a1f1fb62bd8d6b4fa4949029eb776eefec38eb934a281b2ba1eb73cda4123261bf4672708b482ba11c3c025d3a75455a09478f08372e1189251c3c7f796d45871b955842c65b3ba197f28745534bc8f8e03ef5e2f3a3662497d0c8d16bb10553b33323b9844cfaa317f3a2b49a7e91594a32676d3dd18ddf3d8cead6d75c0cbf3060a4509a57af29bd844cbd7977a264b7b9641f5f54d03a0c99df6dd2633eb8884c4226aaa93748f3645bd7f136c93ffd2f9d844c66f5a7111e20949049913e0e443ae1755ebc6c1f47229df0da8c4b5fc8a796f0f66e68ebf4518c77d1b165041f1613ba79f97cd81cc8e3432735d1c7fd2467fb623b9d328f77ed85e9f985ddbf4e72915dda348893ef1fe1896ed362b03b94179f71b29fa6193046dcbe0cf5fd7b0352dcbe3870fdc3fd3bfa0000000000000000000000000000000000000000000000000000000000ffb9afa3c02de0071836ec0000000049454e44ae426082, 'download.png', 0),
(43, 'KAMLESH', 'BHAGWAN', 'PATIL', 'SS18IF003', 'Other Backward Class', '23-b,om priyadarshani, Sindy Cate, Kalyan w\r\n', '2000-08-25', '8424957257', 'kpkamleshpatil333@gmail.com', 'M', '2018-12-27 16:26:23', 'SS', 0, 0, 'ARCHANA', 'PATIL', 700000, 1, 1, 2, 85.6, 0, 'DTE123', 'Other Backward Class', 'Kunbi (83)', 'REGULAR', NULL, 0x89504e470d0a1a0a0000000d49484452000000e1000000e10803000000096d22480000006f504c5445c462a0ffffffc1589bcb74abc25b9dc35e9eecd1e2c05299dca9c8c1599bc0559afefbfdc35f9eeccee0f3e1ecf5e5eff7eaf2e4bbd4e9c8dcc86ca6fcf5f9e7c3d9d89bc1d38fb9cc78adf1dce9e2b5d1f0d8e7dfafcdd491bbc96ea7cf82b2bd4894d9a2c4d698bece7fb1d188b6b7d8c57d0000041449444154789ceddcdb9a9a301405e0101230218320074145cb0cefff8cd5e9b4041c30f464375dffe50c177b7d214701c60000000000000000000000000000000000000000000000000000000000000000fe342985525cbfe35c0929cdb34bfa7d8ce09a55fbf650bc1ceb388e8f41916e5e3b5f6925561053f2302b8b6d1e7963515ea7e539e4f2d925fe0a2354952677d96cf9ae619c6a534a9e6de6e37d389619c59634dc2fee6fcd09d1ae23175131f77c37897e76c5cb98b05d94cff34af1ec9a171159bc2c9f97d3ba4979b3b0013defa09e5df412fcf05923c5c1a16df65dd7ed9bf6f4120f07d9e84c69be088bbb78f1e992a9f7a5da3ba138677e536c7f5cb0e3cfae7a01bd1bb7de2953cadcb591918ab332f876cd1ba12654a3164c4aaea6cb175ab6b5e7d584a60a751af6af8378340b085d150d9d9154ec0701b7954bff92824e40c306d34441a87447fa68073c85cfaee7b713e52020a1e1c3596e054c294d718e066b99e30a039acc1a6672aadbf639ca6e427a1b5a17562fdcad719491afd65286d456c195b636bdc50a8799abb537a1d8f4098335f642a6eb3ee17e9503a9ec27c37c95bd505adb26524712ce84b5f325b49f5d80077d425a67bbae787f3a98af6f5b7893f54bb66095dd50bef53729ade36b57f6504aec371647d23abf58e7c649b47d427f8d8bd2c1ee379b4928f8b4bf57edcfe0a99570fa32713a0693ce7fafdc9f60fd5a11cd5c66af0beefcdb77b795309fb98cbfac21e16c1b124e68f5c399cb2827b4c7d2e9cb0827b4374f33b305e5846d5f6935bda6219cd03e2c9d59b5119e2d64d757da4eafbc65b31969c924acfa83a8b99fd5a418f94225a1b176c08b7e570ba9241c9c622c390f2694d01a43d6d986f694bfe434914e427bba58f2cb139d8426eb4b4d161c27d249c8c2fe4143efe25e2ba184f6ee62c16d4a28a1b9f4b5ce6d8247082564da7ad664e37c284c29a17d189538174b29a1f1fb62bd8d6b4fa4949029eb776eefec38eb934a281b2ba1eb73cda4123261bf4672708b482ba11c3c025d3a75455a09478f08372e1189251c3c7f796d45871b955842c65b3ba197f28745534bc8f8e03ef5e2f3a3662497d0c8d16bb10553b33323b9844cfaa317f3a2b49a7e91594a32676d3dd18ddf3d8cead6d75c0cbf3060a4509a57af29bd844cbd7977a264b7b9641f5f54d03a0c99df6dd2633eb8884c4226aaa93748f3645bd7f136c93ffd2f9d844c66f5a7111e20949049913e0e443ae1755ebc6c1f47229df0da8c4b5fc8a796f0f66e68ebf4518c77d1b165041f1613ba79f97cd81cc8e3432735d1c7fd2467fb623b9d328f77ed85e9f985ddbf4e72915dda348893ef1fe1896ed362b03b94179f71b29fa6193046dcbe0cf5fd7b0352dcbe3870fdc3fd3bfa0000000000000000000000000000000000000000000000000000000000ffb9afa3c02de0071836ec0000000049454e44ae426082, 'download.png', 0),
(44, 'KIRAN', 'SANTOSH', 'GAYKAR', 'SS18IF004', 'Other Backward Class', 'at post kishor,tal-murbad,dist-thane pin  421 401 .\r\n', '2001-01-09', '7887686580', 'kirangaykar0901@gmail.com', 'F', '2018-12-27 16:33:24', 'SS', 1, 0, 'BEBI', 'GAYKAR', 55000, 1, 1, 2, 88, 0, 'DTE123', 'Other Backward Class', 'Kunbi (83)', 'REGULAR', NULL, 0x89504e470d0a1a0a0000000d49484452000000e1000000e10803000000096d22480000006f504c5445c462a0ffffffc1589bcb74abc25b9dc35e9eecd1e2c05299dca9c8c1599bc0559afefbfdc35f9eeccee0f3e1ecf5e5eff7eaf2e4bbd4e9c8dcc86ca6fcf5f9e7c3d9d89bc1d38fb9cc78adf1dce9e2b5d1f0d8e7dfafcdd491bbc96ea7cf82b2bd4894d9a2c4d698bece7fb1d188b6b7d8c57d0000041449444154789ceddcdb9a9a301405e0101230218320074145cb0cefff8cd5e9b4041c30f464375dffe50c177b7d214701c60000000000000000000000000000000000000000000000000000000000000000fe342985525cbfe35c0929cdb34bfa7d8ce09a55fbf650bc1ceb388e8f41916e5e3b5f6925561053f2302b8b6d1e7963515ea7e539e4f2d925fe0a2354952677d96cf9ae619c6a534a9e6de6e37d389619c59634dc2fee6fcd09d1ae23175131f77c37897e76c5cb98b05d94cff34af1ec9a171159bc2c9f97d3ba4979b3b0013defa09e5df412fcf05923c5c1a16df65dd7ed9bf6f4120f07d9e84c69be088bbb78f1e992a9f7a5da3ba138677e536c7f5cb0e3cfae7a01bd1bb7de2953cadcb591918ab332f876cd1ba12654a3164c4aaea6cb175ab6b5e7d584a60a751af6af8378340b085d150d9d9154ec0701b7954bff92824e40c306d34441a87447fa68073c85cfaee7b713e52020a1e1c3596e054c294d718e066b99e30a039acc1a6672aadbf639ca6e427a1b5a17562fdcad719491afd65286d456c195b636bdc50a8799abb537a1d8f4098335f642a6eb3ee17e9503a9ec27c37c95bd505adb26524712ce84b5f325b49f5d80077d425a67bbae787f3a98af6f5b7893f54bb66095dd50bef53729ade36b57f6504aec371647d23abf58e7c649b47d427f8d8bd2c1ee379b4928f8b4bf57edcfe0a99570fa32713a0693ce7fafdc9f60fd5a11cd5c66af0beefcdb77b795309fb98cbfac21e16c1b124e68f5c399cb2827b4c7d2e9cb0827b4374f33b305e5846d5f6935bda6219cd03e2c9d59b5119e2d64d757da4eafbc65b31969c924acfa83a8b99fd5a418f94225a1b176c08b7e570ba9241c9c622c390f2694d01a43d6d986f694bfe434914e427bba58f2cb139d8426eb4b4d161c27d249c8c2fe4143efe25e2ba184f6ee62c16d4a28a1b9f4b5ce6d8247082564da7ad664e37c284c29a17d189538174b29a1f1fb62bd8d6b4fa4949029eb776eefec38eb934a281b2ba1eb73cda4123261bf4672708b482ba11c3c025d3a75455a09478f08372e1189251c3c7f796d45871b955842c65b3ba197f28745534bc8f8e03ef5e2f3a3662497d0c8d16bb10553b33323b9844cfaa317f3a2b49a7e91594a32676d3dd18ddf3d8cead6d75c0cbf3060a4509a57af29bd844cbd7977a264b7b9641f5f54d03a0c99df6dd2633eb8884c4226aaa93748f3645bd7f136c93ffd2f9d844c66f5a7111e20949049913e0e443ae1755ebc6c1f47229df0da8c4b5fc8a796f0f66e68ebf4518c77d1b165041f1613ba79f97cd81cc8e3432735d1c7fd2467fb623b9d328f77ed85e9f985ddbf4e72915dda348893ef1fe1896ed362b03b94179f71b29fa6193046dcbe0cf5fd7b0352dcbe3870fdc3fd3bfa0000000000000000000000000000000000000000000000000000000000ffb9afa3c02de0071836ec0000000049454e44ae426082, 'download.png', 0),
(45, 'NAMRATA', 'RAJU', 'PAWAR', 'SS18IF005', 'Other Backward Class', 'Near dyandeep School, Devichi Ali ,Murbad\r\n', '2001-05-10', '8169229649', 'namunishu4912@gmail.com', 'F', '2018-12-27 16:37:19', 'SS', 0, 0, 'ROHINI', 'PAWAR', 50000, 1, 1, 2, 86.4, 0, 'DTE123', 'Other Backward Class', 'Kunbi (83)', 'REGULAR', NULL, 0x89504e470d0a1a0a0000000d49484452000000e1000000e10803000000096d22480000006f504c5445c462a0ffffffc1589bcb74abc25b9dc35e9eecd1e2c05299dca9c8c1599bc0559afefbfdc35f9eeccee0f3e1ecf5e5eff7eaf2e4bbd4e9c8dcc86ca6fcf5f9e7c3d9d89bc1d38fb9cc78adf1dce9e2b5d1f0d8e7dfafcdd491bbc96ea7cf82b2bd4894d9a2c4d698bece7fb1d188b6b7d8c57d0000041449444154789ceddcdb9a9a301405e0101230218320074145cb0cefff8cd5e9b4041c30f464375dffe50c177b7d214701c60000000000000000000000000000000000000000000000000000000000000000fe342985525cbfe35c0929cdb34bfa7d8ce09a55fbf650bc1ceb388e8f41916e5e3b5f6925561053f2302b8b6d1e7963515ea7e539e4f2d925fe0a2354952677d96cf9ae619c6a534a9e6de6e37d389619c59634dc2fee6fcd09d1ae23175131f77c37897e76c5cb98b05d94cff34af1ec9a171159bc2c9f97d3ba4979b3b0013defa09e5df412fcf05923c5c1a16df65dd7ed9bf6f4120f07d9e84c69be088bbb78f1e992a9f7a5da3ba138677e536c7f5cb0e3cfae7a01bd1bb7de2953cadcb591918ab332f876cd1ba12654a3164c4aaea6cb175ab6b5e7d584a60a751af6af8378340b085d150d9d9154ec0701b7954bff92824e40c306d34441a87447fa68073c85cfaee7b713e52020a1e1c3596e054c294d718e066b99e30a039acc1a6672aadbf639ca6e427a1b5a17562fdcad719491afd65286d456c195b636bdc50a8799abb537a1d8f4098335f642a6eb3ee17e9503a9ec27c37c95bd505adb26524712ce84b5f325b49f5d80077d425a67bbae787f3a98af6f5b7893f54bb66095dd50bef53729ade36b57f6504aec371647d23abf58e7c649b47d427f8d8bd2c1ee379b4928f8b4bf57edcfe0a99570fa32713a0693ce7fafdc9f60fd5a11cd5c66af0beefcdb77b795309fb98cbfac21e16c1b124e68f5c399cb2827b4c7d2e9cb0827b4374f33b305e5846d5f6935bda6219cd03e2c9d59b5119e2d64d757da4eafbc65b31969c924acfa83a8b99fd5a418f94225a1b176c08b7e570ba9241c9c622c390f2694d01a43d6d986f694bfe434914e427bba58f2cb139d8426eb4b4d161c27d249c8c2fe4143efe25e2ba184f6ee62c16d4a28a1b9f4b5ce6d8247082564da7ad664e37c284c29a17d189538174b29a1f1fb62bd8d6b4fa4949029eb776eefec38eb934a281b2ba1eb73cda4123261bf4672708b482ba11c3c025d3a75455a09478f08372e1189251c3c7f796d45871b955842c65b3ba197f28745534bc8f8e03ef5e2f3a3662497d0c8d16bb10553b33323b9844cfaa317f3a2b49a7e91594a32676d3dd18ddf3d8cead6d75c0cbf3060a4509a57af29bd844cbd7977a264b7b9641f5f54d03a0c99df6dd2633eb8884c4226aaa93748f3645bd7f136c93ffd2f9d844c66f5a7111e20949049913e0e443ae1755ebc6c1f47229df0da8c4b5fc8a796f0f66e68ebf4518c77d1b165041f1613ba79f97cd81cc8e3432735d1c7fd2467fb623b9d328f77ed85e9f985ddbf4e72915dda348893ef1fe1896ed362b03b94179f71b29fa6193046dcbe0cf5fd7b0352dcbe3870fdc3fd3bfa0000000000000000000000000000000000000000000000000000000000ffb9afa3c02de0071836ec0000000049454e44ae426082, 'download.png', 0),
(46, 'SHRUTIKA', 'RAJENDRA', 'BANSODE', 'SS18IF006', 'Open', 'Jaihind Nagar Jaybharat Chawl Committee Ahmedabad Road Khar East\r\n', '2000-09-03', '7304182311', 'bansodeshrutika03@gmail.com', 'F', '2018-12-27 17:36:47', 'SS', 0, 0, 'SUNITA', 'BANSODE', 4500, 1, 1, 2, 69.6, 0, 'DTE123', 'Open', '0', 'REGULAR', NULL, 0x89504e470d0a1a0a0000000d49484452000000e1000000e10803000000096d22480000006f504c5445c462a0ffffffc1589bcb74abc25b9dc35e9eecd1e2c05299dca9c8c1599bc0559afefbfdc35f9eeccee0f3e1ecf5e5eff7eaf2e4bbd4e9c8dcc86ca6fcf5f9e7c3d9d89bc1d38fb9cc78adf1dce9e2b5d1f0d8e7dfafcdd491bbc96ea7cf82b2bd4894d9a2c4d698bece7fb1d188b6b7d8c57d0000041449444154789ceddcdb9a9a301405e0101230218320074145cb0cefff8cd5e9b4041c30f464375dffe50c177b7d214701c60000000000000000000000000000000000000000000000000000000000000000fe342985525cbfe35c0929cdb34bfa7d8ce09a55fbf650bc1ceb388e8f41916e5e3b5f6925561053f2302b8b6d1e7963515ea7e539e4f2d925fe0a2354952677d96cf9ae619c6a534a9e6de6e37d389619c59634dc2fee6fcd09d1ae23175131f77c37897e76c5cb98b05d94cff34af1ec9a171159bc2c9f97d3ba4979b3b0013defa09e5df412fcf05923c5c1a16df65dd7ed9bf6f4120f07d9e84c69be088bbb78f1e992a9f7a5da3ba138677e536c7f5cb0e3cfae7a01bd1bb7de2953cadcb591918ab332f876cd1ba12654a3164c4aaea6cb175ab6b5e7d584a60a751af6af8378340b085d150d9d9154ec0701b7954bff92824e40c306d34441a87447fa68073c85cfaee7b713e52020a1e1c3596e054c294d718e066b99e30a039acc1a6672aadbf639ca6e427a1b5a17562fdcad719491afd65286d456c195b636bdc50a8799abb537a1d8f4098335f642a6eb3ee17e9503a9ec27c37c95bd505adb26524712ce84b5f325b49f5d80077d425a67bbae787f3a98af6f5b7893f54bb66095dd50bef53729ade36b57f6504aec371647d23abf58e7c649b47d427f8d8bd2c1ee379b4928f8b4bf57edcfe0a99570fa32713a0693ce7fafdc9f60fd5a11cd5c66af0beefcdb77b795309fb98cbfac21e16c1b124e68f5c399cb2827b4c7d2e9cb0827b4374f33b305e5846d5f6935bda6219cd03e2c9d59b5119e2d64d757da4eafbc65b31969c924acfa83a8b99fd5a418f94225a1b176c08b7e570ba9241c9c622c390f2694d01a43d6d986f694bfe434914e427bba58f2cb139d8426eb4b4d161c27d249c8c2fe4143efe25e2ba184f6ee62c16d4a28a1b9f4b5ce6d8247082564da7ad664e37c284c29a17d189538174b29a1f1fb62bd8d6b4fa4949029eb776eefec38eb934a281b2ba1eb73cda4123261bf4672708b482ba11c3c025d3a75455a09478f08372e1189251c3c7f796d45871b955842c65b3ba197f28745534bc8f8e03ef5e2f3a3662497d0c8d16bb10553b33323b9844cfaa317f3a2b49a7e91594a32676d3dd18ddf3d8cead6d75c0cbf3060a4509a57af29bd844cbd7977a264b7b9641f5f54d03a0c99df6dd2633eb8884c4226aaa93748f3645bd7f136c93ffd2f9d844c66f5a7111e20949049913e0e443ae1755ebc6c1f47229df0da8c4b5fc8a796f0f66e68ebf4518c77d1b165041f1613ba79f97cd81cc8e3432735d1c7fd2467fb623b9d328f77ed85e9f985ddbf4e72915dda348893ef1fe1896ed362b03b94179f71b29fa6193046dcbe0cf5fd7b0352dcbe3870fdc3fd3bfa0000000000000000000000000000000000000000000000000000000000ffb9afa3c02de0071836ec0000000049454e44ae426082, 'download.png', 0),
(47, 'KALYANI', 'BAJIRAO', 'SARAK', 'FW18IF002', 'Nomadic Tribes-2( NT', 'Gulab swami darshan building chandansar road virar (East)\r\n', '2000-08-25', '7385096445', 'kalyanisarak@gmail.com', 'F', '2018-12-27 17:42:10', 'SS', 0, 1, 'SUSHAMA', 'SARAK', 45000, 1, 1, 2, 84, 0, 'DTE123', 'Nomadic Tribes-2( NT-C)', 'Dhangar', 'REGULAR', NULL, 0x89504e470d0a1a0a0000000d49484452000000e1000000e10803000000096d22480000006f504c5445c462a0ffffffc1589bcb74abc25b9dc35e9eecd1e2c05299dca9c8c1599bc0559afefbfdc35f9eeccee0f3e1ecf5e5eff7eaf2e4bbd4e9c8dcc86ca6fcf5f9e7c3d9d89bc1d38fb9cc78adf1dce9e2b5d1f0d8e7dfafcdd491bbc96ea7cf82b2bd4894d9a2c4d698bece7fb1d188b6b7d8c57d0000041449444154789ceddcdb9a9a301405e0101230218320074145cb0cefff8cd5e9b4041c30f464375dffe50c177b7d214701c60000000000000000000000000000000000000000000000000000000000000000fe342985525cbfe35c0929cdb34bfa7d8ce09a55fbf650bc1ceb388e8f41916e5e3b5f6925561053f2302b8b6d1e7963515ea7e539e4f2d925fe0a2354952677d96cf9ae619c6a534a9e6de6e37d389619c59634dc2fee6fcd09d1ae23175131f77c37897e76c5cb98b05d94cff34af1ec9a171159bc2c9f97d3ba4979b3b0013defa09e5df412fcf05923c5c1a16df65dd7ed9bf6f4120f07d9e84c69be088bbb78f1e992a9f7a5da3ba138677e536c7f5cb0e3cfae7a01bd1bb7de2953cadcb591918ab332f876cd1ba12654a3164c4aaea6cb175ab6b5e7d584a60a751af6af8378340b085d150d9d9154ec0701b7954bff92824e40c306d34441a87447fa68073c85cfaee7b713e52020a1e1c3596e054c294d718e066b99e30a039acc1a6672aadbf639ca6e427a1b5a17562fdcad719491afd65286d456c195b636bdc50a8799abb537a1d8f4098335f642a6eb3ee17e9503a9ec27c37c95bd505adb26524712ce84b5f325b49f5d80077d425a67bbae787f3a98af6f5b7893f54bb66095dd50bef53729ade36b57f6504aec371647d23abf58e7c649b47d427f8d8bd2c1ee379b4928f8b4bf57edcfe0a99570fa32713a0693ce7fafdc9f60fd5a11cd5c66af0beefcdb77b795309fb98cbfac21e16c1b124e68f5c399cb2827b4c7d2e9cb0827b4374f33b305e5846d5f6935bda6219cd03e2c9d59b5119e2d64d757da4eafbc65b31969c924acfa83a8b99fd5a418f94225a1b176c08b7e570ba9241c9c622c390f2694d01a43d6d986f694bfe434914e427bba58f2cb139d8426eb4b4d161c27d249c8c2fe4143efe25e2ba184f6ee62c16d4a28a1b9f4b5ce6d8247082564da7ad664e37c284c29a17d189538174b29a1f1fb62bd8d6b4fa4949029eb776eefec38eb934a281b2ba1eb73cda4123261bf4672708b482ba11c3c025d3a75455a09478f08372e1189251c3c7f796d45871b955842c65b3ba197f28745534bc8f8e03ef5e2f3a3662497d0c8d16bb10553b33323b9844cfaa317f3a2b49a7e91594a32676d3dd18ddf3d8cead6d75c0cbf3060a4509a57af29bd844cbd7977a264b7b9641f5f54d03a0c99df6dd2633eb8884c4226aaa93748f3645bd7f136c93ffd2f9d844c66f5a7111e20949049913e0e443ae1755ebc6c1f47229df0da8c4b5fc8a796f0f66e68ebf4518c77d1b165041f1613ba79f97cd81cc8e3432735d1c7fd2467fb623b9d328f77ed85e9f985ddbf4e72915dda348893ef1fe1896ed362b03b94179f71b29fa6193046dcbe0cf5fd7b0352dcbe3870fdc3fd3bfa0000000000000000000000000000000000000000000000000000000000ffb9afa3c02de0071836ec0000000049454e44ae426082, 'download.png', 0),
(48, 'RUFA', 'NOOR MOHD', 'KAZI', 'SS18IF007', 'Open', 'Balaji Complex  B/603  Plot No. 3C,,,,400706\r\n', '2000-11-25', '9594496905', 'kazirufa@gmail.com', 'F', '2018-12-27 17:51:23', 'SS', 0, 0, 'SHENAZ ', 'KAZI', 50000, 1, 1, 2, 85, 0, 'DTE1234', 'Open', '0', 'REGULAR', NULL, 0x89504e470d0a1a0a0000000d49484452000000e1000000e10803000000096d22480000006f504c5445c462a0ffffffc1589bcb74abc25b9dc35e9eecd1e2c05299dca9c8c1599bc0559afefbfdc35f9eeccee0f3e1ecf5e5eff7eaf2e4bbd4e9c8dcc86ca6fcf5f9e7c3d9d89bc1d38fb9cc78adf1dce9e2b5d1f0d8e7dfafcdd491bbc96ea7cf82b2bd4894d9a2c4d698bece7fb1d188b6b7d8c57d0000041449444154789ceddcdb9a9a301405e0101230218320074145cb0cefff8cd5e9b4041c30f464375dffe50c177b7d214701c60000000000000000000000000000000000000000000000000000000000000000fe342985525cbfe35c0929cdb34bfa7d8ce09a55fbf650bc1ceb388e8f41916e5e3b5f6925561053f2302b8b6d1e7963515ea7e539e4f2d925fe0a2354952677d96cf9ae619c6a534a9e6de6e37d389619c59634dc2fee6fcd09d1ae23175131f77c37897e76c5cb98b05d94cff34af1ec9a171159bc2c9f97d3ba4979b3b0013defa09e5df412fcf05923c5c1a16df65dd7ed9bf6f4120f07d9e84c69be088bbb78f1e992a9f7a5da3ba138677e536c7f5cb0e3cfae7a01bd1bb7de2953cadcb591918ab332f876cd1ba12654a3164c4aaea6cb175ab6b5e7d584a60a751af6af8378340b085d150d9d9154ec0701b7954bff92824e40c306d34441a87447fa68073c85cfaee7b713e52020a1e1c3596e054c294d718e066b99e30a039acc1a6672aadbf639ca6e427a1b5a17562fdcad719491afd65286d456c195b636bdc50a8799abb537a1d8f4098335f642a6eb3ee17e9503a9ec27c37c95bd505adb26524712ce84b5f325b49f5d80077d425a67bbae787f3a98af6f5b7893f54bb66095dd50bef53729ade36b57f6504aec371647d23abf58e7c649b47d427f8d8bd2c1ee379b4928f8b4bf57edcfe0a99570fa32713a0693ce7fafdc9f60fd5a11cd5c66af0beefcdb77b795309fb98cbfac21e16c1b124e68f5c399cb2827b4c7d2e9cb0827b4374f33b305e5846d5f6935bda6219cd03e2c9d59b5119e2d64d757da4eafbc65b31969c924acfa83a8b99fd5a418f94225a1b176c08b7e570ba9241c9c622c390f2694d01a43d6d986f694bfe434914e427bba58f2cb139d8426eb4b4d161c27d249c8c2fe4143efe25e2ba184f6ee62c16d4a28a1b9f4b5ce6d8247082564da7ad664e37c284c29a17d189538174b29a1f1fb62bd8d6b4fa4949029eb776eefec38eb934a281b2ba1eb73cda4123261bf4672708b482ba11c3c025d3a75455a09478f08372e1189251c3c7f796d45871b955842c65b3ba197f28745534bc8f8e03ef5e2f3a3662497d0c8d16bb10553b33323b9844cfaa317f3a2b49a7e91594a32676d3dd18ddf3d8cead6d75c0cbf3060a4509a57af29bd844cbd7977a264b7b9641f5f54d03a0c99df6dd2633eb8884c4226aaa93748f3645bd7f136c93ffd2f9d844c66f5a7111e20949049913e0e443ae1755ebc6c1f47229df0da8c4b5fc8a796f0f66e68ebf4518c77d1b165041f1613ba79f97cd81cc8e3432735d1c7fd2467fb623b9d328f77ed85e9f985ddbf4e72915dda348893ef1fe1896ed362b03b94179f71b29fa6193046dcbe0cf5fd7b0352dcbe3870fdc3fd3bfa0000000000000000000000000000000000000000000000000000000000ffb9afa3c02de0071836ec0000000049454e44ae426082, 'download.png', 0),
(49, 'CHRISTOPHER', 'ANTONY', 'KANNAMTHARA', 'SS18IF008', 'Open', '6, Our lady of Amparo, off Vidya vihar road, near Kohinoor City, opposite Kohinoor City Mall, kurla ', '1998-03-25', '8692971459', 'christopher.antony.kannamthara@gmail.com', 'M', '2018-12-27 18:04:05', 'SS', 0, 0, 'MARIAM ', 'ANTONY', 850000, 1, 1, 2, 74, 0, 'DTE123', 'Open', '0', 'REGULAR', NULL, 0x89504e470d0a1a0a0000000d49484452000000e1000000e10803000000096d22480000006f504c5445c462a0ffffffc1589bcb74abc25b9dc35e9eecd1e2c05299dca9c8c1599bc0559afefbfdc35f9eeccee0f3e1ecf5e5eff7eaf2e4bbd4e9c8dcc86ca6fcf5f9e7c3d9d89bc1d38fb9cc78adf1dce9e2b5d1f0d8e7dfafcdd491bbc96ea7cf82b2bd4894d9a2c4d698bece7fb1d188b6b7d8c57d0000041449444154789ceddcdb9a9a301405e0101230218320074145cb0cefff8cd5e9b4041c30f464375dffe50c177b7d214701c60000000000000000000000000000000000000000000000000000000000000000fe342985525cbfe35c0929cdb34bfa7d8ce09a55fbf650bc1ceb388e8f41916e5e3b5f6925561053f2302b8b6d1e7963515ea7e539e4f2d925fe0a2354952677d96cf9ae619c6a534a9e6de6e37d389619c59634dc2fee6fcd09d1ae23175131f77c37897e76c5cb98b05d94cff34af1ec9a171159bc2c9f97d3ba4979b3b0013defa09e5df412fcf05923c5c1a16df65dd7ed9bf6f4120f07d9e84c69be088bbb78f1e992a9f7a5da3ba138677e536c7f5cb0e3cfae7a01bd1bb7de2953cadcb591918ab332f876cd1ba12654a3164c4aaea6cb175ab6b5e7d584a60a751af6af8378340b085d150d9d9154ec0701b7954bff92824e40c306d34441a87447fa68073c85cfaee7b713e52020a1e1c3596e054c294d718e066b99e30a039acc1a6672aadbf639ca6e427a1b5a17562fdcad719491afd65286d456c195b636bdc50a8799abb537a1d8f4098335f642a6eb3ee17e9503a9ec27c37c95bd505adb26524712ce84b5f325b49f5d80077d425a67bbae787f3a98af6f5b7893f54bb66095dd50bef53729ade36b57f6504aec371647d23abf58e7c649b47d427f8d8bd2c1ee379b4928f8b4bf57edcfe0a99570fa32713a0693ce7fafdc9f60fd5a11cd5c66af0beefcdb77b795309fb98cbfac21e16c1b124e68f5c399cb2827b4c7d2e9cb0827b4374f33b305e5846d5f6935bda6219cd03e2c9d59b5119e2d64d757da4eafbc65b31969c924acfa83a8b99fd5a418f94225a1b176c08b7e570ba9241c9c622c390f2694d01a43d6d986f694bfe434914e427bba58f2cb139d8426eb4b4d161c27d249c8c2fe4143efe25e2ba184f6ee62c16d4a28a1b9f4b5ce6d8247082564da7ad664e37c284c29a17d189538174b29a1f1fb62bd8d6b4fa4949029eb776eefec38eb934a281b2ba1eb73cda4123261bf4672708b482ba11c3c025d3a75455a09478f08372e1189251c3c7f796d45871b955842c65b3ba197f28745534bc8f8e03ef5e2f3a3662497d0c8d16bb10553b33323b9844cfaa317f3a2b49a7e91594a32676d3dd18ddf3d8cead6d75c0cbf3060a4509a57af29bd844cbd7977a264b7b9641f5f54d03a0c99df6dd2633eb8884c4226aaa93748f3645bd7f136c93ffd2f9d844c66f5a7111e20949049913e0e443ae1755ebc6c1f47229df0da8c4b5fc8a796f0f66e68ebf4518c77d1b165041f1613ba79f97cd81cc8e3432735d1c7fd2467fb623b9d328f77ed85e9f985ddbf4e72915dda348893ef1fe1896ed362b03b94179f71b29fa6193046dcbe0cf5fd7b0352dcbe3870fdc3fd3bfa0000000000000000000000000000000000000000000000000000000000ffb9afa3c02de0071836ec0000000049454e44ae426082, 'download.png', 0),
(50, 'KALPITA', 'KRISHNA', 'HIRE', 'SS18IF009', 'Scheduled caste', 'Room no5, rohidas Mhatre chawl,Milind nagar,Birla college, Kalyan (west)\r\n', '2000-09-07', '8108952093', 'kalpitahire07@gmail.com', 'F', '2018-12-27 18:06:21', 'SS', 0, 0, 'KUSUM', 'HIRE', 72000, 1, 1, 2, 84.8, 0, 'DTE123', 'Scheduled caste', 'Mahar (37)', 'REGULAR', NULL, 0x89504e470d0a1a0a0000000d49484452000000e1000000e10803000000096d22480000006f504c5445c462a0ffffffc1589bcb74abc25b9dc35e9eecd1e2c05299dca9c8c1599bc0559afefbfdc35f9eeccee0f3e1ecf5e5eff7eaf2e4bbd4e9c8dcc86ca6fcf5f9e7c3d9d89bc1d38fb9cc78adf1dce9e2b5d1f0d8e7dfafcdd491bbc96ea7cf82b2bd4894d9a2c4d698bece7fb1d188b6b7d8c57d0000041449444154789ceddcdb9a9a301405e0101230218320074145cb0cefff8cd5e9b4041c30f464375dffe50c177b7d214701c60000000000000000000000000000000000000000000000000000000000000000fe342985525cbfe35c0929cdb34bfa7d8ce09a55fbf650bc1ceb388e8f41916e5e3b5f6925561053f2302b8b6d1e7963515ea7e539e4f2d925fe0a2354952677d96cf9ae619c6a534a9e6de6e37d389619c59634dc2fee6fcd09d1ae23175131f77c37897e76c5cb98b05d94cff34af1ec9a171159bc2c9f97d3ba4979b3b0013defa09e5df412fcf05923c5c1a16df65dd7ed9bf6f4120f07d9e84c69be088bbb78f1e992a9f7a5da3ba138677e536c7f5cb0e3cfae7a01bd1bb7de2953cadcb591918ab332f876cd1ba12654a3164c4aaea6cb175ab6b5e7d584a60a751af6af8378340b085d150d9d9154ec0701b7954bff92824e40c306d34441a87447fa68073c85cfaee7b713e52020a1e1c3596e054c294d718e066b99e30a039acc1a6672aadbf639ca6e427a1b5a17562fdcad719491afd65286d456c195b636bdc50a8799abb537a1d8f4098335f642a6eb3ee17e9503a9ec27c37c95bd505adb26524712ce84b5f325b49f5d80077d425a67bbae787f3a98af6f5b7893f54bb66095dd50bef53729ade36b57f6504aec371647d23abf58e7c649b47d427f8d8bd2c1ee379b4928f8b4bf57edcfe0a99570fa32713a0693ce7fafdc9f60fd5a11cd5c66af0beefcdb77b795309fb98cbfac21e16c1b124e68f5c399cb2827b4c7d2e9cb0827b4374f33b305e5846d5f6935bda6219cd03e2c9d59b5119e2d64d757da4eafbc65b31969c924acfa83a8b99fd5a418f94225a1b176c08b7e570ba9241c9c622c390f2694d01a43d6d986f694bfe434914e427bba58f2cb139d8426eb4b4d161c27d249c8c2fe4143efe25e2ba184f6ee62c16d4a28a1b9f4b5ce6d8247082564da7ad664e37c284c29a17d189538174b29a1f1fb62bd8d6b4fa4949029eb776eefec38eb934a281b2ba1eb73cda4123261bf4672708b482ba11c3c025d3a75455a09478f08372e1189251c3c7f796d45871b955842c65b3ba197f28745534bc8f8e03ef5e2f3a3662497d0c8d16bb10553b33323b9844cfaa317f3a2b49a7e91594a32676d3dd18ddf3d8cead6d75c0cbf3060a4509a57af29bd844cbd7977a264b7b9641f5f54d03a0c99df6dd2633eb8884c4226aaa93748f3645bd7f136c93ffd2f9d844c66f5a7111e20949049913e0e443ae1755ebc6c1f47229df0da8c4b5fc8a796f0f66e68ebf4518c77d1b165041f1613ba79f97cd81cc8e3432735d1c7fd2467fb623b9d328f77ed85e9f985ddbf4e72915dda348893ef1fe1896ed362b03b94179f71b29fa6193046dcbe0cf5fd7b0352dcbe3870fdc3fd3bfa0000000000000000000000000000000000000000000000000000000000ffb9afa3c02de0071836ec0000000049454e44ae426082, 'download.png', 0),
(51, 'FURQAN', 'MUSTAKIM ', 'PAGARKAR', 'SS18IF010', 'Open', 'Wadala east\r\n', '1999-10-12', '9137282535', 'furqan.pagarkar1210@gmail.com', 'M', '2018-12-27 18:08:29', 'SS', 0, 0, 'ASGARI', 'PAGARKAR ', 500000, 1, 1, 2, 77, 0, 'DTE123', 'Open', '0', 'REGULAR', NULL, 0x89504e470d0a1a0a0000000d49484452000000e1000000e10803000000096d22480000006f504c5445c462a0ffffffc1589bcb74abc25b9dc35e9eecd1e2c05299dca9c8c1599bc0559afefbfdc35f9eeccee0f3e1ecf5e5eff7eaf2e4bbd4e9c8dcc86ca6fcf5f9e7c3d9d89bc1d38fb9cc78adf1dce9e2b5d1f0d8e7dfafcdd491bbc96ea7cf82b2bd4894d9a2c4d698bece7fb1d188b6b7d8c57d0000041449444154789ceddcdb9a9a301405e0101230218320074145cb0cefff8cd5e9b4041c30f464375dffe50c177b7d214701c60000000000000000000000000000000000000000000000000000000000000000fe342985525cbfe35c0929cdb34bfa7d8ce09a55fbf650bc1ceb388e8f41916e5e3b5f6925561053f2302b8b6d1e7963515ea7e539e4f2d925fe0a2354952677d96cf9ae619c6a534a9e6de6e37d389619c59634dc2fee6fcd09d1ae23175131f77c37897e76c5cb98b05d94cff34af1ec9a171159bc2c9f97d3ba4979b3b0013defa09e5df412fcf05923c5c1a16df65dd7ed9bf6f4120f07d9e84c69be088bbb78f1e992a9f7a5da3ba138677e536c7f5cb0e3cfae7a01bd1bb7de2953cadcb591918ab332f876cd1ba12654a3164c4aaea6cb175ab6b5e7d584a60a751af6af8378340b085d150d9d9154ec0701b7954bff92824e40c306d34441a87447fa68073c85cfaee7b713e52020a1e1c3596e054c294d718e066b99e30a039acc1a6672aadbf639ca6e427a1b5a17562fdcad719491afd65286d456c195b636bdc50a8799abb537a1d8f4098335f642a6eb3ee17e9503a9ec27c37c95bd505adb26524712ce84b5f325b49f5d80077d425a67bbae787f3a98af6f5b7893f54bb66095dd50bef53729ade36b57f6504aec371647d23abf58e7c649b47d427f8d8bd2c1ee379b4928f8b4bf57edcfe0a99570fa32713a0693ce7fafdc9f60fd5a11cd5c66af0beefcdb77b795309fb98cbfac21e16c1b124e68f5c399cb2827b4c7d2e9cb0827b4374f33b305e5846d5f6935bda6219cd03e2c9d59b5119e2d64d757da4eafbc65b31969c924acfa83a8b99fd5a418f94225a1b176c08b7e570ba9241c9c622c390f2694d01a43d6d986f694bfe434914e427bba58f2cb139d8426eb4b4d161c27d249c8c2fe4143efe25e2ba184f6ee62c16d4a28a1b9f4b5ce6d8247082564da7ad664e37c284c29a17d189538174b29a1f1fb62bd8d6b4fa4949029eb776eefec38eb934a281b2ba1eb73cda4123261bf4672708b482ba11c3c025d3a75455a09478f08372e1189251c3c7f796d45871b955842c65b3ba197f28745534bc8f8e03ef5e2f3a3662497d0c8d16bb10553b33323b9844cfaa317f3a2b49a7e91594a32676d3dd18ddf3d8cead6d75c0cbf3060a4509a57af29bd844cbd7977a264b7b9641f5f54d03a0c99df6dd2633eb8884c4226aaa93748f3645bd7f136c93ffd2f9d844c66f5a7111e20949049913e0e443ae1755ebc6c1f47229df0da8c4b5fc8a796f0f66e68ebf4518c77d1b165041f1613ba79f97cd81cc8e3432735d1c7fd2467fb623b9d328f77ed85e9f985ddbf4e72915dda348893ef1fe1896ed362b03b94179f71b29fa6193046dcbe0cf5fd7b0352dcbe3870fdc3fd3bfa0000000000000000000000000000000000000000000000000000000000ffb9afa3c02de0071836ec0000000049454e44ae426082, 'download.png', 0),
(52, 'ROHINI', 'PHOOLDEV', 'YADAV', 'SS18IF011', 'Nomadic Tribes-1( NT', '506,1C,Neel Ganga,Lower Parel,Mumbai-13\r\n', '1999-10-26', '8652578185', 'rohinipyadav777@gmail.com', 'F', '2018-12-27 18:13:38', 'SS', 0, 0, 'KAILASHI', 'YADAV', 130000, 1, 1, 2, 85, 0, 'DTE123', 'Nomadic Tribes-1( NT-B)', 'Gosavi', 'REGULAR', NULL, 0x89504e470d0a1a0a0000000d49484452000000e1000000e10803000000096d22480000006f504c5445c462a0ffffffc1589bcb74abc25b9dc35e9eecd1e2c05299dca9c8c1599bc0559afefbfdc35f9eeccee0f3e1ecf5e5eff7eaf2e4bbd4e9c8dcc86ca6fcf5f9e7c3d9d89bc1d38fb9cc78adf1dce9e2b5d1f0d8e7dfafcdd491bbc96ea7cf82b2bd4894d9a2c4d698bece7fb1d188b6b7d8c57d0000041449444154789ceddcdb9a9a301405e0101230218320074145cb0cefff8cd5e9b4041c30f464375dffe50c177b7d214701c60000000000000000000000000000000000000000000000000000000000000000fe342985525cbfe35c0929cdb34bfa7d8ce09a55fbf650bc1ceb388e8f41916e5e3b5f6925561053f2302b8b6d1e7963515ea7e539e4f2d925fe0a2354952677d96cf9ae619c6a534a9e6de6e37d389619c59634dc2fee6fcd09d1ae23175131f77c37897e76c5cb98b05d94cff34af1ec9a171159bc2c9f97d3ba4979b3b0013defa09e5df412fcf05923c5c1a16df65dd7ed9bf6f4120f07d9e84c69be088bbb78f1e992a9f7a5da3ba138677e536c7f5cb0e3cfae7a01bd1bb7de2953cadcb591918ab332f876cd1ba12654a3164c4aaea6cb175ab6b5e7d584a60a751af6af8378340b085d150d9d9154ec0701b7954bff92824e40c306d34441a87447fa68073c85cfaee7b713e52020a1e1c3596e054c294d718e066b99e30a039acc1a6672aadbf639ca6e427a1b5a17562fdcad719491afd65286d456c195b636bdc50a8799abb537a1d8f4098335f642a6eb3ee17e9503a9ec27c37c95bd505adb26524712ce84b5f325b49f5d80077d425a67bbae787f3a98af6f5b7893f54bb66095dd50bef53729ade36b57f6504aec371647d23abf58e7c649b47d427f8d8bd2c1ee379b4928f8b4bf57edcfe0a99570fa32713a0693ce7fafdc9f60fd5a11cd5c66af0beefcdb77b795309fb98cbfac21e16c1b124e68f5c399cb2827b4c7d2e9cb0827b4374f33b305e5846d5f6935bda6219cd03e2c9d59b5119e2d64d757da4eafbc65b31969c924acfa83a8b99fd5a418f94225a1b176c08b7e570ba9241c9c622c390f2694d01a43d6d986f694bfe434914e427bba58f2cb139d8426eb4b4d161c27d249c8c2fe4143efe25e2ba184f6ee62c16d4a28a1b9f4b5ce6d8247082564da7ad664e37c284c29a17d189538174b29a1f1fb62bd8d6b4fa4949029eb776eefec38eb934a281b2ba1eb73cda4123261bf4672708b482ba11c3c025d3a75455a09478f08372e1189251c3c7f796d45871b955842c65b3ba197f28745534bc8f8e03ef5e2f3a3662497d0c8d16bb10553b33323b9844cfaa317f3a2b49a7e91594a32676d3dd18ddf3d8cead6d75c0cbf3060a4509a57af29bd844cbd7977a264b7b9641f5f54d03a0c99df6dd2633eb8884c4226aaa93748f3645bd7f136c93ffd2f9d844c66f5a7111e20949049913e0e443ae1755ebc6c1f47229df0da8c4b5fc8a796f0f66e68ebf4518c77d1b165041f1613ba79f97cd81cc8e3432735d1c7fd2467fb623b9d328f77ed85e9f985ddbf4e72915dda348893ef1fe1896ed362b03b94179f71b29fa6193046dcbe0cf5fd7b0352dcbe3870fdc3fd3bfa0000000000000000000000000000000000000000000000000000000000ffb9afa3c02de0071836ec0000000049454e44ae426082, 'download.png', 0),
(53, 'SOFIYA', 'ALTAF', 'SHEIKH', 'SS18IF012', 'Open', 'B-wing , \'404\', Laxmi Tower 2, Pooja Nagar, Mira Road (East)\r\n', '2000-03-26', '9967846562', 'sofiyasheikh100@gmail.com', 'F', '2018-12-27 18:16:18', 'SS', 0, 0, 'DILSHAD', 'SHEIKH', 603821, 1, 1, 2, 84.6, 0, 'DTE123', 'Open', '0', 'REGULAR', NULL, 0x89504e470d0a1a0a0000000d49484452000000e1000000e10803000000096d22480000006f504c5445c462a0ffffffc1589bcb74abc25b9dc35e9eecd1e2c05299dca9c8c1599bc0559afefbfdc35f9eeccee0f3e1ecf5e5eff7eaf2e4bbd4e9c8dcc86ca6fcf5f9e7c3d9d89bc1d38fb9cc78adf1dce9e2b5d1f0d8e7dfafcdd491bbc96ea7cf82b2bd4894d9a2c4d698bece7fb1d188b6b7d8c57d0000041449444154789ceddcdb9a9a301405e0101230218320074145cb0cefff8cd5e9b4041c30f464375dffe50c177b7d214701c60000000000000000000000000000000000000000000000000000000000000000fe342985525cbfe35c0929cdb34bfa7d8ce09a55fbf650bc1ceb388e8f41916e5e3b5f6925561053f2302b8b6d1e7963515ea7e539e4f2d925fe0a2354952677d96cf9ae619c6a534a9e6de6e37d389619c59634dc2fee6fcd09d1ae23175131f77c37897e76c5cb98b05d94cff34af1ec9a171159bc2c9f97d3ba4979b3b0013defa09e5df412fcf05923c5c1a16df65dd7ed9bf6f4120f07d9e84c69be088bbb78f1e992a9f7a5da3ba138677e536c7f5cb0e3cfae7a01bd1bb7de2953cadcb591918ab332f876cd1ba12654a3164c4aaea6cb175ab6b5e7d584a60a751af6af8378340b085d150d9d9154ec0701b7954bff92824e40c306d34441a87447fa68073c85cfaee7b713e52020a1e1c3596e054c294d718e066b99e30a039acc1a6672aadbf639ca6e427a1b5a17562fdcad719491afd65286d456c195b636bdc50a8799abb537a1d8f4098335f642a6eb3ee17e9503a9ec27c37c95bd505adb26524712ce84b5f325b49f5d80077d425a67bbae787f3a98af6f5b7893f54bb66095dd50bef53729ade36b57f6504aec371647d23abf58e7c649b47d427f8d8bd2c1ee379b4928f8b4bf57edcfe0a99570fa32713a0693ce7fafdc9f60fd5a11cd5c66af0beefcdb77b795309fb98cbfac21e16c1b124e68f5c399cb2827b4c7d2e9cb0827b4374f33b305e5846d5f6935bda6219cd03e2c9d59b5119e2d64d757da4eafbc65b31969c924acfa83a8b99fd5a418f94225a1b176c08b7e570ba9241c9c622c390f2694d01a43d6d986f694bfe434914e427bba58f2cb139d8426eb4b4d161c27d249c8c2fe4143efe25e2ba184f6ee62c16d4a28a1b9f4b5ce6d8247082564da7ad664e37c284c29a17d189538174b29a1f1fb62bd8d6b4fa4949029eb776eefec38eb934a281b2ba1eb73cda4123261bf4672708b482ba11c3c025d3a75455a09478f08372e1189251c3c7f796d45871b955842c65b3ba197f28745534bc8f8e03ef5e2f3a3662497d0c8d16bb10553b33323b9844cfaa317f3a2b49a7e91594a32676d3dd18ddf3d8cead6d75c0cbf3060a4509a57af29bd844cbd7977a264b7b9641f5f54d03a0c99df6dd2633eb8884c4226aaa93748f3645bd7f136c93ffd2f9d844c66f5a7111e20949049913e0e443ae1755ebc6c1f47229df0da8c4b5fc8a796f0f66e68ebf4518c77d1b165041f1613ba79f97cd81cc8e3432735d1c7fd2467fb623b9d328f77ed85e9f985ddbf4e72915dda348893ef1fe1896ed362b03b94179f71b29fa6193046dcbe0cf5fd7b0352dcbe3870fdc3fd3bfa0000000000000000000000000000000000000000000000000000000000ffb9afa3c02de0071836ec0000000049454e44ae426082, 'download.png', 0);
INSERT INTO `students` (`student_id`, `student_fname`, `student_mname`, `student_lname`, `student_enrollmentno`, `student_caste`, `student_address`, `student_bdate`, `student_phno`, `student_email`, `student_gender`, `student_dateofadmission`, `student_shift`, `student_hostel`, `student_tfws`, `student_mothers_fname`, `student_mothers_lname`, `student_income`, `student_dept_id`, `student_scheme_id`, `student_sem`, `student_10th_percent`, `student_12th_percent`, `student_dte_enrollment_no`, `student_caste_category_id`, `student_sub_caste_id`, `student_type`, `student_payment_type`, `student_image`, `student_image_name`, `student_is_directsecondyear`) VALUES
(54, 'ZARRIN', 'FAROOQ', 'CHOUDHARI', 'SS18IF013', 'Open', 'E-wing, Flat No.06, Navjeevan hsg Soc, New Mill Road, Kurla(west), Mumbai-400070\r\n', '2000-01-06', '8097578788', 'zarrin612000@gmail.com', 'F', '2018-12-27 18:18:36', 'SS', 0, 0, 'AZIZA', 'CHOUDHARI', 240000, 1, 1, 2, 69.8, 0, 'DTE123', 'Open', '0', 'REGULAR', NULL, 0x89504e470d0a1a0a0000000d49484452000000e1000000e10803000000096d22480000006f504c5445c462a0ffffffc1589bcb74abc25b9dc35e9eecd1e2c05299dca9c8c1599bc0559afefbfdc35f9eeccee0f3e1ecf5e5eff7eaf2e4bbd4e9c8dcc86ca6fcf5f9e7c3d9d89bc1d38fb9cc78adf1dce9e2b5d1f0d8e7dfafcdd491bbc96ea7cf82b2bd4894d9a2c4d698bece7fb1d188b6b7d8c57d0000041449444154789ceddcdb9a9a301405e0101230218320074145cb0cefff8cd5e9b4041c30f464375dffe50c177b7d214701c60000000000000000000000000000000000000000000000000000000000000000fe342985525cbfe35c0929cdb34bfa7d8ce09a55fbf650bc1ceb388e8f41916e5e3b5f6925561053f2302b8b6d1e7963515ea7e539e4f2d925fe0a2354952677d96cf9ae619c6a534a9e6de6e37d389619c59634dc2fee6fcd09d1ae23175131f77c37897e76c5cb98b05d94cff34af1ec9a171159bc2c9f97d3ba4979b3b0013defa09e5df412fcf05923c5c1a16df65dd7ed9bf6f4120f07d9e84c69be088bbb78f1e992a9f7a5da3ba138677e536c7f5cb0e3cfae7a01bd1bb7de2953cadcb591918ab332f876cd1ba12654a3164c4aaea6cb175ab6b5e7d584a60a751af6af8378340b085d150d9d9154ec0701b7954bff92824e40c306d34441a87447fa68073c85cfaee7b713e52020a1e1c3596e054c294d718e066b99e30a039acc1a6672aadbf639ca6e427a1b5a17562fdcad719491afd65286d456c195b636bdc50a8799abb537a1d8f4098335f642a6eb3ee17e9503a9ec27c37c95bd505adb26524712ce84b5f325b49f5d80077d425a67bbae787f3a98af6f5b7893f54bb66095dd50bef53729ade36b57f6504aec371647d23abf58e7c649b47d427f8d8bd2c1ee379b4928f8b4bf57edcfe0a99570fa32713a0693ce7fafdc9f60fd5a11cd5c66af0beefcdb77b795309fb98cbfac21e16c1b124e68f5c399cb2827b4c7d2e9cb0827b4374f33b305e5846d5f6935bda6219cd03e2c9d59b5119e2d64d757da4eafbc65b31969c924acfa83a8b99fd5a418f94225a1b176c08b7e570ba9241c9c622c390f2694d01a43d6d986f694bfe434914e427bba58f2cb139d8426eb4b4d161c27d249c8c2fe4143efe25e2ba184f6ee62c16d4a28a1b9f4b5ce6d8247082564da7ad664e37c284c29a17d189538174b29a1f1fb62bd8d6b4fa4949029eb776eefec38eb934a281b2ba1eb73cda4123261bf4672708b482ba11c3c025d3a75455a09478f08372e1189251c3c7f796d45871b955842c65b3ba197f28745534bc8f8e03ef5e2f3a3662497d0c8d16bb10553b33323b9844cfaa317f3a2b49a7e91594a32676d3dd18ddf3d8cead6d75c0cbf3060a4509a57af29bd844cbd7977a264b7b9641f5f54d03a0c99df6dd2633eb8884c4226aaa93748f3645bd7f136c93ffd2f9d844c66f5a7111e20949049913e0e443ae1755ebc6c1f47229df0da8c4b5fc8a796f0f66e68ebf4518c77d1b165041f1613ba79f97cd81cc8e3432735d1c7fd2467fb623b9d328f77ed85e9f985ddbf4e72915dda348893ef1fe1896ed362b03b94179f71b29fa6193046dcbe0cf5fd7b0352dcbe3870fdc3fd3bfa0000000000000000000000000000000000000000000000000000000000ffb9afa3c02de0071836ec0000000049454e44ae426082, 'download.png', 0),
(55, 'AKSHAY', 'VARDHMANJI', 'PANDE', 'FW18IF003', 'Open', 'Chandwad, nashik 423101\r\n', '2001-02-02', '8007705272', 'akshujain555@gmail.com', 'M', '2018-12-27 18:20:59', 'SS', 1, 1, 'ALKA', 'PANDE', 70000, 1, 1, 2, 79.8, 0, 'DTE123', 'Open', '0', 'REGULAR', NULL, 0x89504e470d0a1a0a0000000d49484452000000e1000000e10803000000096d22480000006f504c5445c462a0ffffffc1589bcb74abc25b9dc35e9eecd1e2c05299dca9c8c1599bc0559afefbfdc35f9eeccee0f3e1ecf5e5eff7eaf2e4bbd4e9c8dcc86ca6fcf5f9e7c3d9d89bc1d38fb9cc78adf1dce9e2b5d1f0d8e7dfafcdd491bbc96ea7cf82b2bd4894d9a2c4d698bece7fb1d188b6b7d8c57d0000041449444154789ceddcdb9a9a301405e0101230218320074145cb0cefff8cd5e9b4041c30f464375dffe50c177b7d214701c60000000000000000000000000000000000000000000000000000000000000000fe342985525cbfe35c0929cdb34bfa7d8ce09a55fbf650bc1ceb388e8f41916e5e3b5f6925561053f2302b8b6d1e7963515ea7e539e4f2d925fe0a2354952677d96cf9ae619c6a534a9e6de6e37d389619c59634dc2fee6fcd09d1ae23175131f77c37897e76c5cb98b05d94cff34af1ec9a171159bc2c9f97d3ba4979b3b0013defa09e5df412fcf05923c5c1a16df65dd7ed9bf6f4120f07d9e84c69be088bbb78f1e992a9f7a5da3ba138677e536c7f5cb0e3cfae7a01bd1bb7de2953cadcb591918ab332f876cd1ba12654a3164c4aaea6cb175ab6b5e7d584a60a751af6af8378340b085d150d9d9154ec0701b7954bff92824e40c306d34441a87447fa68073c85cfaee7b713e52020a1e1c3596e054c294d718e066b99e30a039acc1a6672aadbf639ca6e427a1b5a17562fdcad719491afd65286d456c195b636bdc50a8799abb537a1d8f4098335f642a6eb3ee17e9503a9ec27c37c95bd505adb26524712ce84b5f325b49f5d80077d425a67bbae787f3a98af6f5b7893f54bb66095dd50bef53729ade36b57f6504aec371647d23abf58e7c649b47d427f8d8bd2c1ee379b4928f8b4bf57edcfe0a99570fa32713a0693ce7fafdc9f60fd5a11cd5c66af0beefcdb77b795309fb98cbfac21e16c1b124e68f5c399cb2827b4c7d2e9cb0827b4374f33b305e5846d5f6935bda6219cd03e2c9d59b5119e2d64d757da4eafbc65b31969c924acfa83a8b99fd5a418f94225a1b176c08b7e570ba9241c9c622c390f2694d01a43d6d986f694bfe434914e427bba58f2cb139d8426eb4b4d161c27d249c8c2fe4143efe25e2ba184f6ee62c16d4a28a1b9f4b5ce6d8247082564da7ad664e37c284c29a17d189538174b29a1f1fb62bd8d6b4fa4949029eb776eefec38eb934a281b2ba1eb73cda4123261bf4672708b482ba11c3c025d3a75455a09478f08372e1189251c3c7f796d45871b955842c65b3ba197f28745534bc8f8e03ef5e2f3a3662497d0c8d16bb10553b33323b9844cfaa317f3a2b49a7e91594a32676d3dd18ddf3d8cead6d75c0cbf3060a4509a57af29bd844cbd7977a264b7b9641f5f54d03a0c99df6dd2633eb8884c4226aaa93748f3645bd7f136c93ffd2f9d844c66f5a7111e20949049913e0e443ae1755ebc6c1f47229df0da8c4b5fc8a796f0f66e68ebf4518c77d1b165041f1613ba79f97cd81cc8e3432735d1c7fd2467fb623b9d328f77ed85e9f985ddbf4e72915dda348893ef1fe1896ed362b03b94179f71b29fa6193046dcbe0cf5fd7b0352dcbe3870fdc3fd3bfa0000000000000000000000000000000000000000000000000000000000ffb9afa3c02de0071836ec0000000049454e44ae426082, 'download.png', 0),
(56, 'VISHAKHA ', 'DIPAK', 'MULIK', 'SS18IF014', 'Open', 'E-02 chandresh nagar patankar  park nalasopara West \r\n', '2000-07-11', '9822036908', 'vishakhamulik11@gmail.com', 'F', '2018-12-27 18:23:07', 'SS', 0, 0, 'SHINDU', 'MULIK', 43000, 1, 1, 2, 87.8, 0, 'DTE123', 'Open', '0', 'REGULAR', NULL, 0x89504e470d0a1a0a0000000d49484452000000e1000000e10803000000096d22480000006f504c5445c462a0ffffffc1589bcb74abc25b9dc35e9eecd1e2c05299dca9c8c1599bc0559afefbfdc35f9eeccee0f3e1ecf5e5eff7eaf2e4bbd4e9c8dcc86ca6fcf5f9e7c3d9d89bc1d38fb9cc78adf1dce9e2b5d1f0d8e7dfafcdd491bbc96ea7cf82b2bd4894d9a2c4d698bece7fb1d188b6b7d8c57d0000041449444154789ceddcdb9a9a301405e0101230218320074145cb0cefff8cd5e9b4041c30f464375dffe50c177b7d214701c60000000000000000000000000000000000000000000000000000000000000000fe342985525cbfe35c0929cdb34bfa7d8ce09a55fbf650bc1ceb388e8f41916e5e3b5f6925561053f2302b8b6d1e7963515ea7e539e4f2d925fe0a2354952677d96cf9ae619c6a534a9e6de6e37d389619c59634dc2fee6fcd09d1ae23175131f77c37897e76c5cb98b05d94cff34af1ec9a171159bc2c9f97d3ba4979b3b0013defa09e5df412fcf05923c5c1a16df65dd7ed9bf6f4120f07d9e84c69be088bbb78f1e992a9f7a5da3ba138677e536c7f5cb0e3cfae7a01bd1bb7de2953cadcb591918ab332f876cd1ba12654a3164c4aaea6cb175ab6b5e7d584a60a751af6af8378340b085d150d9d9154ec0701b7954bff92824e40c306d34441a87447fa68073c85cfaee7b713e52020a1e1c3596e054c294d718e066b99e30a039acc1a6672aadbf639ca6e427a1b5a17562fdcad719491afd65286d456c195b636bdc50a8799abb537a1d8f4098335f642a6eb3ee17e9503a9ec27c37c95bd505adb26524712ce84b5f325b49f5d80077d425a67bbae787f3a98af6f5b7893f54bb66095dd50bef53729ade36b57f6504aec371647d23abf58e7c649b47d427f8d8bd2c1ee379b4928f8b4bf57edcfe0a99570fa32713a0693ce7fafdc9f60fd5a11cd5c66af0beefcdb77b795309fb98cbfac21e16c1b124e68f5c399cb2827b4c7d2e9cb0827b4374f33b305e5846d5f6935bda6219cd03e2c9d59b5119e2d64d757da4eafbc65b31969c924acfa83a8b99fd5a418f94225a1b176c08b7e570ba9241c9c622c390f2694d01a43d6d986f694bfe434914e427bba58f2cb139d8426eb4b4d161c27d249c8c2fe4143efe25e2ba184f6ee62c16d4a28a1b9f4b5ce6d8247082564da7ad664e37c284c29a17d189538174b29a1f1fb62bd8d6b4fa4949029eb776eefec38eb934a281b2ba1eb73cda4123261bf4672708b482ba11c3c025d3a75455a09478f08372e1189251c3c7f796d45871b955842c65b3ba197f28745534bc8f8e03ef5e2f3a3662497d0c8d16bb10553b33323b9844cfaa317f3a2b49a7e91594a32676d3dd18ddf3d8cead6d75c0cbf3060a4509a57af29bd844cbd7977a264b7b9641f5f54d03a0c99df6dd2633eb8884c4226aaa93748f3645bd7f136c93ffd2f9d844c66f5a7111e20949049913e0e443ae1755ebc6c1f47229df0da8c4b5fc8a796f0f66e68ebf4518c77d1b165041f1613ba79f97cd81cc8e3432735d1c7fd2467fb623b9d328f77ed85e9f985ddbf4e72915dda348893ef1fe1896ed362b03b94179f71b29fa6193046dcbe0cf5fd7b0352dcbe3870fdc3fd3bfa0000000000000000000000000000000000000000000000000000000000ffb9afa3c02de0071836ec0000000049454e44ae426082, 'download.png', 0),
(57, 'PAYAL', 'ASHOK', 'JAIN', 'SS18IF015', 'Open', 'A/12, mamsa building ,shanti soc ,mogal lane ,opp to big bazaar ,matunga, mumbai-400016\r\n', '2002-02-02', '8976878546', 'jainpayal0201@gmail.com', 'F', '2018-12-27 18:25:55', 'SS', 0, 0, 'PINKY', 'JAIN', 250000, 1, 1, 2, 79.23, 0, 'DTE123', 'Open', '0', 'REGULAR', NULL, 0x89504e470d0a1a0a0000000d49484452000000e1000000e10803000000096d22480000006f504c5445c462a0ffffffc1589bcb74abc25b9dc35e9eecd1e2c05299dca9c8c1599bc0559afefbfdc35f9eeccee0f3e1ecf5e5eff7eaf2e4bbd4e9c8dcc86ca6fcf5f9e7c3d9d89bc1d38fb9cc78adf1dce9e2b5d1f0d8e7dfafcdd491bbc96ea7cf82b2bd4894d9a2c4d698bece7fb1d188b6b7d8c57d0000041449444154789ceddcdb9a9a301405e0101230218320074145cb0cefff8cd5e9b4041c30f464375dffe50c177b7d214701c60000000000000000000000000000000000000000000000000000000000000000fe342985525cbfe35c0929cdb34bfa7d8ce09a55fbf650bc1ceb388e8f41916e5e3b5f6925561053f2302b8b6d1e7963515ea7e539e4f2d925fe0a2354952677d96cf9ae619c6a534a9e6de6e37d389619c59634dc2fee6fcd09d1ae23175131f77c37897e76c5cb98b05d94cff34af1ec9a171159bc2c9f97d3ba4979b3b0013defa09e5df412fcf05923c5c1a16df65dd7ed9bf6f4120f07d9e84c69be088bbb78f1e992a9f7a5da3ba138677e536c7f5cb0e3cfae7a01bd1bb7de2953cadcb591918ab332f876cd1ba12654a3164c4aaea6cb175ab6b5e7d584a60a751af6af8378340b085d150d9d9154ec0701b7954bff92824e40c306d34441a87447fa68073c85cfaee7b713e52020a1e1c3596e054c294d718e066b99e30a039acc1a6672aadbf639ca6e427a1b5a17562fdcad719491afd65286d456c195b636bdc50a8799abb537a1d8f4098335f642a6eb3ee17e9503a9ec27c37c95bd505adb26524712ce84b5f325b49f5d80077d425a67bbae787f3a98af6f5b7893f54bb66095dd50bef53729ade36b57f6504aec371647d23abf58e7c649b47d427f8d8bd2c1ee379b4928f8b4bf57edcfe0a99570fa32713a0693ce7fafdc9f60fd5a11cd5c66af0beefcdb77b795309fb98cbfac21e16c1b124e68f5c399cb2827b4c7d2e9cb0827b4374f33b305e5846d5f6935bda6219cd03e2c9d59b5119e2d64d757da4eafbc65b31969c924acfa83a8b99fd5a418f94225a1b176c08b7e570ba9241c9c622c390f2694d01a43d6d986f694bfe434914e427bba58f2cb139d8426eb4b4d161c27d249c8c2fe4143efe25e2ba184f6ee62c16d4a28a1b9f4b5ce6d8247082564da7ad664e37c284c29a17d189538174b29a1f1fb62bd8d6b4fa4949029eb776eefec38eb934a281b2ba1eb73cda4123261bf4672708b482ba11c3c025d3a75455a09478f08372e1189251c3c7f796d45871b955842c65b3ba197f28745534bc8f8e03ef5e2f3a3662497d0c8d16bb10553b33323b9844cfaa317f3a2b49a7e91594a32676d3dd18ddf3d8cead6d75c0cbf3060a4509a57af29bd844cbd7977a264b7b9641f5f54d03a0c99df6dd2633eb8884c4226aaa93748f3645bd7f136c93ffd2f9d844c66f5a7111e20949049913e0e443ae1755ebc6c1f47229df0da8c4b5fc8a796f0f66e68ebf4518c77d1b165041f1613ba79f97cd81cc8e3432735d1c7fd2467fb623b9d328f77ed85e9f985ddbf4e72915dda348893ef1fe1896ed362b03b94179f71b29fa6193046dcbe0cf5fd7b0352dcbe3870fdc3fd3bfa0000000000000000000000000000000000000000000000000000000000ffb9afa3c02de0071836ec0000000049454e44ae426082, 'download.png', 0),
(59, 'SIFA', 'AKBAR', 'DAVARE', 'SS18IF016', 'Open', 'Andhra association s.m.d road antop hill wadala( east) Mumbai - 400037\r\n', '1999-11-21', '8291424190', 'sifadavare2114@gmail.com', 'F', '2018-12-27 18:32:42', 'SS', 0, 0, 'PARVIN', 'DAVARE', 84000, 1, 1, 2, 75, 0, 'DTE123', 'Open', '0', 'REGULAR', NULL, 0x89504e470d0a1a0a0000000d49484452000000e1000000e10803000000096d22480000006f504c5445c462a0ffffffc1589bcb74abc25b9dc35e9eecd1e2c05299dca9c8c1599bc0559afefbfdc35f9eeccee0f3e1ecf5e5eff7eaf2e4bbd4e9c8dcc86ca6fcf5f9e7c3d9d89bc1d38fb9cc78adf1dce9e2b5d1f0d8e7dfafcdd491bbc96ea7cf82b2bd4894d9a2c4d698bece7fb1d188b6b7d8c57d0000041449444154789ceddcdb9a9a301405e0101230218320074145cb0cefff8cd5e9b4041c30f464375dffe50c177b7d214701c60000000000000000000000000000000000000000000000000000000000000000fe342985525cbfe35c0929cdb34bfa7d8ce09a55fbf650bc1ceb388e8f41916e5e3b5f6925561053f2302b8b6d1e7963515ea7e539e4f2d925fe0a2354952677d96cf9ae619c6a534a9e6de6e37d389619c59634dc2fee6fcd09d1ae23175131f77c37897e76c5cb98b05d94cff34af1ec9a171159bc2c9f97d3ba4979b3b0013defa09e5df412fcf05923c5c1a16df65dd7ed9bf6f4120f07d9e84c69be088bbb78f1e992a9f7a5da3ba138677e536c7f5cb0e3cfae7a01bd1bb7de2953cadcb591918ab332f876cd1ba12654a3164c4aaea6cb175ab6b5e7d584a60a751af6af8378340b085d150d9d9154ec0701b7954bff92824e40c306d34441a87447fa68073c85cfaee7b713e52020a1e1c3596e054c294d718e066b99e30a039acc1a6672aadbf639ca6e427a1b5a17562fdcad719491afd65286d456c195b636bdc50a8799abb537a1d8f4098335f642a6eb3ee17e9503a9ec27c37c95bd505adb26524712ce84b5f325b49f5d80077d425a67bbae787f3a98af6f5b7893f54bb66095dd50bef53729ade36b57f6504aec371647d23abf58e7c649b47d427f8d8bd2c1ee379b4928f8b4bf57edcfe0a99570fa32713a0693ce7fafdc9f60fd5a11cd5c66af0beefcdb77b795309fb98cbfac21e16c1b124e68f5c399cb2827b4c7d2e9cb0827b4374f33b305e5846d5f6935bda6219cd03e2c9d59b5119e2d64d757da4eafbc65b31969c924acfa83a8b99fd5a418f94225a1b176c08b7e570ba9241c9c622c390f2694d01a43d6d986f694bfe434914e427bba58f2cb139d8426eb4b4d161c27d249c8c2fe4143efe25e2ba184f6ee62c16d4a28a1b9f4b5ce6d8247082564da7ad664e37c284c29a17d189538174b29a1f1fb62bd8d6b4fa4949029eb776eefec38eb934a281b2ba1eb73cda4123261bf4672708b482ba11c3c025d3a75455a09478f08372e1189251c3c7f796d45871b955842c65b3ba197f28745534bc8f8e03ef5e2f3a3662497d0c8d16bb10553b33323b9844cfaa317f3a2b49a7e91594a32676d3dd18ddf3d8cead6d75c0cbf3060a4509a57af29bd844cbd7977a264b7b9641f5f54d03a0c99df6dd2633eb8884c4226aaa93748f3645bd7f136c93ffd2f9d844c66f5a7111e20949049913e0e443ae1755ebc6c1f47229df0da8c4b5fc8a796f0f66e68ebf4518c77d1b165041f1613ba79f97cd81cc8e3432735d1c7fd2467fb623b9d328f77ed85e9f985ddbf4e72915dda348893ef1fe1896ed362b03b94179f71b29fa6193046dcbe0cf5fd7b0352dcbe3870fdc3fd3bfa0000000000000000000000000000000000000000000000000000000000ffb9afa3c02de0071836ec0000000049454e44ae426082, 'download.png', 0),
(60, 'IQRA ', 'SALLAUDDIN', 'NAKADE', 'SS18IF017', 'Open', '8th, Ahmed Manzil, 1st Floor, Room no-6,Dilima Street,Baker Lane,Mazgaon,400010\r\n', '2000-05-18', '9833903245', 'nakadeiqra@gmail.com', 'F', '2018-12-27 18:35:09', 'SS', 0, 0, 'FARHAT', 'NAKADE', 50000, 1, 1, 2, 66, 0, 'DTE123', 'Open', '0', 'REGULAR', NULL, 0x89504e470d0a1a0a0000000d49484452000000e1000000e10803000000096d22480000006f504c5445c462a0ffffffc1589bcb74abc25b9dc35e9eecd1e2c05299dca9c8c1599bc0559afefbfdc35f9eeccee0f3e1ecf5e5eff7eaf2e4bbd4e9c8dcc86ca6fcf5f9e7c3d9d89bc1d38fb9cc78adf1dce9e2b5d1f0d8e7dfafcdd491bbc96ea7cf82b2bd4894d9a2c4d698bece7fb1d188b6b7d8c57d0000041449444154789ceddcdb9a9a301405e0101230218320074145cb0cefff8cd5e9b4041c30f464375dffe50c177b7d214701c60000000000000000000000000000000000000000000000000000000000000000fe342985525cbfe35c0929cdb34bfa7d8ce09a55fbf650bc1ceb388e8f41916e5e3b5f6925561053f2302b8b6d1e7963515ea7e539e4f2d925fe0a2354952677d96cf9ae619c6a534a9e6de6e37d389619c59634dc2fee6fcd09d1ae23175131f77c37897e76c5cb98b05d94cff34af1ec9a171159bc2c9f97d3ba4979b3b0013defa09e5df412fcf05923c5c1a16df65dd7ed9bf6f4120f07d9e84c69be088bbb78f1e992a9f7a5da3ba138677e536c7f5cb0e3cfae7a01bd1bb7de2953cadcb591918ab332f876cd1ba12654a3164c4aaea6cb175ab6b5e7d584a60a751af6af8378340b085d150d9d9154ec0701b7954bff92824e40c306d34441a87447fa68073c85cfaee7b713e52020a1e1c3596e054c294d718e066b99e30a039acc1a6672aadbf639ca6e427a1b5a17562fdcad719491afd65286d456c195b636bdc50a8799abb537a1d8f4098335f642a6eb3ee17e9503a9ec27c37c95bd505adb26524712ce84b5f325b49f5d80077d425a67bbae787f3a98af6f5b7893f54bb66095dd50bef53729ade36b57f6504aec371647d23abf58e7c649b47d427f8d8bd2c1ee379b4928f8b4bf57edcfe0a99570fa32713a0693ce7fafdc9f60fd5a11cd5c66af0beefcdb77b795309fb98cbfac21e16c1b124e68f5c399cb2827b4c7d2e9cb0827b4374f33b305e5846d5f6935bda6219cd03e2c9d59b5119e2d64d757da4eafbc65b31969c924acfa83a8b99fd5a418f94225a1b176c08b7e570ba9241c9c622c390f2694d01a43d6d986f694bfe434914e427bba58f2cb139d8426eb4b4d161c27d249c8c2fe4143efe25e2ba184f6ee62c16d4a28a1b9f4b5ce6d8247082564da7ad664e37c284c29a17d189538174b29a1f1fb62bd8d6b4fa4949029eb776eefec38eb934a281b2ba1eb73cda4123261bf4672708b482ba11c3c025d3a75455a09478f08372e1189251c3c7f796d45871b955842c65b3ba197f28745534bc8f8e03ef5e2f3a3662497d0c8d16bb10553b33323b9844cfaa317f3a2b49a7e91594a32676d3dd18ddf3d8cead6d75c0cbf3060a4509a57af29bd844cbd7977a264b7b9641f5f54d03a0c99df6dd2633eb8884c4226aaa93748f3645bd7f136c93ffd2f9d844c66f5a7111e20949049913e0e443ae1755ebc6c1f47229df0da8c4b5fc8a796f0f66e68ebf4518c77d1b165041f1613ba79f97cd81cc8e3432735d1c7fd2467fb623b9d328f77ed85e9f985ddbf4e72915dda348893ef1fe1896ed362b03b94179f71b29fa6193046dcbe0cf5fd7b0352dcbe3870fdc3fd3bfa0000000000000000000000000000000000000000000000000000000000ffb9afa3c02de0071836ec0000000049454e44ae426082, 'download.png', 0),
(61, 'MOHD', 'SHAHAB', 'MOMIN', 'SS18IF018', 'Open', 'ROOM NO. 787,PLOT NO. 13\r\n', '1999-06-26', '7038441103', 'shahabanjum650@gmail.com', 'M', '2018-12-27 18:36:57', 'SS', 0, 0, 'FARHAT', 'SULTANA', 250000, 1, 1, 2, 88.4, 0, 'DTE123', 'Open', '0', 'REGULAR', NULL, 0x89504e470d0a1a0a0000000d49484452000000e1000000e10803000000096d22480000006f504c5445c462a0ffffffc1589bcb74abc25b9dc35e9eecd1e2c05299dca9c8c1599bc0559afefbfdc35f9eeccee0f3e1ecf5e5eff7eaf2e4bbd4e9c8dcc86ca6fcf5f9e7c3d9d89bc1d38fb9cc78adf1dce9e2b5d1f0d8e7dfafcdd491bbc96ea7cf82b2bd4894d9a2c4d698bece7fb1d188b6b7d8c57d0000041449444154789ceddcdb9a9a301405e0101230218320074145cb0cefff8cd5e9b4041c30f464375dffe50c177b7d214701c60000000000000000000000000000000000000000000000000000000000000000fe342985525cbfe35c0929cdb34bfa7d8ce09a55fbf650bc1ceb388e8f41916e5e3b5f6925561053f2302b8b6d1e7963515ea7e539e4f2d925fe0a2354952677d96cf9ae619c6a534a9e6de6e37d389619c59634dc2fee6fcd09d1ae23175131f77c37897e76c5cb98b05d94cff34af1ec9a171159bc2c9f97d3ba4979b3b0013defa09e5df412fcf05923c5c1a16df65dd7ed9bf6f4120f07d9e84c69be088bbb78f1e992a9f7a5da3ba138677e536c7f5cb0e3cfae7a01bd1bb7de2953cadcb591918ab332f876cd1ba12654a3164c4aaea6cb175ab6b5e7d584a60a751af6af8378340b085d150d9d9154ec0701b7954bff92824e40c306d34441a87447fa68073c85cfaee7b713e52020a1e1c3596e054c294d718e066b99e30a039acc1a6672aadbf639ca6e427a1b5a17562fdcad719491afd65286d456c195b636bdc50a8799abb537a1d8f4098335f642a6eb3ee17e9503a9ec27c37c95bd505adb26524712ce84b5f325b49f5d80077d425a67bbae787f3a98af6f5b7893f54bb66095dd50bef53729ade36b57f6504aec371647d23abf58e7c649b47d427f8d8bd2c1ee379b4928f8b4bf57edcfe0a99570fa32713a0693ce7fafdc9f60fd5a11cd5c66af0beefcdb77b795309fb98cbfac21e16c1b124e68f5c399cb2827b4c7d2e9cb0827b4374f33b305e5846d5f6935bda6219cd03e2c9d59b5119e2d64d757da4eafbc65b31969c924acfa83a8b99fd5a418f94225a1b176c08b7e570ba9241c9c622c390f2694d01a43d6d986f694bfe434914e427bba58f2cb139d8426eb4b4d161c27d249c8c2fe4143efe25e2ba184f6ee62c16d4a28a1b9f4b5ce6d8247082564da7ad664e37c284c29a17d189538174b29a1f1fb62bd8d6b4fa4949029eb776eefec38eb934a281b2ba1eb73cda4123261bf4672708b482ba11c3c025d3a75455a09478f08372e1189251c3c7f796d45871b955842c65b3ba197f28745534bc8f8e03ef5e2f3a3662497d0c8d16bb10553b33323b9844cfaa317f3a2b49a7e91594a32676d3dd18ddf3d8cead6d75c0cbf3060a4509a57af29bd844cbd7977a264b7b9641f5f54d03a0c99df6dd2633eb8884c4226aaa93748f3645bd7f136c93ffd2f9d844c66f5a7111e20949049913e0e443ae1755ebc6c1f47229df0da8c4b5fc8a796f0f66e68ebf4518c77d1b165041f1613ba79f97cd81cc8e3432735d1c7fd2467fb623b9d328f77ed85e9f985ddbf4e72915dda348893ef1fe1896ed362b03b94179f71b29fa6193046dcbe0cf5fd7b0352dcbe3870fdc3fd3bfa0000000000000000000000000000000000000000000000000000000000ffb9afa3c02de0071836ec0000000049454e44ae426082, 'download.png', 0),
(62, 'RESHMA', 'MILIND', 'KHARE', 'SS18IF019', 'Scheduled caste', 'Shankar Bhalerao Chawl, Buddha Colony C.S.T Road, Kurla West, Mumbai - 400 070\r\n', '2000-11-06', '9987164198', 'reshmakhare76@gmail.com', 'F', '2018-12-27 18:41:01', 'SS', 0, 0, 'VIJAYA', 'KHARE', 6000000, 1, 1, 2, 75.6, 0, 'DTE123', 'Scheduled caste', 'Ager (1)', 'REGULAR', NULL, 0x89504e470d0a1a0a0000000d49484452000000e1000000e10803000000096d22480000006f504c5445c462a0ffffffc1589bcb74abc25b9dc35e9eecd1e2c05299dca9c8c1599bc0559afefbfdc35f9eeccee0f3e1ecf5e5eff7eaf2e4bbd4e9c8dcc86ca6fcf5f9e7c3d9d89bc1d38fb9cc78adf1dce9e2b5d1f0d8e7dfafcdd491bbc96ea7cf82b2bd4894d9a2c4d698bece7fb1d188b6b7d8c57d0000041449444154789ceddcdb9a9a301405e0101230218320074145cb0cefff8cd5e9b4041c30f464375dffe50c177b7d214701c60000000000000000000000000000000000000000000000000000000000000000fe342985525cbfe35c0929cdb34bfa7d8ce09a55fbf650bc1ceb388e8f41916e5e3b5f6925561053f2302b8b6d1e7963515ea7e539e4f2d925fe0a2354952677d96cf9ae619c6a534a9e6de6e37d389619c59634dc2fee6fcd09d1ae23175131f77c37897e76c5cb98b05d94cff34af1ec9a171159bc2c9f97d3ba4979b3b0013defa09e5df412fcf05923c5c1a16df65dd7ed9bf6f4120f07d9e84c69be088bbb78f1e992a9f7a5da3ba138677e536c7f5cb0e3cfae7a01bd1bb7de2953cadcb591918ab332f876cd1ba12654a3164c4aaea6cb175ab6b5e7d584a60a751af6af8378340b085d150d9d9154ec0701b7954bff92824e40c306d34441a87447fa68073c85cfaee7b713e52020a1e1c3596e054c294d718e066b99e30a039acc1a6672aadbf639ca6e427a1b5a17562fdcad719491afd65286d456c195b636bdc50a8799abb537a1d8f4098335f642a6eb3ee17e9503a9ec27c37c95bd505adb26524712ce84b5f325b49f5d80077d425a67bbae787f3a98af6f5b7893f54bb66095dd50bef53729ade36b57f6504aec371647d23abf58e7c649b47d427f8d8bd2c1ee379b4928f8b4bf57edcfe0a99570fa32713a0693ce7fafdc9f60fd5a11cd5c66af0beefcdb77b795309fb98cbfac21e16c1b124e68f5c399cb2827b4c7d2e9cb0827b4374f33b305e5846d5f6935bda6219cd03e2c9d59b5119e2d64d757da4eafbc65b31969c924acfa83a8b99fd5a418f94225a1b176c08b7e570ba9241c9c622c390f2694d01a43d6d986f694bfe434914e427bba58f2cb139d8426eb4b4d161c27d249c8c2fe4143efe25e2ba184f6ee62c16d4a28a1b9f4b5ce6d8247082564da7ad664e37c284c29a17d189538174b29a1f1fb62bd8d6b4fa4949029eb776eefec38eb934a281b2ba1eb73cda4123261bf4672708b482ba11c3c025d3a75455a09478f08372e1189251c3c7f796d45871b955842c65b3ba197f28745534bc8f8e03ef5e2f3a3662497d0c8d16bb10553b33323b9844cfaa317f3a2b49a7e91594a32676d3dd18ddf3d8cead6d75c0cbf3060a4509a57af29bd844cbd7977a264b7b9641f5f54d03a0c99df6dd2633eb8884c4226aaa93748f3645bd7f136c93ffd2f9d844c66f5a7111e20949049913e0e443ae1755ebc6c1f47229df0da8c4b5fc8a796f0f66e68ebf4518c77d1b165041f1613ba79f97cd81cc8e3432735d1c7fd2467fb623b9d328f77ed85e9f985ddbf4e72915dda348893ef1fe1896ed362b03b94179f71b29fa6193046dcbe0cf5fd7b0352dcbe3870fdc3fd3bfa0000000000000000000000000000000000000000000000000000000000ffb9afa3c02de0071836ec0000000049454e44ae426082, 'download.png', 0),
(63, 'AFAAN', 'MOHAMMED', 'ANSARI', 'SS18IF020', 'Open', '19 A ,sita Bai chawl,haryali village ,tagore natar no.2 ,vikhroli east\r\n', '2000-12-06', '8097862247', 'affanmohhd@gmail.com', 'M', '2018-12-27 18:42:38', 'SS', 0, 0, 'NASEEM', 'ANSARI', 150000, 1, 1, 2, 76, 0, 'DTE123', 'Open', '0', 'REGULAR', NULL, 0x89504e470d0a1a0a0000000d49484452000000e1000000e10803000000096d22480000006f504c5445c462a0ffffffc1589bcb74abc25b9dc35e9eecd1e2c05299dca9c8c1599bc0559afefbfdc35f9eeccee0f3e1ecf5e5eff7eaf2e4bbd4e9c8dcc86ca6fcf5f9e7c3d9d89bc1d38fb9cc78adf1dce9e2b5d1f0d8e7dfafcdd491bbc96ea7cf82b2bd4894d9a2c4d698bece7fb1d188b6b7d8c57d0000041449444154789ceddcdb9a9a301405e0101230218320074145cb0cefff8cd5e9b4041c30f464375dffe50c177b7d214701c60000000000000000000000000000000000000000000000000000000000000000fe342985525cbfe35c0929cdb34bfa7d8ce09a55fbf650bc1ceb388e8f41916e5e3b5f6925561053f2302b8b6d1e7963515ea7e539e4f2d925fe0a2354952677d96cf9ae619c6a534a9e6de6e37d389619c59634dc2fee6fcd09d1ae23175131f77c37897e76c5cb98b05d94cff34af1ec9a171159bc2c9f97d3ba4979b3b0013defa09e5df412fcf05923c5c1a16df65dd7ed9bf6f4120f07d9e84c69be088bbb78f1e992a9f7a5da3ba138677e536c7f5cb0e3cfae7a01bd1bb7de2953cadcb591918ab332f876cd1ba12654a3164c4aaea6cb175ab6b5e7d584a60a751af6af8378340b085d150d9d9154ec0701b7954bff92824e40c306d34441a87447fa68073c85cfaee7b713e52020a1e1c3596e054c294d718e066b99e30a039acc1a6672aadbf639ca6e427a1b5a17562fdcad719491afd65286d456c195b636bdc50a8799abb537a1d8f4098335f642a6eb3ee17e9503a9ec27c37c95bd505adb26524712ce84b5f325b49f5d80077d425a67bbae787f3a98af6f5b7893f54bb66095dd50bef53729ade36b57f6504aec371647d23abf58e7c649b47d427f8d8bd2c1ee379b4928f8b4bf57edcfe0a99570fa32713a0693ce7fafdc9f60fd5a11cd5c66af0beefcdb77b795309fb98cbfac21e16c1b124e68f5c399cb2827b4c7d2e9cb0827b4374f33b305e5846d5f6935bda6219cd03e2c9d59b5119e2d64d757da4eafbc65b31969c924acfa83a8b99fd5a418f94225a1b176c08b7e570ba9241c9c622c390f2694d01a43d6d986f694bfe434914e427bba58f2cb139d8426eb4b4d161c27d249c8c2fe4143efe25e2ba184f6ee62c16d4a28a1b9f4b5ce6d8247082564da7ad664e37c284c29a17d189538174b29a1f1fb62bd8d6b4fa4949029eb776eefec38eb934a281b2ba1eb73cda4123261bf4672708b482ba11c3c025d3a75455a09478f08372e1189251c3c7f796d45871b955842c65b3ba197f28745534bc8f8e03ef5e2f3a3662497d0c8d16bb10553b33323b9844cfaa317f3a2b49a7e91594a32676d3dd18ddf3d8cead6d75c0cbf3060a4509a57af29bd844cbd7977a264b7b9641f5f54d03a0c99df6dd2633eb8884c4226aaa93748f3645bd7f136c93ffd2f9d844c66f5a7111e20949049913e0e443ae1755ebc6c1f47229df0da8c4b5fc8a796f0f66e68ebf4518c77d1b165041f1613ba79f97cd81cc8e3432735d1c7fd2467fb623b9d328f77ed85e9f985ddbf4e72915dda348893ef1fe1896ed362b03b94179f71b29fa6193046dcbe0cf5fd7b0352dcbe3870fdc3fd3bfa0000000000000000000000000000000000000000000000000000000000ffb9afa3c02de0071836ec0000000049454e44ae426082, 'download.png', 0),
(64, 'TAUSIF', 'TAUHID', 'KHAN', 'SS18IF021', 'Open', 'D/04, Dream palace,near little flower English school , samelpada, nallasopara (West).\r\n', '2000-01-23', '9359115498', 'tausifkhan7896@gmail.com', 'M', '2018-12-27 18:44:02', 'SS', 0, 0, 'SHABAB', 'KHANAM', 90000, 1, 1, 2, 76, 0, 'DTE123', 'Open', '0', 'REGULAR', NULL, 0x89504e470d0a1a0a0000000d49484452000000e1000000e10803000000096d22480000006f504c5445c462a0ffffffc1589bcb74abc25b9dc35e9eecd1e2c05299dca9c8c1599bc0559afefbfdc35f9eeccee0f3e1ecf5e5eff7eaf2e4bbd4e9c8dcc86ca6fcf5f9e7c3d9d89bc1d38fb9cc78adf1dce9e2b5d1f0d8e7dfafcdd491bbc96ea7cf82b2bd4894d9a2c4d698bece7fb1d188b6b7d8c57d0000041449444154789ceddcdb9a9a301405e0101230218320074145cb0cefff8cd5e9b4041c30f464375dffe50c177b7d214701c60000000000000000000000000000000000000000000000000000000000000000fe342985525cbfe35c0929cdb34bfa7d8ce09a55fbf650bc1ceb388e8f41916e5e3b5f6925561053f2302b8b6d1e7963515ea7e539e4f2d925fe0a2354952677d96cf9ae619c6a534a9e6de6e37d389619c59634dc2fee6fcd09d1ae23175131f77c37897e76c5cb98b05d94cff34af1ec9a171159bc2c9f97d3ba4979b3b0013defa09e5df412fcf05923c5c1a16df65dd7ed9bf6f4120f07d9e84c69be088bbb78f1e992a9f7a5da3ba138677e536c7f5cb0e3cfae7a01bd1bb7de2953cadcb591918ab332f876cd1ba12654a3164c4aaea6cb175ab6b5e7d584a60a751af6af8378340b085d150d9d9154ec0701b7954bff92824e40c306d34441a87447fa68073c85cfaee7b713e52020a1e1c3596e054c294d718e066b99e30a039acc1a6672aadbf639ca6e427a1b5a17562fdcad719491afd65286d456c195b636bdc50a8799abb537a1d8f4098335f642a6eb3ee17e9503a9ec27c37c95bd505adb26524712ce84b5f325b49f5d80077d425a67bbae787f3a98af6f5b7893f54bb66095dd50bef53729ade36b57f6504aec371647d23abf58e7c649b47d427f8d8bd2c1ee379b4928f8b4bf57edcfe0a99570fa32713a0693ce7fafdc9f60fd5a11cd5c66af0beefcdb77b795309fb98cbfac21e16c1b124e68f5c399cb2827b4c7d2e9cb0827b4374f33b305e5846d5f6935bda6219cd03e2c9d59b5119e2d64d757da4eafbc65b31969c924acfa83a8b99fd5a418f94225a1b176c08b7e570ba9241c9c622c390f2694d01a43d6d986f694bfe434914e427bba58f2cb139d8426eb4b4d161c27d249c8c2fe4143efe25e2ba184f6ee62c16d4a28a1b9f4b5ce6d8247082564da7ad664e37c284c29a17d189538174b29a1f1fb62bd8d6b4fa4949029eb776eefec38eb934a281b2ba1eb73cda4123261bf4672708b482ba11c3c025d3a75455a09478f08372e1189251c3c7f796d45871b955842c65b3ba197f28745534bc8f8e03ef5e2f3a3662497d0c8d16bb10553b33323b9844cfaa317f3a2b49a7e91594a32676d3dd18ddf3d8cead6d75c0cbf3060a4509a57af29bd844cbd7977a264b7b9641f5f54d03a0c99df6dd2633eb8884c4226aaa93748f3645bd7f136c93ffd2f9d844c66f5a7111e20949049913e0e443ae1755ebc6c1f47229df0da8c4b5fc8a796f0f66e68ebf4518c77d1b165041f1613ba79f97cd81cc8e3432735d1c7fd2467fb623b9d328f77ed85e9f985ddbf4e72915dda348893ef1fe1896ed362b03b94179f71b29fa6193046dcbe0cf5fd7b0352dcbe3870fdc3fd3bfa0000000000000000000000000000000000000000000000000000000000ffb9afa3c02de0071836ec0000000049454e44ae426082, 'download.png', 0),
(65, 'SPENCER', 'PAUL', 'DSHEEL', 'SS18IF022', 'Open', '2/76 Shivaji Nagar Dr Annie Besant Road Worli\r\n', '1998-07-01', '7506048392', 'spencerdsheelspd@gmail.com', 'M', '2018-12-27 18:49:16', 'SS', 0, 0, 'MATILDA', 'DSHEEL', 700000, 1, 1, 2, 75, 0, 'DTE123', 'Open', '0', 'REGULAR', NULL, 0x89504e470d0a1a0a0000000d49484452000000e1000000e10803000000096d22480000006f504c5445c462a0ffffffc1589bcb74abc25b9dc35e9eecd1e2c05299dca9c8c1599bc0559afefbfdc35f9eeccee0f3e1ecf5e5eff7eaf2e4bbd4e9c8dcc86ca6fcf5f9e7c3d9d89bc1d38fb9cc78adf1dce9e2b5d1f0d8e7dfafcdd491bbc96ea7cf82b2bd4894d9a2c4d698bece7fb1d188b6b7d8c57d0000041449444154789ceddcdb9a9a301405e0101230218320074145cb0cefff8cd5e9b4041c30f464375dffe50c177b7d214701c60000000000000000000000000000000000000000000000000000000000000000fe342985525cbfe35c0929cdb34bfa7d8ce09a55fbf650bc1ceb388e8f41916e5e3b5f6925561053f2302b8b6d1e7963515ea7e539e4f2d925fe0a2354952677d96cf9ae619c6a534a9e6de6e37d389619c59634dc2fee6fcd09d1ae23175131f77c37897e76c5cb98b05d94cff34af1ec9a171159bc2c9f97d3ba4979b3b0013defa09e5df412fcf05923c5c1a16df65dd7ed9bf6f4120f07d9e84c69be088bbb78f1e992a9f7a5da3ba138677e536c7f5cb0e3cfae7a01bd1bb7de2953cadcb591918ab332f876cd1ba12654a3164c4aaea6cb175ab6b5e7d584a60a751af6af8378340b085d150d9d9154ec0701b7954bff92824e40c306d34441a87447fa68073c85cfaee7b713e52020a1e1c3596e054c294d718e066b99e30a039acc1a6672aadbf639ca6e427a1b5a17562fdcad719491afd65286d456c195b636bdc50a8799abb537a1d8f4098335f642a6eb3ee17e9503a9ec27c37c95bd505adb26524712ce84b5f325b49f5d80077d425a67bbae787f3a98af6f5b7893f54bb66095dd50bef53729ade36b57f6504aec371647d23abf58e7c649b47d427f8d8bd2c1ee379b4928f8b4bf57edcfe0a99570fa32713a0693ce7fafdc9f60fd5a11cd5c66af0beefcdb77b795309fb98cbfac21e16c1b124e68f5c399cb2827b4c7d2e9cb0827b4374f33b305e5846d5f6935bda6219cd03e2c9d59b5119e2d64d757da4eafbc65b31969c924acfa83a8b99fd5a418f94225a1b176c08b7e570ba9241c9c622c390f2694d01a43d6d986f694bfe434914e427bba58f2cb139d8426eb4b4d161c27d249c8c2fe4143efe25e2ba184f6ee62c16d4a28a1b9f4b5ce6d8247082564da7ad664e37c284c29a17d189538174b29a1f1fb62bd8d6b4fa4949029eb776eefec38eb934a281b2ba1eb73cda4123261bf4672708b482ba11c3c025d3a75455a09478f08372e1189251c3c7f796d45871b955842c65b3ba197f28745534bc8f8e03ef5e2f3a3662497d0c8d16bb10553b33323b9844cfaa317f3a2b49a7e91594a32676d3dd18ddf3d8cead6d75c0cbf3060a4509a57af29bd844cbd7977a264b7b9641f5f54d03a0c99df6dd2633eb8884c4226aaa93748f3645bd7f136c93ffd2f9d844c66f5a7111e20949049913e0e443ae1755ebc6c1f47229df0da8c4b5fc8a796f0f66e68ebf4518c77d1b165041f1613ba79f97cd81cc8e3432735d1c7fd2467fb623b9d328f77ed85e9f985ddbf4e72915dda348893ef1fe1896ed362b03b94179f71b29fa6193046dcbe0cf5fd7b0352dcbe3870fdc3fd3bfa0000000000000000000000000000000000000000000000000000000000ffb9afa3c02de0071836ec0000000049454e44ae426082, 'download.png', 0);

-- --------------------------------------------------------

--
-- Table structure for table `ut`
--

CREATE TABLE `ut` (
  `ut_id` int(11) NOT NULL,
  `ut_semester_id` int(11) DEFAULT NULL,
  `ut_course_id` int(11) DEFAULT NULL,
  `ut_scheme_id` int(11) DEFAULT NULL,
  `ut_student_id` int(11) DEFAULT NULL,
  `ut_marks` int(11) DEFAULT NULL,
  `ut_outof` int(11) NOT NULL DEFAULT '0',
  `ut_dept` int(11) DEFAULT NULL,
  `ut_number` int(11) NOT NULL DEFAULT '1' COMMENT 'defines if the recoard is of 1st ut or 2nd, 1 for 1st 2 for 2nd',
  `ut_stud_ab` tinyint(1) NOT NULL DEFAULT '0',
  `ut_date_time` timestamp NOT NULL DEFAULT CURRENT_TIMESTAMP ON UPDATE CURRENT_TIMESTAMP
) ENGINE=InnoDB DEFAULT CHARSET=latin1 ROW_FORMAT=COMPACT;

--
-- Dumping data for table `ut`
--

INSERT INTO `ut` (`ut_id`, `ut_semester_id`, `ut_course_id`, `ut_scheme_id`, `ut_student_id`, `ut_marks`, `ut_outof`, `ut_dept`, `ut_number`, `ut_stud_ab`, `ut_date_time`) VALUES
(1, 1, 1, 1, 47, 0, 0, 1, 1, 1, '2019-01-08 05:59:01'),
(2, 1, 1, 1, 55, 25, 0, 1, 1, 0, '2019-01-08 05:59:01'),
(4, 1, 1, 1, 42, 15, 0, 1, 1, 0, '2019-01-08 05:59:01'),
(5, 1, 1, 1, 43, 19, 0, 1, 1, 0, '2019-01-08 05:59:01'),
(6, 1, 1, 1, 44, 26, 0, 1, 1, 0, '2019-01-08 05:59:01'),
(7, 1, 1, 1, 45, 18, 0, 1, 1, 0, '2019-01-08 05:59:01'),
(8, 1, 1, 1, 46, 27, 0, 1, 1, 0, '2019-01-08 05:59:01'),
(9, 1, 1, 1, 48, 26, 0, 1, 1, 0, '2019-01-08 05:59:01'),
(10, 1, 1, 1, 49, 23, 0, 1, 1, 0, '2019-01-08 05:59:01'),
(11, 1, 1, 1, 50, 22, 0, 1, 1, 0, '2019-01-08 05:59:01'),
(12, 1, 1, 1, 51, 21, 0, 1, 1, 0, '2019-01-08 05:59:01'),
(13, 1, 1, 1, 52, 24, 0, 1, 1, 0, '2019-01-08 05:59:01'),
(14, 1, 1, 1, 53, 14, 0, 1, 1, 0, '2019-01-08 05:59:01'),
(15, 1, 1, 1, 54, 19, 0, 1, 1, 0, '2019-01-08 05:59:01'),
(16, 1, 1, 1, 56, 16, 0, 1, 1, 0, '2019-01-08 05:59:01'),
(17, 1, 1, 1, 57, 17, 0, 1, 1, 0, '2019-01-08 05:59:01'),
(18, 1, 1, 1, 59, 29, 0, 1, 1, 0, '2019-01-08 05:59:01'),
(19, 1, 1, 1, 60, 30, 0, 1, 1, 0, '2019-01-08 05:59:01'),
(20, 1, 1, 1, 61, 27, 0, 1, 1, 0, '2019-01-08 05:59:01'),
(21, 1, 1, 1, 62, 22, 0, 1, 1, 0, '2019-01-08 05:59:01'),
(22, 1, 1, 1, 63, 23, 0, 1, 1, 0, '2019-01-08 05:59:01'),
(23, 1, 1, 1, 64, 26, 0, 1, 1, 0, '2019-01-08 05:59:01'),
(24, 1, 1, 1, 65, 21, 0, 1, 1, 0, '2019-01-08 05:59:01'),
(25, 1, 1, 1, 47, 25, 0, 1, 2, 0, '2019-01-08 05:59:01'),
(26, 1, 1, 1, 55, 20, 0, 1, 2, 0, '2019-01-08 05:59:01'),
(28, 1, 1, 1, 42, 23, 0, 1, 2, 0, '2019-01-08 05:59:01'),
(29, 1, 1, 1, 43, 26, 0, 1, 2, 0, '2019-01-08 05:59:01'),
(30, 1, 1, 1, 44, 18, 0, 1, 2, 0, '2019-01-08 05:59:01'),
(31, 1, 1, 1, 45, 19, 0, 1, 2, 0, '2019-01-08 05:59:01'),
(32, 1, 1, 1, 46, 25, 0, 1, 2, 0, '2019-01-08 05:59:01'),
(33, 1, 1, 1, 48, 21, 0, 1, 2, 0, '2019-01-08 05:59:01'),
(34, 1, 1, 1, 49, 22, 0, 1, 2, 0, '2019-01-08 05:59:01'),
(35, 1, 1, 1, 50, 27, 0, 1, 2, 0, '2019-01-08 05:59:01'),
(36, 1, 1, 1, 51, 29, 0, 1, 2, 0, '2019-01-08 05:59:01'),
(37, 1, 1, 1, 52, 26, 0, 1, 2, 0, '2019-01-08 05:59:01'),
(38, 1, 1, 1, 53, 28, 0, 1, 2, 0, '2019-01-08 05:59:01'),
(39, 1, 1, 1, 54, 21, 0, 1, 2, 0, '2019-01-08 05:59:01'),
(40, 1, 1, 1, 56, 20, 0, 1, 2, 0, '2019-01-08 05:59:01'),
(41, 1, 1, 1, 57, 19, 0, 1, 2, 0, '2019-01-08 05:59:01'),
(42, 1, 1, 1, 59, 18, 0, 1, 2, 0, '2019-01-08 05:59:01'),
(43, 1, 1, 1, 60, 15, 0, 1, 2, 0, '2019-01-08 05:59:01'),
(44, 1, 1, 1, 61, 15, 0, 1, 2, 0, '2019-01-08 05:59:01'),
(45, 1, 1, 1, 62, 16, 0, 1, 2, 0, '2019-01-08 05:59:01'),
(46, 1, 1, 1, 63, 23, 0, 1, 2, 0, '2019-01-08 05:59:01'),
(47, 1, 1, 1, 64, 24, 0, 1, 2, 0, '2019-01-08 05:59:01'),
(48, 1, 1, 1, 65, 25, 0, 1, 2, 0, '2019-01-08 05:59:01'),
(49, 2, 2, 1, 47, 25, 0, 1, 1, 0, '2019-01-08 05:59:01'),
(50, 2, 2, 1, 55, 22, 0, 1, 1, 0, '2019-01-08 05:59:01'),
(52, 2, 2, 1, 42, 27, 0, 1, 1, 0, '2019-01-08 05:59:01'),
(53, 2, 2, 1, 43, 14, 0, 1, 1, 0, '2019-01-08 05:59:01'),
(54, 2, 2, 1, 44, 15, 0, 1, 1, 0, '2019-01-08 05:59:01'),
(55, 2, 2, 1, 45, 16, 0, 1, 1, 0, '2019-01-08 05:59:01'),
(56, 2, 2, 1, 46, 17, 0, 1, 1, 0, '2019-01-08 05:59:01'),
(57, 2, 2, 1, 48, 18, 0, 1, 1, 0, '2019-01-08 05:59:01'),
(58, 2, 2, 1, 49, 19, 0, 1, 1, 0, '2019-01-08 05:59:01'),
(59, 2, 2, 1, 50, 20, 0, 1, 1, 0, '2019-01-08 05:59:01'),
(60, 2, 2, 1, 51, 21, 0, 1, 1, 0, '2019-01-08 05:59:01'),
(61, 2, 2, 1, 52, 22, 0, 1, 1, 0, '2019-01-08 05:59:01'),
(62, 2, 2, 1, 53, 26, 0, 1, 1, 0, '2019-01-08 05:59:01'),
(63, 2, 2, 1, 54, 24, 0, 1, 1, 0, '2019-01-08 05:59:01'),
(64, 2, 2, 1, 56, 21, 0, 1, 1, 0, '2019-01-08 05:59:01'),
(65, 2, 2, 1, 57, 20, 0, 1, 1, 0, '2019-01-08 05:59:01'),
(66, 2, 2, 1, 59, 15, 0, 1, 1, 0, '2019-01-08 05:59:01'),
(67, 2, 2, 1, 60, 18, 0, 1, 1, 0, '2019-01-08 05:59:01'),
(68, 2, 2, 1, 61, 19, 0, 1, 1, 0, '2019-01-08 05:59:01'),
(69, 2, 2, 1, 62, 16, 0, 1, 1, 0, '2019-01-08 05:59:01'),
(70, 2, 2, 1, 63, 25, 0, 1, 1, 0, '2019-01-08 05:59:01'),
(71, 2, 2, 1, 64, 22, 0, 1, 1, 0, '2019-01-08 05:59:01'),
(72, 2, 2, 1, 65, 21, 0, 1, 1, 0, '2019-01-08 05:59:01'),
(73, 2, 2, 1, 47, 21, 0, 1, 2, 0, '2019-01-08 05:59:01'),
(74, 2, 2, 1, 55, 22, 0, 1, 2, 0, '2019-01-08 05:59:01'),
(76, 2, 2, 1, 42, 27, 0, 1, 2, 0, '2019-01-08 05:59:01'),
(77, 2, 2, 1, 43, 28, 0, 1, 2, 0, '2019-01-08 05:59:01'),
(78, 2, 2, 1, 44, 29, 0, 1, 2, 0, '2019-01-08 05:59:01'),
(79, 2, 2, 1, 45, 19, 0, 1, 2, 0, '2019-01-08 05:59:01'),
(80, 2, 2, 1, 46, 15, 0, 1, 2, 0, '2019-01-08 05:59:01'),
(81, 2, 2, 1, 48, 18, 0, 1, 2, 0, '2019-01-08 05:59:01'),
(82, 2, 2, 1, 49, 25, 0, 1, 2, 0, '2019-01-08 05:59:01'),
(83, 2, 2, 1, 50, 30, 0, 1, 2, 0, '2019-01-08 05:59:01'),
(84, 2, 2, 1, 51, 17, 0, 1, 2, 0, '2019-01-08 05:59:01'),
(85, 2, 2, 1, 52, 14, 0, 1, 2, 0, '2019-01-08 05:59:01'),
(86, 2, 2, 1, 53, 18, 0, 1, 2, 0, '2019-01-08 05:59:01'),
(87, 2, 2, 1, 54, 25, 0, 1, 2, 0, '2019-01-08 05:59:01'),
(88, 2, 2, 1, 56, 16, 0, 1, 2, 0, '2019-01-08 05:59:01'),
(89, 2, 2, 1, 57, 23, 0, 1, 2, 0, '2019-01-08 05:59:01'),
(90, 2, 2, 1, 59, 22, 0, 1, 2, 0, '2019-01-08 05:59:01'),
(91, 2, 2, 1, 60, 21, 0, 1, 2, 0, '2019-01-08 05:59:01'),
(92, 2, 2, 1, 61, 20, 0, 1, 2, 0, '2019-01-08 05:59:01'),
(93, 2, 2, 1, 62, 19, 0, 1, 2, 0, '2019-01-08 05:59:01'),
(94, 2, 2, 1, 63, 29, 0, 1, 2, 0, '2019-01-08 05:59:01'),
(95, 2, 2, 1, 64, 24, 0, 1, 2, 0, '2019-01-08 05:59:01'),
(96, 2, 2, 1, 65, 26, 0, 1, 2, 0, '2019-01-08 05:59:01'),
(97, 3, 3, 1, 47, 21, 0, 1, 1, 0, '2019-01-08 05:59:01'),
(98, 3, 3, 1, 55, 22, 0, 1, 1, 0, '2019-01-08 05:59:01'),
(100, 3, 3, 1, 42, 15, 0, 1, 1, 0, '2019-01-08 05:59:01'),
(101, 3, 3, 1, 43, 19, 0, 1, 1, 0, '2019-01-08 05:59:01'),
(102, 3, 3, 1, 44, 18, 0, 1, 1, 0, '2019-01-08 05:59:01'),
(103, 3, 3, 1, 45, 17, 0, 1, 1, 0, '2019-01-08 05:59:01'),
(104, 3, 3, 1, 46, 14, 0, 1, 1, 0, '2019-01-08 05:59:01'),
(105, 3, 3, 1, 48, 19, 0, 1, 1, 0, '2019-01-08 05:59:01'),
(106, 3, 3, 1, 49, 25, 0, 1, 1, 0, '2019-01-08 05:59:01'),
(107, 3, 3, 1, 50, 26, 0, 1, 1, 0, '2019-01-08 05:59:01'),
(108, 3, 3, 1, 51, 24, 0, 1, 1, 0, '2019-01-08 05:59:01'),
(109, 3, 3, 1, 52, 22, 0, 1, 1, 0, '2019-01-08 05:59:01'),
(110, 3, 3, 1, 53, 28, 0, 1, 1, 0, '2019-01-08 05:59:01'),
(111, 3, 3, 1, 54, 24, 0, 1, 1, 0, '2019-01-08 05:59:01'),
(112, 3, 3, 1, 56, 21, 0, 1, 1, 0, '2019-01-08 05:59:01'),
(113, 3, 3, 1, 57, 20, 0, 1, 1, 0, '2019-01-08 05:59:01'),
(114, 3, 3, 1, 59, 26, 0, 1, 1, 0, '2019-01-08 05:59:01'),
(115, 3, 3, 1, 60, 23, 0, 1, 1, 0, '2019-01-08 05:59:01'),
(116, 3, 3, 1, 61, 28, 0, 1, 1, 0, '2019-01-08 05:59:01'),
(117, 3, 3, 1, 62, 24, 0, 1, 1, 0, '2019-01-08 05:59:01'),
(118, 3, 3, 1, 63, 21, 0, 1, 1, 0, '2019-01-08 05:59:01'),
(119, 3, 3, 1, 64, 25, 0, 1, 1, 0, '2019-01-08 05:59:01'),
(120, 3, 3, 1, 65, 20, 0, 1, 1, 0, '2019-01-08 05:59:01'),
(121, 3, 3, 1, 47, 21, 0, 1, 2, 0, '2019-01-08 05:59:01'),
(122, 3, 3, 1, 55, 28, 0, 1, 2, 0, '2019-01-08 05:59:01'),
(124, 3, 3, 1, 42, 26, 0, 1, 2, 0, '2019-01-08 05:59:01'),
(125, 3, 3, 1, 43, 24, 0, 1, 2, 0, '2019-01-08 05:59:01'),
(126, 3, 3, 1, 44, 22, 0, 1, 2, 0, '2019-01-08 05:59:01'),
(127, 3, 3, 1, 45, 21, 0, 1, 2, 0, '2019-01-08 05:59:01'),
(128, 3, 3, 1, 46, 23, 0, 1, 2, 0, '2019-01-08 05:59:01'),
(129, 3, 3, 1, 48, 24, 0, 1, 2, 0, '2019-01-08 05:59:01'),
(130, 3, 3, 1, 49, 19, 0, 1, 2, 0, '2019-01-08 05:59:01'),
(131, 3, 3, 1, 50, 20, 0, 1, 2, 0, '2019-01-08 05:59:01'),
(132, 3, 3, 1, 51, 28, 0, 1, 2, 0, '2019-01-08 05:59:01'),
(133, 3, 3, 1, 52, 30, 0, 1, 2, 0, '2019-01-08 05:59:01'),
(134, 3, 3, 1, 53, 29, 0, 1, 2, 0, '2019-01-08 05:59:01'),
(135, 3, 3, 1, 54, 25, 0, 1, 2, 0, '2019-01-08 05:59:01'),
(136, 3, 3, 1, 56, 26, 0, 1, 2, 0, '2019-01-08 05:59:01'),
(137, 3, 3, 1, 57, 15, 0, 1, 2, 0, '2019-01-08 05:59:01'),
(138, 3, 3, 1, 59, 19, 0, 1, 2, 0, '2019-01-08 05:59:01'),
(139, 3, 3, 1, 60, 25, 0, 1, 2, 0, '2019-01-08 05:59:01'),
(140, 3, 3, 1, 61, 26, 0, 1, 2, 0, '2019-01-08 05:59:01'),
(141, 3, 3, 1, 62, 27, 0, 1, 2, 0, '2019-01-08 05:59:01'),
(142, 3, 3, 1, 63, 27, 0, 1, 2, 0, '2019-01-08 05:59:01'),
(143, 3, 3, 1, 64, 28, 0, 1, 2, 0, '2019-01-08 05:59:01'),
(144, 3, 3, 1, 65, 29, 0, 1, 2, 0, '2019-01-08 05:59:01'),
(145, 4, 4, 1, 47, 21, 0, 1, 1, 0, '2019-01-08 05:59:01'),
(146, 4, 4, 1, 55, 25, 0, 1, 1, 0, '2019-01-08 05:59:01'),
(148, 4, 4, 1, 42, 26, 0, 1, 1, 0, '2019-01-08 05:59:01'),
(149, 4, 4, 1, 43, 23, 0, 1, 1, 0, '2019-01-08 05:59:01'),
(150, 4, 4, 1, 44, 15, 0, 1, 1, 0, '2019-01-08 05:59:01'),
(151, 4, 4, 1, 45, 19, 0, 1, 1, 0, '2019-01-08 05:59:01'),
(152, 4, 4, 1, 46, 18, 0, 1, 1, 0, '2019-01-08 05:59:01'),
(153, 4, 4, 1, 48, 17, 0, 1, 1, 0, '2019-01-08 05:59:01'),
(154, 4, 4, 1, 49, 26, 0, 1, 1, 0, '2019-01-08 05:59:01'),
(155, 4, 4, 1, 50, 20, 0, 1, 1, 0, '2019-01-08 05:59:01'),
(156, 4, 4, 1, 51, 22, 0, 1, 1, 0, '2019-01-08 05:59:01'),
(157, 4, 4, 1, 52, 25, 0, 1, 1, 0, '2019-01-08 05:59:01'),
(158, 4, 4, 1, 53, 24, 0, 1, 1, 0, '2019-01-08 05:59:01'),
(159, 4, 4, 1, 54, 23, 0, 1, 1, 0, '2019-01-08 05:59:01'),
(160, 4, 4, 1, 56, 22, 0, 1, 1, 0, '2019-01-08 05:59:01'),
(161, 4, 4, 1, 57, 18, 0, 1, 1, 0, '2019-01-08 05:59:01'),
(162, 4, 4, 1, 59, 25, 0, 1, 1, 0, '2019-01-08 05:59:01'),
(163, 4, 4, 1, 60, 24, 0, 1, 1, 0, '2019-01-08 05:59:01'),
(164, 4, 4, 1, 61, 21, 0, 1, 1, 0, '2019-01-08 05:59:01'),
(165, 4, 4, 1, 62, 20, 0, 1, 1, 0, '2019-01-08 05:59:01'),
(166, 4, 4, 1, 63, 29, 0, 1, 1, 0, '2019-01-08 05:59:01'),
(167, 4, 4, 1, 64, 30, 0, 1, 1, 0, '2019-01-08 05:59:01'),
(168, 4, 4, 1, 65, 30, 0, 1, 1, 0, '2019-01-08 05:59:01'),
(169, 4, 4, 1, 47, 25, 0, 1, 2, 0, '2019-01-08 05:59:01'),
(170, 4, 4, 1, 55, 21, 0, 1, 2, 0, '2019-01-08 05:59:01'),
(172, 4, 4, 1, 42, 18, 0, 1, 2, 0, '2019-01-08 05:59:01'),
(173, 4, 4, 1, 43, 19, 0, 1, 2, 0, '2019-01-08 05:59:01'),
(174, 4, 4, 1, 44, 26, 0, 1, 2, 0, '2019-01-08 05:59:01'),
(175, 4, 4, 1, 45, 23, 0, 1, 2, 0, '2019-01-08 05:59:01'),
(176, 4, 4, 1, 46, 18, 0, 1, 2, 0, '2019-01-08 05:59:01'),
(177, 4, 4, 1, 48, 20, 0, 1, 2, 0, '2019-01-08 05:59:01'),
(178, 4, 4, 1, 49, 29, 0, 1, 2, 0, '2019-01-08 05:59:01'),
(179, 4, 4, 1, 50, 30, 0, 1, 2, 0, '2019-01-08 05:59:01'),
(180, 4, 4, 1, 51, 27, 0, 1, 2, 0, '2019-01-08 05:59:01'),
(181, 4, 4, 1, 52, 24, 0, 1, 2, 0, '2019-01-08 05:59:01'),
(182, 4, 4, 1, 53, 21, 0, 1, 2, 0, '2019-01-08 05:59:01'),
(183, 4, 4, 1, 54, 26, 0, 1, 2, 0, '2019-01-08 05:59:01'),
(184, 4, 4, 1, 56, 25, 0, 1, 2, 0, '2019-01-08 05:59:01'),
(185, 4, 4, 1, 57, 29, 0, 1, 2, 0, '2019-01-08 05:59:01'),
(186, 4, 4, 1, 59, 28, 0, 1, 2, 0, '2019-01-08 05:59:01'),
(187, 4, 4, 1, 60, 21, 0, 1, 2, 0, '2019-01-08 05:59:01'),
(188, 4, 4, 1, 61, 22, 0, 1, 2, 0, '2019-01-08 05:59:01'),
(189, 4, 4, 1, 62, 16, 0, 1, 2, 0, '2019-01-08 05:59:01'),
(190, 4, 4, 1, 63, 17, 0, 1, 2, 0, '2019-01-08 05:59:01'),
(191, 4, 4, 1, 64, 19, 0, 1, 2, 0, '2019-01-08 05:59:01'),
(192, 4, 4, 1, 65, 20, 0, 1, 2, 0, '2019-01-08 05:59:01'),
(193, 1, 1, 1, 1, 25, 0, 1, 1, 0, '2019-01-08 05:59:01'),
(194, 1, 1, 1, 2, 26, 0, 1, 1, 0, '2019-01-08 05:59:01'),
(195, 1, 1, 1, 3, 20, 0, 1, 1, 0, '2019-01-08 05:59:01'),
(196, 1, 1, 1, 4, 15, 0, 1, 1, 0, '2019-01-08 05:59:01'),
(197, 1, 1, 1, 5, 0, 0, 1, 1, 1, '2019-01-08 05:59:01'),
(198, 1, 1, 1, 6, 16, 0, 1, 1, 0, '2019-01-08 05:59:01'),
(199, 1, 1, 1, 7, 19, 0, 1, 1, 0, '2019-01-08 05:59:01'),
(200, 1, 1, 1, 8, 20, 0, 1, 1, 0, '2019-01-08 05:59:01'),
(201, 1, 1, 1, 9, 21, 0, 1, 1, 0, '2019-01-08 05:59:01'),
(202, 1, 1, 1, 10, 22, 0, 1, 1, 0, '2019-01-08 05:59:01'),
(203, 1, 1, 1, 11, 25, 0, 1, 1, 0, '2019-01-08 05:59:01'),
(204, 1, 1, 1, 12, 28, 0, 1, 1, 0, '2019-01-08 05:59:01'),
(205, 1, 1, 1, 14, 27, 0, 1, 1, 0, '2019-01-08 05:59:01'),
(206, 1, 1, 1, 15, 19, 0, 1, 1, 0, '2019-01-08 05:59:01'),
(207, 1, 1, 1, 16, 15, 0, 1, 1, 0, '2019-01-08 05:59:01'),
(208, 1, 1, 1, 17, 22, 0, 1, 1, 0, '2019-01-08 05:59:01'),
(209, 1, 1, 1, 18, 20, 0, 1, 1, 0, '2019-01-08 05:59:01'),
(210, 1, 1, 1, 19, 23, 0, 1, 1, 0, '2019-01-08 05:59:01'),
(211, 1, 1, 1, 20, 24, 0, 1, 1, 0, '2019-01-08 05:59:01'),
(212, 1, 1, 1, 21, 25, 0, 1, 1, 0, '2019-01-08 05:59:01'),
(213, 1, 1, 1, 22, 26, 0, 1, 1, 0, '2019-01-08 05:59:01'),
(214, 1, 1, 1, 23, 29, 0, 1, 1, 0, '2019-01-08 05:59:01'),
(215, 1, 1, 1, 24, 21, 0, 1, 1, 0, '2019-01-08 05:59:01'),
(216, 1, 1, 1, 25, 19, 0, 1, 1, 0, '2019-01-08 05:59:01'),
(217, 1, 1, 1, 26, 18, 0, 1, 1, 0, '2019-01-08 05:59:01'),
(218, 1, 1, 1, 27, 16, 0, 1, 1, 0, '2019-01-08 05:59:01'),
(219, 1, 1, 1, 28, 15, 0, 1, 1, 0, '2019-01-08 05:59:01'),
(220, 1, 1, 1, 29, 13, 0, 1, 1, 0, '2019-01-08 05:59:01'),
(221, 1, 1, 1, 30, 15, 0, 1, 1, 0, '2019-01-08 05:59:01'),
(222, 1, 1, 1, 31, 18, 0, 1, 1, 0, '2019-01-08 05:59:01'),
(223, 1, 1, 1, 32, 16, 0, 1, 1, 0, '2019-01-08 05:59:01'),
(224, 1, 1, 1, 33, 21, 0, 1, 1, 0, '2019-01-08 05:59:01'),
(225, 1, 1, 1, 34, 22, 0, 1, 1, 0, '2019-01-08 05:59:01'),
(226, 1, 1, 1, 35, 25, 0, 1, 1, 0, '2019-01-08 05:59:01'),
(227, 1, 1, 1, 36, 26, 0, 1, 1, 0, '2019-01-08 05:59:01'),
(228, 1, 1, 1, 38, 27, 0, 1, 1, 0, '2019-01-08 05:59:01'),
(229, 1, 1, 1, 39, 28, 0, 1, 1, 0, '2019-01-08 05:59:01'),
(230, 1, 1, 1, 40, 29, 0, 1, 1, 0, '2019-01-08 05:59:01'),
(231, 1, 1, 1, 13, 21, 0, 1, 1, 0, '2019-01-08 05:59:01'),
(232, 2, 2, 1, 1, 0, 0, 1, 1, 1, '2019-01-08 05:59:01'),
(233, 2, 2, 1, 2, 25, 0, 1, 1, 0, '2019-01-08 05:59:01'),
(234, 2, 2, 1, 3, 21, 0, 1, 1, 0, '2019-01-08 05:59:01'),
(235, 2, 2, 1, 4, 22, 0, 1, 1, 0, '2019-01-08 05:59:01'),
(236, 2, 2, 1, 5, 20, 0, 1, 1, 0, '2019-01-08 05:59:01'),
(237, 2, 2, 1, 6, 15, 0, 1, 1, 0, '2019-01-08 05:59:01'),
(238, 2, 2, 1, 7, 18, 0, 1, 1, 0, '2019-01-08 05:59:01'),
(239, 2, 2, 1, 8, 17, 0, 1, 1, 0, '2019-01-08 05:59:01'),
(240, 2, 2, 1, 9, 19, 0, 1, 1, 0, '2019-01-08 05:59:01'),
(241, 2, 2, 1, 10, 16, 0, 1, 1, 0, '2019-01-08 05:59:01'),
(242, 2, 2, 1, 11, 19, 0, 1, 1, 0, '2019-01-08 05:59:01'),
(243, 2, 2, 1, 12, 20, 0, 1, 1, 0, '2019-01-08 05:59:01'),
(244, 2, 2, 1, 14, 25, 0, 1, 1, 0, '2019-01-08 05:59:01'),
(245, 2, 2, 1, 15, 24, 0, 1, 1, 0, '2019-01-08 05:59:01'),
(246, 2, 2, 1, 16, 26, 0, 1, 1, 0, '2019-01-08 05:59:01'),
(247, 2, 2, 1, 17, 23, 0, 1, 1, 0, '2019-01-08 05:59:01'),
(248, 2, 2, 1, 18, 22, 0, 1, 1, 0, '2019-01-08 05:59:01'),
(249, 2, 2, 1, 19, 21, 0, 1, 1, 0, '2019-01-08 05:59:01'),
(250, 2, 2, 1, 20, 20, 0, 1, 1, 0, '2019-01-08 05:59:01'),
(251, 2, 2, 1, 21, 22, 0, 1, 1, 0, '2019-01-08 05:59:01'),
(252, 2, 2, 1, 22, 26, 0, 1, 1, 0, '2019-01-08 05:59:01'),
(253, 2, 2, 1, 23, 23, 0, 1, 1, 0, '2019-01-08 05:59:01'),
(254, 2, 2, 1, 24, 22, 0, 1, 1, 0, '2019-01-08 05:59:01'),
(255, 2, 2, 1, 25, 20, 0, 1, 1, 0, '2019-01-08 05:59:01'),
(256, 2, 2, 1, 26, 21, 0, 1, 1, 0, '2019-01-08 05:59:01'),
(257, 2, 2, 1, 27, 22, 0, 1, 1, 0, '2019-01-08 05:59:01'),
(258, 2, 2, 1, 28, 20, 0, 1, 1, 0, '2019-01-08 05:59:01'),
(259, 2, 2, 1, 29, 20, 0, 1, 1, 0, '2019-01-08 05:59:01'),
(260, 2, 2, 1, 30, 21, 0, 1, 1, 0, '2019-01-08 05:59:01'),
(261, 2, 2, 1, 31, 25, 0, 1, 1, 0, '2019-01-08 05:59:01'),
(262, 2, 2, 1, 32, 23, 0, 1, 1, 0, '2019-01-08 05:59:01'),
(263, 2, 2, 1, 33, 15, 0, 1, 1, 0, '2019-01-08 05:59:01'),
(264, 2, 2, 1, 34, 16, 0, 1, 1, 0, '2019-01-08 05:59:01'),
(265, 2, 2, 1, 35, 16, 0, 1, 1, 0, '2019-01-08 05:59:01'),
(266, 2, 2, 1, 36, 15, 0, 1, 1, 0, '2019-01-08 05:59:01'),
(267, 2, 2, 1, 38, 15, 0, 1, 1, 0, '2019-01-08 05:59:01'),
(268, 2, 2, 1, 39, 26, 0, 1, 1, 0, '2019-01-08 05:59:01'),
(269, 2, 2, 1, 40, 25, 0, 1, 1, 0, '2019-01-08 05:59:01'),
(270, 2, 2, 1, 13, 21, 0, 1, 1, 0, '2019-01-08 05:59:01'),
(271, 3, 3, 1, 1, 20, 0, 1, 1, 0, '2019-01-08 05:59:01'),
(272, 3, 3, 1, 2, 21, 0, 1, 1, 0, '2019-01-08 05:59:01'),
(273, 3, 3, 1, 3, 25, 0, 1, 1, 0, '2019-01-08 05:59:01'),
(274, 3, 3, 1, 4, 29, 0, 1, 1, 0, '2019-01-08 05:59:01'),
(275, 3, 3, 1, 5, 25, 0, 1, 1, 0, '2019-01-08 05:59:01'),
(276, 3, 3, 1, 6, 28, 0, 1, 1, 0, '2019-01-08 05:59:01'),
(277, 3, 3, 1, 7, 26, 0, 1, 1, 0, '2019-01-08 05:59:01'),
(278, 3, 3, 1, 8, 24, 0, 1, 1, 0, '2019-01-08 05:59:01'),
(279, 3, 3, 1, 9, 21, 0, 1, 1, 0, '2019-01-08 05:59:01'),
(280, 3, 3, 1, 10, 23, 0, 1, 1, 0, '2019-01-08 05:59:01'),
(281, 3, 3, 1, 11, 21, 0, 1, 1, 0, '2019-01-08 05:59:01'),
(282, 3, 3, 1, 12, 24, 0, 1, 1, 0, '2019-01-08 05:59:01'),
(283, 3, 3, 1, 14, 25, 0, 1, 1, 0, '2019-01-08 05:59:01'),
(284, 3, 3, 1, 15, 28, 0, 1, 1, 0, '2019-01-08 05:59:01'),
(285, 3, 3, 1, 16, 29, 0, 1, 1, 0, '2019-01-08 05:59:01'),
(286, 3, 3, 1, 17, 21, 0, 1, 1, 0, '2019-01-08 05:59:01'),
(287, 3, 3, 1, 18, 20, 0, 1, 1, 0, '2019-01-08 05:59:01'),
(288, 3, 3, 1, 19, 22, 0, 1, 1, 0, '2019-01-08 05:59:01'),
(289, 3, 3, 1, 20, 19, 0, 1, 1, 0, '2019-01-08 05:59:01'),
(290, 3, 3, 1, 21, 18, 0, 1, 1, 0, '2019-01-08 05:59:01'),
(291, 3, 3, 1, 22, 16, 0, 1, 1, 0, '2019-01-08 05:59:01'),
(292, 3, 3, 1, 23, 14, 0, 1, 1, 0, '2019-01-08 05:59:01'),
(293, 3, 3, 1, 24, 19, 0, 1, 1, 0, '2019-01-08 05:59:01'),
(294, 3, 3, 1, 25, 15, 0, 1, 1, 0, '2019-01-08 05:59:01'),
(295, 3, 3, 1, 26, 17, 0, 1, 1, 0, '2019-01-08 05:59:01'),
(296, 3, 3, 1, 27, 25, 0, 1, 1, 0, '2019-01-08 05:59:01'),
(297, 3, 3, 1, 28, 26, 0, 1, 1, 0, '2019-01-08 05:59:01'),
(298, 3, 3, 1, 29, 28, 0, 1, 1, 0, '2019-01-08 05:59:01'),
(299, 3, 3, 1, 30, 27, 0, 1, 1, 0, '2019-01-08 05:59:01'),
(300, 3, 3, 1, 31, 21, 0, 1, 1, 0, '2019-01-08 05:59:01'),
(301, 3, 3, 1, 32, 26, 0, 1, 1, 0, '2019-01-08 05:59:01'),
(302, 3, 3, 1, 33, 29, 0, 1, 1, 0, '2019-01-08 05:59:01'),
(303, 3, 3, 1, 34, 28, 0, 1, 1, 0, '2019-01-08 05:59:01'),
(304, 3, 3, 1, 35, 24, 0, 1, 1, 0, '2019-01-08 05:59:01'),
(305, 3, 3, 1, 36, 27, 0, 1, 1, 0, '2019-01-08 05:59:01'),
(306, 3, 3, 1, 38, 26, 0, 1, 1, 0, '2019-01-08 05:59:01'),
(307, 3, 3, 1, 39, 24, 0, 1, 1, 0, '2019-01-08 05:59:01'),
(308, 3, 3, 1, 40, 25, 0, 1, 1, 0, '2019-01-08 05:59:01'),
(309, 3, 3, 1, 13, 22, 0, 1, 1, 0, '2019-01-08 05:59:01'),
(310, 4, 4, 1, 1, 21, 0, 1, 1, 0, '2019-01-08 05:59:01'),
(311, 4, 4, 1, 2, 24, 0, 1, 1, 0, '2019-01-08 05:59:01'),
(312, 4, 4, 1, 3, 25, 0, 1, 1, 0, '2019-01-08 05:59:01'),
(313, 4, 4, 1, 4, 26, 0, 1, 1, 0, '2019-01-08 05:59:01'),
(314, 4, 4, 1, 5, 28, 0, 1, 1, 0, '2019-01-08 05:59:01'),
(315, 4, 4, 1, 6, 29, 0, 1, 1, 0, '2019-01-08 05:59:01'),
(316, 4, 4, 1, 7, 27, 0, 1, 1, 0, '2019-01-08 05:59:01'),
(317, 4, 4, 1, 8, 24, 0, 1, 1, 0, '2019-01-08 05:59:01'),
(318, 4, 4, 1, 9, 26, 0, 1, 1, 0, '2019-01-08 05:59:01'),
(319, 4, 4, 1, 10, 28, 0, 1, 1, 0, '2019-01-08 05:59:01'),
(320, 4, 4, 1, 11, 25, 0, 1, 1, 0, '2019-01-08 05:59:01'),
(321, 4, 4, 1, 12, 23, 0, 1, 1, 0, '2019-01-08 05:59:01'),
(322, 4, 4, 1, 14, 21, 0, 1, 1, 0, '2019-01-08 05:59:01'),
(323, 4, 4, 1, 15, 22, 0, 1, 1, 0, '2019-01-08 05:59:01'),
(324, 4, 4, 1, 16, 21, 0, 1, 1, 0, '2019-01-08 05:59:01'),
(325, 4, 4, 1, 17, 27, 0, 1, 1, 0, '2019-01-08 05:59:01'),
(326, 4, 4, 1, 18, 12, 0, 1, 1, 0, '2019-01-08 05:59:01'),
(327, 4, 4, 1, 19, 16, 0, 1, 1, 0, '2019-01-08 05:59:01'),
(328, 4, 4, 1, 20, 19, 0, 1, 1, 0, '2019-01-08 05:59:01'),
(329, 4, 4, 1, 21, 18, 0, 1, 1, 0, '2019-01-08 05:59:01'),
(330, 4, 4, 1, 22, 14, 0, 1, 1, 0, '2019-01-08 05:59:01'),
(331, 4, 4, 1, 23, 17, 0, 1, 1, 0, '2019-01-08 05:59:01'),
(332, 4, 4, 1, 24, 19, 0, 1, 1, 0, '2019-01-08 05:59:01'),
(333, 4, 4, 1, 25, 15, 0, 1, 1, 0, '2019-01-08 05:59:01'),
(334, 4, 4, 1, 26, 18, 0, 1, 1, 0, '2019-01-08 05:59:01'),
(335, 4, 4, 1, 27, 16, 0, 1, 1, 0, '2019-01-08 05:59:01'),
(336, 4, 4, 1, 28, 17, 0, 1, 1, 0, '2019-01-08 05:59:01'),
(337, 4, 4, 1, 29, 18, 0, 1, 1, 0, '2019-01-08 05:59:01'),
(338, 4, 4, 1, 30, 25, 0, 1, 1, 0, '2019-01-08 05:59:01'),
(339, 4, 4, 1, 31, 24, 0, 1, 1, 0, '2019-01-08 05:59:01'),
(340, 4, 4, 1, 32, 21, 0, 1, 1, 0, '2019-01-08 05:59:01'),
(341, 4, 4, 1, 33, 26, 0, 1, 1, 0, '2019-01-08 05:59:01'),
(342, 4, 4, 1, 34, 28, 0, 1, 1, 0, '2019-01-08 05:59:01'),
(343, 4, 4, 1, 35, 29, 0, 1, 1, 0, '2019-01-08 05:59:01'),
(344, 4, 4, 1, 36, 24, 0, 1, 1, 0, '2019-01-08 05:59:01'),
(345, 4, 4, 1, 38, 23, 0, 1, 1, 0, '2019-01-08 05:59:01'),
(346, 4, 4, 1, 39, 20, 0, 1, 1, 0, '2019-01-08 05:59:01'),
(347, 4, 4, 1, 40, 21, 0, 1, 1, 0, '2019-01-08 05:59:01'),
(348, 4, 4, 1, 13, 22, 0, 1, 1, 0, '2019-01-08 05:59:01'),
(349, 1, 1, 1, 1, 21, 0, 1, 2, 0, '2019-01-08 05:59:01'),
(350, 1, 1, 1, 2, 20, 0, 1, 2, 0, '2019-01-08 05:59:01'),
(351, 1, 1, 1, 3, 25, 0, 1, 2, 0, '2019-01-08 05:59:01'),
(352, 1, 1, 1, 4, 29, 0, 1, 2, 0, '2019-01-08 05:59:01'),
(353, 1, 1, 1, 5, 26, 0, 1, 2, 0, '2019-01-08 05:59:01'),
(354, 1, 1, 1, 6, 27, 0, 1, 2, 0, '2019-01-08 05:59:01'),
(355, 1, 1, 1, 7, 28, 0, 1, 2, 0, '2019-01-08 05:59:01'),
(356, 1, 1, 1, 8, 26, 0, 1, 2, 0, '2019-01-08 05:59:01'),
(357, 1, 1, 1, 9, 23, 0, 1, 2, 0, '2019-01-08 05:59:01'),
(358, 1, 1, 1, 10, 22, 0, 1, 2, 0, '2019-01-08 05:59:01'),
(359, 1, 1, 1, 11, 24, 0, 1, 2, 0, '2019-01-08 05:59:01'),
(360, 1, 1, 1, 12, 25, 0, 1, 2, 0, '2019-01-08 05:59:01'),
(361, 1, 1, 1, 14, 26, 0, 1, 2, 0, '2019-01-08 05:59:01'),
(362, 1, 1, 1, 15, 25, 0, 1, 2, 0, '2019-01-08 05:59:01'),
(363, 1, 1, 1, 16, 23, 0, 1, 2, 0, '2019-01-08 05:59:01'),
(364, 1, 1, 1, 17, 22, 0, 1, 2, 0, '2019-01-08 05:59:01'),
(365, 1, 1, 1, 18, 21, 0, 1, 2, 0, '2019-01-08 05:59:01'),
(366, 1, 1, 1, 19, 20, 0, 1, 2, 0, '2019-01-08 05:59:01'),
(367, 1, 1, 1, 20, 25, 0, 1, 2, 0, '2019-01-08 05:59:01'),
(368, 1, 1, 1, 21, 25, 0, 1, 2, 0, '2019-01-08 05:59:01'),
(369, 1, 1, 1, 22, 29, 0, 1, 2, 0, '2019-01-08 05:59:01'),
(370, 1, 1, 1, 23, 25, 0, 1, 2, 0, '2019-01-08 05:59:01'),
(371, 1, 1, 1, 24, 26, 0, 1, 2, 0, '2019-01-08 05:59:01'),
(372, 1, 1, 1, 25, 28, 0, 1, 2, 0, '2019-01-08 05:59:01'),
(373, 1, 1, 1, 26, 21, 0, 1, 2, 0, '2019-01-08 05:59:01'),
(374, 1, 1, 1, 27, 19, 0, 1, 2, 0, '2019-01-08 05:59:01'),
(375, 1, 1, 1, 28, 18, 0, 1, 2, 0, '2019-01-08 05:59:01'),
(376, 1, 1, 1, 29, 16, 0, 1, 2, 0, '2019-01-08 05:59:01'),
(377, 1, 1, 1, 30, 18, 0, 1, 2, 0, '2019-01-08 05:59:01'),
(378, 1, 1, 1, 31, 11, 0, 1, 2, 0, '2019-01-08 05:59:01'),
(379, 1, 1, 1, 32, 14, 0, 1, 2, 0, '2019-01-08 05:59:01'),
(380, 1, 1, 1, 33, 15, 0, 1, 2, 0, '2019-01-08 05:59:01'),
(381, 1, 1, 1, 34, 19, 0, 1, 2, 0, '2019-01-08 05:59:01'),
(382, 1, 1, 1, 35, 16, 0, 1, 2, 0, '2019-01-08 05:59:01'),
(383, 1, 1, 1, 36, 18, 0, 1, 2, 0, '2019-01-08 05:59:01'),
(384, 1, 1, 1, 38, 21, 0, 1, 2, 0, '2019-01-08 05:59:01'),
(385, 1, 1, 1, 39, 29, 0, 1, 2, 0, '2019-01-08 05:59:01'),
(386, 1, 1, 1, 40, 26, 0, 1, 2, 0, '2019-01-08 05:59:01'),
(387, 1, 1, 1, 13, 29, 0, 1, 2, 0, '2019-01-08 05:59:01'),
(388, 2, 2, 1, 1, 20, 0, 1, 2, 0, '2019-01-08 05:59:01'),
(389, 2, 2, 1, 2, 21, 0, 1, 2, 0, '2019-01-08 05:59:01'),
(390, 2, 2, 1, 3, 25, 0, 1, 2, 0, '2019-01-08 05:59:01'),
(391, 2, 2, 1, 4, 26, 0, 1, 2, 0, '2019-01-08 05:59:01'),
(392, 2, 2, 1, 5, 28, 0, 1, 2, 0, '2019-01-08 05:59:01'),
(393, 2, 2, 1, 6, 29, 0, 1, 2, 0, '2019-01-08 05:59:01'),
(394, 2, 2, 1, 7, 27, 0, 1, 2, 0, '2019-01-08 05:59:01'),
(395, 2, 2, 1, 8, 26, 0, 1, 2, 0, '2019-01-08 05:59:01'),
(396, 2, 2, 1, 9, 22, 0, 1, 2, 0, '2019-01-08 05:59:01'),
(397, 2, 2, 1, 10, 25, 0, 1, 2, 0, '2019-01-08 05:59:01'),
(398, 2, 2, 1, 11, 24, 0, 1, 2, 0, '2019-01-08 05:59:01'),
(399, 2, 2, 1, 12, 26, 0, 1, 2, 0, '2019-01-08 05:59:01'),
(400, 2, 2, 1, 14, 27, 0, 1, 2, 0, '2019-01-08 05:59:01'),
(401, 2, 2, 1, 15, 29, 0, 1, 2, 0, '2019-01-08 05:59:01'),
(402, 2, 2, 1, 16, 28, 0, 1, 2, 0, '2019-01-08 05:59:01'),
(403, 2, 2, 1, 17, 26, 0, 1, 2, 0, '2019-01-08 05:59:01'),
(404, 2, 2, 1, 18, 24, 0, 1, 2, 0, '2019-01-08 05:59:01'),
(405, 2, 2, 1, 19, 25, 0, 1, 2, 0, '2019-01-08 05:59:01'),
(406, 2, 2, 1, 20, 23, 0, 1, 2, 0, '2019-01-08 05:59:01'),
(407, 2, 2, 1, 21, 28, 0, 1, 2, 0, '2019-01-08 05:59:01'),
(408, 2, 2, 1, 22, 24, 0, 1, 2, 0, '2019-01-08 05:59:01'),
(409, 2, 2, 1, 23, 26, 0, 1, 2, 0, '2019-01-08 05:59:01'),
(410, 2, 2, 1, 24, 29, 0, 1, 2, 0, '2019-01-08 05:59:01'),
(411, 2, 2, 1, 25, 15, 0, 1, 2, 0, '2019-01-08 05:59:01'),
(412, 2, 2, 1, 26, 18, 0, 1, 2, 0, '2019-01-08 05:59:01'),
(413, 2, 2, 1, 27, 19, 0, 1, 2, 0, '2019-01-08 05:59:01'),
(414, 2, 2, 1, 28, 16, 0, 1, 2, 0, '2019-01-08 05:59:01'),
(415, 2, 2, 1, 29, 17, 0, 1, 2, 0, '2019-01-08 05:59:01'),
(416, 2, 2, 1, 30, 18, 0, 1, 2, 0, '2019-01-08 05:59:01'),
(417, 2, 2, 1, 31, 19, 0, 1, 2, 0, '2019-01-08 05:59:01'),
(418, 2, 2, 1, 32, 19, 0, 1, 2, 0, '2019-01-08 05:59:01'),
(419, 2, 2, 1, 33, 25, 0, 1, 2, 0, '2019-01-08 05:59:01'),
(420, 2, 2, 1, 34, 24, 0, 1, 2, 0, '2019-01-08 05:59:01'),
(421, 2, 2, 1, 35, 22, 0, 1, 2, 0, '2019-01-08 05:59:01'),
(422, 2, 2, 1, 36, 23, 0, 1, 2, 0, '2019-01-08 05:59:01'),
(423, 2, 2, 1, 38, 21, 0, 1, 2, 0, '2019-01-08 05:59:01'),
(424, 2, 2, 1, 39, 20, 0, 1, 2, 0, '2019-01-08 05:59:01'),
(425, 2, 2, 1, 40, 19, 0, 1, 2, 0, '2019-01-08 05:59:01'),
(426, 2, 2, 1, 13, 25, 0, 1, 2, 0, '2019-01-08 05:59:01'),
(427, 3, 3, 1, 1, 21, 0, 1, 2, 0, '2019-01-08 05:59:01'),
(428, 3, 3, 1, 2, 28, 0, 1, 2, 0, '2019-01-08 05:59:01'),
(429, 3, 3, 1, 3, 29, 0, 1, 2, 0, '2019-01-08 05:59:01'),
(430, 3, 3, 1, 4, 27, 0, 1, 2, 0, '2019-01-08 05:59:01'),
(431, 3, 3, 1, 5, 26, 0, 1, 2, 0, '2019-01-08 05:59:01'),
(432, 3, 3, 1, 6, 25, 0, 1, 2, 0, '2019-01-08 05:59:01'),
(433, 3, 3, 1, 7, 28, 0, 1, 2, 0, '2019-01-08 05:59:01'),
(434, 3, 3, 1, 8, 28, 0, 1, 2, 0, '2019-01-08 05:59:01'),
(435, 3, 3, 1, 9, 16, 0, 1, 2, 0, '2019-01-08 05:59:01'),
(436, 3, 3, 1, 10, 19, 0, 1, 2, 0, '2019-01-08 05:59:01'),
(437, 3, 3, 1, 11, 15, 0, 1, 2, 0, '2019-01-08 05:59:01'),
(438, 3, 3, 1, 12, 14, 0, 1, 2, 0, '2019-01-08 05:59:01'),
(439, 3, 3, 1, 14, 17, 0, 1, 2, 0, '2019-01-08 05:59:01'),
(440, 3, 3, 1, 15, 15, 0, 1, 2, 0, '2019-01-08 05:59:01'),
(441, 3, 3, 1, 16, 16, 0, 1, 2, 0, '2019-01-08 05:59:01'),
(442, 3, 3, 1, 17, 28, 0, 1, 2, 0, '2019-01-08 05:59:01'),
(443, 3, 3, 1, 18, 29, 0, 1, 2, 0, '2019-01-08 05:59:01'),
(444, 3, 3, 1, 19, 24, 0, 1, 2, 0, '2019-01-08 05:59:01'),
(445, 3, 3, 1, 20, 25, 0, 1, 2, 0, '2019-01-08 05:59:01'),
(446, 3, 3, 1, 21, 26, 0, 1, 2, 0, '2019-01-08 05:59:01'),
(447, 3, 3, 1, 22, 27, 0, 1, 2, 0, '2019-01-08 05:59:01'),
(448, 3, 3, 1, 23, 21, 0, 1, 2, 0, '2019-01-08 05:59:01'),
(449, 3, 3, 1, 24, 23, 0, 1, 2, 0, '2019-01-08 05:59:01'),
(450, 3, 3, 1, 25, 22, 0, 1, 2, 0, '2019-01-08 05:59:01'),
(451, 3, 3, 1, 26, 23, 0, 1, 2, 0, '2019-01-08 05:59:01'),
(452, 3, 3, 1, 27, 21, 0, 1, 2, 0, '2019-01-08 05:59:01'),
(453, 3, 3, 1, 28, 25, 0, 1, 2, 0, '2019-01-08 05:59:01'),
(454, 3, 3, 1, 29, 28, 0, 1, 2, 0, '2019-01-08 05:59:01'),
(455, 3, 3, 1, 30, 26, 0, 1, 2, 0, '2019-01-08 05:59:01'),
(456, 3, 3, 1, 31, 27, 0, 1, 2, 0, '2019-01-08 05:59:01'),
(457, 3, 3, 1, 32, 29, 0, 1, 2, 0, '2019-01-08 05:59:01'),
(458, 3, 3, 1, 33, 24, 0, 1, 2, 0, '2019-01-08 05:59:01'),
(459, 3, 3, 1, 34, 26, 0, 1, 2, 0, '2019-01-08 05:59:01'),
(460, 3, 3, 1, 35, 26, 0, 1, 2, 0, '2019-01-08 05:59:01'),
(461, 3, 3, 1, 36, 28, 0, 1, 2, 0, '2019-01-08 05:59:01'),
(462, 3, 3, 1, 38, 24, 0, 1, 2, 0, '2019-01-08 05:59:01'),
(463, 3, 3, 1, 39, 25, 0, 1, 2, 0, '2019-01-08 05:59:01'),
(464, 3, 3, 1, 40, 24, 0, 1, 2, 0, '2019-01-08 05:59:01'),
(465, 3, 3, 1, 13, 27, 0, 1, 2, 0, '2019-01-08 05:59:01'),
(466, 4, 4, 1, 1, 24, 0, 1, 2, 0, '2019-01-08 05:59:01'),
(467, 4, 4, 1, 2, 21, 0, 1, 2, 0, '2019-01-08 05:59:01'),
(468, 4, 4, 1, 3, 25, 0, 1, 2, 0, '2019-01-08 05:59:01'),
(469, 4, 4, 1, 4, 29, 0, 1, 2, 0, '2019-01-08 05:59:01'),
(470, 4, 4, 1, 5, 26, 0, 1, 2, 0, '2019-01-08 05:59:01'),
(471, 4, 4, 1, 6, 28, 0, 1, 2, 0, '2019-01-08 05:59:01'),
(472, 4, 4, 1, 7, 23, 0, 1, 2, 0, '2019-01-08 05:59:01'),
(473, 4, 4, 1, 8, 21, 0, 1, 2, 0, '2019-01-08 05:59:01'),
(474, 4, 4, 1, 9, 22, 0, 1, 2, 0, '2019-01-08 05:59:01'),
(475, 4, 4, 1, 10, 19, 0, 1, 2, 0, '2019-01-08 05:59:01'),
(476, 4, 4, 1, 11, 18, 0, 1, 2, 0, '2019-01-08 05:59:01'),
(477, 4, 4, 1, 12, 16, 0, 1, 2, 0, '2019-01-08 05:59:01'),
(478, 4, 4, 1, 14, 15, 0, 1, 2, 0, '2019-01-08 05:59:01'),
(479, 4, 4, 1, 15, 17, 0, 1, 2, 0, '2019-01-08 05:59:01'),
(480, 4, 4, 1, 16, 18, 0, 1, 2, 0, '2019-01-08 05:59:01'),
(481, 4, 4, 1, 17, 19, 0, 1, 2, 0, '2019-01-08 05:59:01'),
(482, 4, 4, 1, 18, 15, 0, 1, 2, 0, '2019-01-08 05:59:01'),
(483, 4, 4, 1, 19, 19, 0, 1, 2, 0, '2019-01-08 05:59:01'),
(484, 4, 4, 1, 20, 23, 0, 1, 2, 0, '2019-01-08 05:59:01'),
(485, 4, 4, 1, 21, 26, 0, 1, 2, 0, '2019-01-08 05:59:01'),
(486, 4, 4, 1, 22, 26, 0, 1, 2, 0, '2019-01-08 05:59:01'),
(487, 4, 4, 1, 23, 28, 0, 1, 2, 0, '2019-01-08 05:59:01'),
(488, 4, 4, 1, 24, 29, 0, 1, 2, 0, '2019-01-08 05:59:01'),
(489, 4, 4, 1, 25, 27, 0, 1, 2, 0, '2019-01-08 05:59:01'),
(490, 4, 4, 1, 26, 24, 0, 1, 2, 0, '2019-01-08 05:59:01'),
(491, 4, 4, 1, 27, 26, 0, 1, 2, 0, '2019-01-08 05:59:01'),
(492, 4, 4, 1, 28, 25, 0, 1, 2, 0, '2019-01-08 05:59:01'),
(493, 4, 4, 1, 29, 28, 0, 1, 2, 0, '2019-01-08 05:59:01'),
(494, 4, 4, 1, 30, 29, 0, 1, 2, 0, '2019-01-08 05:59:01'),
(495, 4, 4, 1, 31, 24, 0, 1, 2, 0, '2019-01-08 05:59:01'),
(496, 4, 4, 1, 32, 25, 0, 1, 2, 0, '2019-01-08 05:59:01'),
(497, 4, 4, 1, 33, 26, 0, 1, 2, 0, '2019-01-08 05:59:01'),
(498, 4, 4, 1, 34, 28, 0, 1, 2, 0, '2019-01-08 05:59:01'),
(499, 4, 4, 1, 35, 29, 0, 1, 2, 0, '2019-01-08 05:59:01'),
(500, 4, 4, 1, 36, 27, 0, 1, 2, 0, '2019-01-08 05:59:01'),
(501, 4, 4, 1, 38, 28, 0, 1, 2, 0, '2019-01-08 05:59:01'),
(502, 4, 4, 1, 39, 29, 0, 1, 2, 0, '2019-01-08 05:59:01'),
(503, 4, 4, 1, 40, 25, 0, 1, 2, 0, '2019-01-08 05:59:01'),
(504, 4, 4, 1, 13, 24, 0, 1, 2, 0, '2019-01-08 05:59:01'),
(505, 9, 9, 1, 47, 25, 0, 1, 1, 0, '2019-01-08 05:59:01'),
(506, 9, 9, 1, 55, 23, 0, 1, 1, 0, '2019-01-08 05:59:01'),
(507, 9, 9, 1, 42, 24, 0, 1, 1, 0, '2019-01-08 05:59:01'),
(508, 9, 9, 1, 43, 28, 0, 1, 1, 0, '2019-01-08 05:59:01'),
(509, 9, 9, 1, 44, 29, 0, 1, 1, 0, '2019-01-08 05:59:01'),
(510, 9, 9, 1, 45, 30, 0, 1, 1, 0, '2019-01-08 05:59:01'),
(511, 9, 9, 1, 46, 24, 0, 1, 1, 0, '2019-01-08 05:59:01'),
(512, 9, 9, 1, 48, 25, 0, 1, 1, 0, '2019-01-08 05:59:01'),
(513, 9, 9, 1, 49, 26, 0, 1, 1, 0, '2019-01-08 05:59:01'),
(514, 9, 9, 1, 50, 27, 0, 1, 1, 0, '2019-01-08 05:59:01'),
(515, 9, 9, 1, 51, 28, 0, 1, 1, 0, '2019-01-08 05:59:01'),
(516, 9, 9, 1, 52, 29, 0, 1, 1, 0, '2019-01-08 05:59:01'),
(517, 9, 9, 1, 53, 15, 0, 1, 1, 0, '2019-01-08 05:59:01'),
(518, 9, 9, 1, 54, 17, 0, 1, 1, 0, '2019-01-08 05:59:01'),
(519, 9, 9, 1, 56, 18, 0, 1, 1, 0, '2019-01-08 05:59:01'),
(520, 9, 9, 1, 57, 19, 0, 1, 1, 0, '2019-01-08 05:59:01'),
(521, 9, 9, 1, 59, 20, 0, 1, 1, 0, '2019-01-08 05:59:01'),
(522, 9, 9, 1, 60, 19, 0, 1, 1, 0, '2019-01-08 05:59:01'),
(523, 9, 9, 1, 61, 18, 0, 1, 1, 0, '2019-01-08 05:59:01'),
(524, 9, 9, 1, 62, 17, 0, 1, 1, 0, '2019-01-08 05:59:01'),
(525, 9, 9, 1, 63, 15, 0, 1, 1, 0, '2019-01-08 05:59:01'),
(526, 9, 9, 1, 64, 16, 0, 1, 1, 0, '2019-01-08 05:59:01'),
(527, 9, 9, 1, 65, 18, 0, 1, 1, 0, '2019-01-08 05:59:01'),
(528, 9, 9, 1, 47, 25, 0, 1, 2, 0, '2019-01-08 05:59:01'),
(529, 9, 9, 1, 55, 28, 0, 1, 2, 0, '2019-01-08 05:59:01'),
(530, 9, 9, 1, 42, 29, 0, 1, 2, 0, '2019-01-08 05:59:01'),
(531, 9, 9, 1, 43, 26, 0, 1, 2, 0, '2019-01-08 05:59:01'),
(532, 9, 9, 1, 44, 24, 0, 1, 2, 0, '2019-01-08 05:59:01'),
(533, 9, 9, 1, 45, 25, 0, 1, 2, 0, '2019-01-08 05:59:01'),
(534, 9, 9, 1, 46, 21, 0, 1, 2, 0, '2019-01-08 05:59:01'),
(535, 9, 9, 1, 48, 21, 0, 1, 2, 0, '2019-01-08 05:59:01'),
(536, 9, 9, 1, 49, 22, 0, 1, 2, 0, '2019-01-08 05:59:01'),
(537, 9, 9, 1, 50, 23, 0, 1, 2, 0, '2019-01-08 05:59:01'),
(538, 9, 9, 1, 51, 25, 0, 1, 2, 0, '2019-01-08 05:59:01'),
(539, 9, 9, 1, 52, 27, 0, 1, 2, 0, '2019-01-08 05:59:01'),
(540, 9, 9, 1, 53, 28, 0, 1, 2, 0, '2019-01-08 05:59:01'),
(541, 9, 9, 1, 54, 29, 0, 1, 2, 0, '2019-01-08 05:59:01'),
(542, 9, 9, 1, 56, 19, 0, 1, 2, 0, '2019-01-08 05:59:01'),
(543, 9, 9, 1, 57, 17, 0, 1, 2, 0, '2019-01-08 05:59:01'),
(544, 9, 9, 1, 59, 18, 0, 1, 2, 0, '2019-01-08 05:59:01'),
(545, 9, 9, 1, 60, 16, 0, 1, 2, 0, '2019-01-08 05:59:01'),
(546, 9, 9, 1, 61, 14, 0, 1, 2, 0, '2019-01-08 05:59:01'),
(547, 9, 9, 1, 62, 15, 0, 1, 2, 0, '2019-01-08 05:59:01'),
(548, 9, 9, 1, 63, 18, 0, 1, 2, 0, '2019-01-08 05:59:01'),
(549, 9, 9, 1, 64, 12, 0, 1, 2, 0, '2019-01-08 05:59:01'),
(550, 9, 9, 1, 65, 19, 0, 1, 2, 0, '2019-01-08 05:59:01'),
(551, 10, 10, 1, 47, 0, 0, 1, 1, 1, '2019-01-08 05:59:01'),
(552, 10, 10, 1, 55, 25, 0, 1, 1, 0, '2019-01-08 05:59:01'),
(553, 10, 10, 1, 42, 26, 0, 1, 1, 0, '2019-01-08 05:59:01'),
(554, 10, 10, 1, 43, 28, 0, 1, 1, 0, '2019-01-08 05:59:01'),
(555, 10, 10, 1, 44, 27, 0, 1, 1, 0, '2019-01-08 05:59:01'),
(556, 10, 10, 1, 45, 24, 0, 1, 1, 0, '2019-01-08 05:59:01'),
(557, 10, 10, 1, 46, 21, 0, 1, 1, 0, '2019-01-08 05:59:01'),
(558, 10, 10, 1, 48, 22, 0, 1, 1, 0, '2019-01-08 05:59:01'),
(559, 10, 10, 1, 49, 23, 0, 1, 1, 0, '2019-01-08 05:59:01'),
(560, 10, 10, 1, 50, 26, 0, 1, 1, 0, '2019-01-08 05:59:01'),
(561, 10, 10, 1, 51, 24, 0, 1, 1, 0, '2019-01-08 05:59:01'),
(562, 10, 10, 1, 52, 28, 0, 1, 1, 0, '2019-01-08 05:59:01'),
(563, 10, 10, 1, 53, 19, 0, 1, 1, 0, '2019-01-08 05:59:01'),
(564, 10, 10, 1, 54, 18, 0, 1, 1, 0, '2019-01-08 05:59:01'),
(565, 10, 10, 1, 56, 17, 0, 1, 1, 0, '2019-01-08 05:59:01'),
(566, 10, 10, 1, 57, 16, 0, 1, 1, 0, '2019-01-08 05:59:01'),
(567, 10, 10, 1, 59, 19, 0, 1, 1, 0, '2019-01-08 05:59:01'),
(568, 10, 10, 1, 60, 18, 0, 1, 1, 0, '2019-01-08 05:59:01'),
(569, 10, 10, 1, 61, 17, 0, 1, 1, 0, '2019-01-08 05:59:01'),
(570, 10, 10, 1, 62, 15, 0, 1, 1, 0, '2019-01-08 05:59:01'),
(571, 10, 10, 1, 63, 17, 0, 1, 1, 0, '2019-01-08 05:59:01'),
(572, 10, 10, 1, 64, 18, 0, 1, 1, 0, '2019-01-08 05:59:01'),
(573, 10, 10, 1, 65, 19, 0, 1, 1, 0, '2019-01-08 05:59:01'),
(574, 10, 10, 1, 47, 25, 0, 1, 2, 0, '2019-01-08 05:59:01'),
(575, 10, 10, 1, 55, 26, 0, 1, 2, 0, '2019-01-08 05:59:01'),
(576, 10, 10, 1, 42, 25, 0, 1, 2, 0, '2019-01-08 05:59:01'),
(577, 10, 10, 1, 43, 28, 0, 1, 2, 0, '2019-01-08 05:59:01'),
(578, 10, 10, 1, 44, 29, 0, 1, 2, 0, '2019-01-08 05:59:01'),
(579, 10, 10, 1, 45, 27, 0, 1, 2, 0, '2019-01-08 05:59:01'),
(580, 10, 10, 1, 46, 24, 0, 1, 2, 0, '2019-01-08 05:59:01'),
(581, 10, 10, 1, 48, 25, 0, 1, 2, 0, '2019-01-08 05:59:01'),
(582, 10, 10, 1, 49, 26, 0, 1, 2, 0, '2019-01-08 05:59:01'),
(583, 10, 10, 1, 50, 23, 0, 1, 2, 0, '2019-01-08 05:59:01'),
(584, 10, 10, 1, 51, 28, 0, 1, 2, 0, '2019-01-08 05:59:01'),
(585, 10, 10, 1, 52, 29, 0, 1, 2, 0, '2019-01-08 05:59:01'),
(586, 10, 10, 1, 53, 24, 0, 1, 2, 0, '2019-01-08 05:59:01'),
(587, 10, 10, 1, 54, 15, 0, 1, 2, 0, '2019-01-08 05:59:01'),
(588, 10, 10, 1, 56, 19, 0, 1, 2, 0, '2019-01-08 05:59:01'),
(589, 10, 10, 1, 57, 16, 0, 1, 2, 0, '2019-01-08 05:59:01'),
(590, 10, 10, 1, 59, 18, 0, 1, 2, 0, '2019-01-08 05:59:01'),
(591, 10, 10, 1, 60, 19, 0, 1, 2, 0, '2019-01-08 05:59:01'),
(592, 10, 10, 1, 61, 18, 0, 1, 2, 0, '2019-01-08 05:59:01'),
(593, 10, 10, 1, 62, 17, 0, 1, 2, 0, '2019-01-08 05:59:01'),
(594, 10, 10, 1, 63, 15, 0, 1, 2, 0, '2019-01-08 05:59:01'),
(595, 10, 10, 1, 64, 19, 0, 1, 2, 0, '2019-01-08 05:59:01'),
(596, 10, 10, 1, 65, 20, 0, 1, 2, 0, '2019-01-08 05:59:01'),
(597, 11, 11, 1, 47, 25, 0, 1, 1, 0, '2019-01-08 05:59:01'),
(598, 11, 11, 1, 55, 29, 0, 1, 1, 0, '2019-01-08 05:59:01'),
(599, 11, 11, 1, 42, 26, 0, 1, 1, 0, '2019-01-08 05:59:01'),
(600, 11, 11, 1, 43, 15, 0, 1, 1, 0, '2019-01-08 05:59:01'),
(601, 11, 11, 1, 44, 19, 0, 1, 1, 0, '2019-01-08 05:59:01'),
(602, 11, 11, 1, 45, 18, 0, 1, 1, 0, '2019-01-08 05:59:01'),
(603, 11, 11, 1, 46, 16, 0, 1, 1, 0, '2019-01-08 05:59:01'),
(604, 11, 11, 1, 48, 18, 0, 1, 1, 0, '2019-01-08 05:59:01'),
(605, 11, 11, 1, 49, 19, 0, 1, 1, 0, '2019-01-08 05:59:01'),
(606, 11, 11, 1, 50, 20, 0, 1, 1, 0, '2019-01-08 05:59:01'),
(607, 11, 11, 1, 51, 21, 0, 1, 1, 0, '2019-01-08 05:59:01'),
(608, 11, 11, 1, 52, 22, 0, 1, 1, 0, '2019-01-08 05:59:01'),
(609, 11, 11, 1, 53, 23, 0, 1, 1, 0, '2019-01-08 05:59:01'),
(610, 11, 11, 1, 54, 25, 0, 1, 1, 0, '2019-01-08 05:59:01'),
(611, 11, 11, 1, 56, 29, 0, 1, 1, 0, '2019-01-08 05:59:01'),
(612, 11, 11, 1, 57, 26, 0, 1, 1, 0, '2019-01-08 05:59:01'),
(613, 11, 11, 1, 59, 27, 0, 1, 1, 0, '2019-01-08 05:59:01'),
(614, 11, 11, 1, 60, 14, 0, 1, 1, 0, '2019-01-08 05:59:01'),
(615, 11, 11, 1, 61, 19, 0, 1, 1, 0, '2019-01-08 05:59:01'),
(616, 11, 11, 1, 62, 18, 0, 1, 1, 0, '2019-01-08 05:59:01'),
(617, 11, 11, 1, 63, 17, 0, 1, 1, 0, '2019-01-08 05:59:01'),
(618, 11, 11, 1, 64, 16, 0, 1, 1, 0, '2019-01-08 05:59:01'),
(619, 11, 11, 1, 65, 15, 0, 1, 1, 0, '2019-01-08 05:59:01'),
(620, 11, 11, 1, 47, 25, 0, 1, 2, 0, '2019-01-08 05:59:01'),
(621, 11, 11, 1, 55, 26, 0, 1, 2, 0, '2019-01-08 05:59:01'),
(622, 11, 11, 1, 42, 28, 0, 1, 2, 0, '2019-01-08 05:59:01'),
(623, 11, 11, 1, 43, 29, 0, 1, 2, 0, '2019-01-08 05:59:01'),
(624, 11, 11, 1, 44, 27, 0, 1, 2, 0, '2019-01-08 05:59:01'),
(625, 11, 11, 1, 45, 28, 0, 1, 2, 0, '2019-01-08 05:59:01'),
(626, 11, 11, 1, 46, 26, 0, 1, 2, 0, '2019-01-08 05:59:01'),
(627, 11, 11, 1, 48, 24, 0, 1, 2, 0, '2019-01-08 05:59:01'),
(628, 11, 11, 1, 49, 23, 0, 1, 2, 0, '2019-01-08 05:59:01'),
(629, 11, 11, 1, 50, 25, 0, 1, 2, 0, '2019-01-08 05:59:01'),
(630, 11, 11, 1, 51, 28, 0, 1, 2, 0, '2019-01-08 05:59:01'),
(631, 11, 11, 1, 52, 29, 0, 1, 2, 0, '2019-01-08 05:59:01'),
(632, 11, 11, 1, 53, 15, 0, 1, 2, 0, '2019-01-08 05:59:01'),
(633, 11, 11, 1, 54, 19, 0, 1, 2, 0, '2019-01-08 05:59:01'),
(634, 11, 11, 1, 56, 17, 0, 1, 2, 0, '2019-01-08 05:59:01'),
(635, 11, 11, 1, 57, 18, 0, 1, 2, 0, '2019-01-08 05:59:01'),
(636, 11, 11, 1, 59, 16, 0, 1, 2, 0, '2019-01-08 05:59:01'),
(637, 11, 11, 1, 60, 18, 0, 1, 2, 0, '2019-01-08 05:59:01'),
(638, 11, 11, 1, 61, 19, 0, 1, 2, 0, '2019-01-08 05:59:01'),
(639, 11, 11, 1, 62, 17, 0, 1, 2, 0, '2019-01-08 05:59:01'),
(640, 11, 11, 1, 63, 15, 0, 1, 2, 0, '2019-01-08 05:59:01'),
(641, 11, 11, 1, 64, 18, 0, 1, 2, 0, '2019-01-08 05:59:01'),
(642, 11, 11, 1, 65, 19, 0, 1, 2, 0, '2019-01-08 05:59:01'),
(643, 12, 12, 1, 47, 25, 0, 1, 1, 0, '2019-01-08 05:59:01'),
(644, 12, 12, 1, 55, 29, 0, 1, 1, 0, '2019-01-08 05:59:01'),
(645, 12, 12, 1, 42, 27, 0, 1, 1, 0, '2019-01-08 05:59:01'),
(646, 12, 12, 1, 43, 28, 0, 1, 1, 0, '2019-01-08 05:59:01'),
(647, 12, 12, 1, 44, 26, 0, 1, 1, 0, '2019-01-08 05:59:01'),
(648, 12, 12, 1, 45, 24, 0, 1, 1, 0, '2019-01-08 05:59:01'),
(649, 12, 12, 1, 46, 26, 0, 1, 1, 0, '2019-01-08 05:59:01'),
(650, 12, 12, 1, 48, 28, 0, 1, 1, 0, '2019-01-08 05:59:01'),
(651, 12, 12, 1, 49, 29, 0, 1, 1, 0, '2019-01-08 05:59:01'),
(652, 12, 12, 1, 50, 28, 0, 1, 1, 0, '2019-01-08 05:59:01'),
(653, 12, 12, 1, 51, 26, 0, 1, 1, 0, '2019-01-08 05:59:01'),
(654, 12, 12, 1, 52, 29, 0, 1, 1, 0, '2019-01-08 05:59:01'),
(655, 12, 12, 1, 53, 28, 0, 1, 1, 0, '2019-01-08 05:59:01'),
(656, 12, 12, 1, 54, 29, 0, 1, 1, 0, '2019-01-08 05:59:01'),
(657, 12, 12, 1, 56, 27, 0, 1, 1, 0, '2019-01-08 05:59:01'),
(658, 12, 12, 1, 57, 29, 0, 1, 1, 0, '2019-01-08 05:59:01'),
(659, 12, 12, 1, 59, 25, 0, 1, 1, 0, '2019-01-08 05:59:01'),
(660, 12, 12, 1, 60, 26, 0, 1, 1, 0, '2019-01-08 05:59:01'),
(661, 12, 12, 1, 61, 27, 0, 1, 1, 0, '2019-01-08 05:59:01'),
(662, 12, 12, 1, 62, 28, 0, 1, 1, 0, '2019-01-08 05:59:01'),
(663, 12, 12, 1, 63, 29, 0, 1, 1, 0, '2019-01-08 05:59:01'),
(664, 12, 12, 1, 64, 26, 0, 1, 1, 0, '2019-01-08 05:59:01'),
(665, 12, 12, 1, 65, 26, 0, 1, 1, 0, '2019-01-08 05:59:01'),
(666, 12, 12, 1, 47, 18, 0, 1, 2, 0, '2019-01-08 05:59:01'),
(667, 12, 12, 1, 55, 17, 0, 1, 2, 0, '2019-01-08 05:59:01'),
(668, 12, 12, 1, 42, 19, 0, 1, 2, 0, '2019-01-08 05:59:01'),
(669, 12, 12, 1, 43, 18, 0, 1, 2, 0, '2019-01-08 05:59:01'),
(670, 12, 12, 1, 44, 25, 0, 1, 2, 0, '2019-01-08 05:59:01'),
(671, 12, 12, 1, 45, 26, 0, 1, 2, 0, '2019-01-08 05:59:01'),
(672, 12, 12, 1, 46, 24, 0, 1, 2, 0, '2019-01-08 05:59:01'),
(673, 12, 12, 1, 48, 27, 0, 1, 2, 0, '2019-01-08 05:59:01'),
(674, 12, 12, 1, 49, 28, 0, 1, 2, 0, '2019-01-08 05:59:01'),
(675, 12, 12, 1, 50, 29, 0, 1, 2, 0, '2019-01-08 05:59:01'),
(676, 12, 12, 1, 51, 25, 0, 1, 2, 0, '2019-01-08 05:59:01'),
(677, 12, 12, 1, 52, 26, 0, 1, 2, 0, '2019-01-08 05:59:01'),
(678, 12, 12, 1, 53, 28, 0, 1, 2, 0, '2019-01-08 05:59:01'),
(679, 12, 12, 1, 54, 24, 0, 1, 2, 0, '2019-01-08 05:59:01'),
(680, 12, 12, 1, 56, 21, 0, 1, 2, 0, '2019-01-08 05:59:01'),
(681, 12, 12, 1, 57, 22, 0, 1, 2, 0, '2019-01-08 05:59:01'),
(682, 12, 12, 1, 59, 23, 0, 1, 2, 0, '2019-01-08 05:59:01'),
(683, 12, 12, 1, 60, 28, 0, 1, 2, 0, '2019-01-08 05:59:01'),
(684, 12, 12, 1, 61, 20, 0, 1, 2, 0, '2019-01-08 05:59:01'),
(685, 12, 12, 1, 62, 25, 0, 1, 2, 0, '2019-01-08 05:59:01'),
(686, 12, 12, 1, 63, 27, 0, 1, 2, 0, '2019-01-08 05:59:01'),
(687, 12, 12, 1, 64, 19, 0, 1, 2, 0, '2019-01-08 05:59:01'),
(688, 12, 12, 1, 65, 18, 0, 1, 2, 0, '2019-01-08 05:59:01'),
(689, 9, 9, 1, 1, 25, 0, 1, 1, 0, '2019-01-08 05:59:01'),
(690, 9, 9, 1, 2, 29, 0, 1, 1, 0, '2019-01-08 05:59:01'),
(691, 9, 9, 1, 3, 27, 0, 1, 1, 0, '2019-01-08 05:59:01'),
(692, 9, 9, 1, 4, 28, 0, 1, 1, 0, '2019-01-08 05:59:01'),
(693, 9, 9, 1, 5, 26, 0, 1, 1, 0, '2019-01-08 05:59:01'),
(694, 9, 9, 1, 6, 12, 0, 1, 1, 0, '2019-01-08 05:59:01'),
(695, 9, 9, 1, 7, 16, 0, 1, 1, 0, '2019-01-08 05:59:01'),
(696, 9, 9, 1, 8, 18, 0, 1, 1, 0, '2019-01-08 05:59:01'),
(697, 9, 9, 1, 9, 19, 0, 1, 1, 0, '2019-01-08 05:59:01'),
(698, 9, 9, 1, 10, 17, 0, 1, 1, 0, '2019-01-08 05:59:01'),
(699, 9, 9, 1, 11, 16, 0, 1, 1, 0, '2019-01-08 05:59:01'),
(700, 9, 9, 1, 12, 19, 0, 1, 1, 0, '2019-01-08 05:59:01'),
(701, 9, 9, 1, 14, 20, 0, 1, 1, 0, '2019-01-08 05:59:01'),
(702, 9, 9, 1, 15, 24, 0, 1, 1, 0, '2019-01-08 05:59:01'),
(703, 9, 9, 1, 16, 25, 0, 1, 1, 0, '2019-01-08 05:59:01'),
(704, 9, 9, 1, 17, 28, 0, 1, 1, 0, '2019-01-08 05:59:01'),
(705, 9, 9, 1, 18, 29, 0, 1, 1, 0, '2019-01-08 05:59:01'),
(706, 9, 9, 1, 19, 27, 0, 1, 1, 0, '2019-01-08 05:59:01'),
(707, 9, 9, 1, 20, 26, 0, 1, 1, 0, '2019-01-08 05:59:01'),
(708, 9, 9, 1, 21, 28, 0, 1, 1, 0, '2019-01-08 05:59:01'),
(709, 9, 9, 1, 22, 26, 0, 1, 1, 0, '2019-01-08 05:59:01'),
(710, 9, 9, 1, 23, 27, 0, 1, 1, 0, '2019-01-08 05:59:01'),
(711, 9, 9, 1, 24, 28, 0, 1, 1, 0, '2019-01-08 05:59:01'),
(712, 9, 9, 1, 25, 29, 0, 1, 1, 0, '2019-01-08 05:59:01'),
(713, 9, 9, 1, 26, 27, 0, 1, 1, 0, '2019-01-08 05:59:01'),
(714, 9, 9, 1, 27, 28, 0, 1, 1, 0, '2019-01-08 05:59:01'),
(715, 9, 9, 1, 28, 29, 0, 1, 1, 0, '2019-01-08 05:59:01'),
(716, 9, 9, 1, 29, 25, 0, 1, 1, 0, '2019-01-08 05:59:01'),
(717, 9, 9, 1, 30, 29, 0, 1, 1, 0, '2019-01-08 05:59:01'),
(718, 9, 9, 1, 31, 26, 0, 1, 1, 0, '2019-01-08 05:59:01'),
(719, 9, 9, 1, 32, 23, 0, 1, 1, 0, '2019-01-08 05:59:01'),
(720, 9, 9, 1, 33, 22, 0, 1, 1, 0, '2019-01-08 05:59:01'),
(721, 9, 9, 1, 34, 21, 0, 1, 1, 0, '2019-01-08 05:59:01'),
(722, 9, 9, 1, 35, 22, 0, 1, 1, 0, '2019-01-08 05:59:01'),
(723, 9, 9, 1, 36, 25, 0, 1, 1, 0, '2019-01-08 05:59:01'),
(724, 9, 9, 1, 38, 28, 0, 1, 1, 0, '2019-01-08 05:59:01'),
(725, 9, 9, 1, 39, 29, 0, 1, 1, 0, '2019-01-08 05:59:01'),
(726, 9, 9, 1, 40, 15, 0, 1, 1, 0, '2019-01-08 05:59:01'),
(727, 9, 9, 1, 13, 16, 0, 1, 1, 0, '2019-01-08 05:59:01'),
(728, 9, 9, 1, 1, 25, 0, 1, 2, 0, '2019-01-08 05:59:01'),
(729, 9, 9, 1, 2, 26, 0, 1, 2, 0, '2019-01-08 05:59:01'),
(730, 9, 9, 1, 3, 27, 0, 1, 2, 0, '2019-01-08 05:59:01'),
(731, 9, 9, 1, 4, 28, 0, 1, 2, 0, '2019-01-08 05:59:01'),
(732, 9, 9, 1, 5, 29, 0, 1, 2, 0, '2019-01-08 05:59:01'),
(733, 9, 9, 1, 6, 24, 0, 1, 2, 0, '2019-01-08 05:59:01'),
(734, 9, 9, 1, 7, 25, 0, 1, 2, 0, '2019-01-08 05:59:01'),
(735, 9, 9, 1, 8, 28, 0, 1, 2, 0, '2019-01-08 05:59:01'),
(736, 9, 9, 1, 9, 29, 0, 1, 2, 0, '2019-01-08 05:59:01'),
(737, 9, 9, 1, 10, 24, 0, 1, 2, 0, '2019-01-08 05:59:01'),
(738, 9, 9, 1, 11, 26, 0, 1, 2, 0, '2019-01-08 05:59:01'),
(739, 9, 9, 1, 12, 27, 0, 1, 2, 0, '2019-01-08 05:59:01'),
(740, 9, 9, 1, 14, 28, 0, 1, 2, 0, '2019-01-08 05:59:01'),
(741, 9, 9, 1, 15, 29, 0, 1, 2, 0, '2019-01-08 05:59:01'),
(742, 9, 9, 1, 16, 24, 0, 1, 2, 0, '2019-01-08 05:59:01'),
(743, 9, 9, 1, 17, 25, 0, 1, 2, 0, '2019-01-08 05:59:01'),
(744, 9, 9, 1, 18, 26, 0, 1, 2, 0, '2019-01-08 05:59:01'),
(745, 9, 9, 1, 19, 28, 0, 1, 2, 0, '2019-01-08 05:59:01'),
(746, 9, 9, 1, 20, 29, 0, 1, 2, 0, '2019-01-08 05:59:01'),
(747, 9, 9, 1, 21, 24, 0, 1, 2, 0, '2019-01-08 05:59:01'),
(748, 9, 9, 1, 22, 15, 0, 1, 2, 0, '2019-01-08 05:59:01'),
(749, 9, 9, 1, 23, 19, 0, 1, 2, 0, '2019-01-08 05:59:01'),
(750, 9, 9, 1, 24, 18, 0, 1, 2, 0, '2019-01-08 05:59:01'),
(751, 9, 9, 1, 25, 16, 0, 1, 2, 0, '2019-01-08 05:59:01'),
(752, 9, 9, 1, 26, 17, 0, 1, 2, 0, '2019-01-08 05:59:01'),
(753, 9, 9, 1, 27, 13, 0, 1, 2, 0, '2019-01-08 05:59:01'),
(754, 9, 9, 1, 28, 18, 0, 1, 2, 0, '2019-01-08 05:59:01'),
(755, 9, 9, 1, 29, 19, 0, 1, 2, 0, '2019-01-08 05:59:01'),
(756, 9, 9, 1, 30, 17, 0, 1, 2, 0, '2019-01-08 05:59:01'),
(757, 9, 9, 1, 31, 19, 0, 1, 2, 0, '2019-01-08 05:59:01'),
(758, 9, 9, 1, 32, 17, 0, 1, 2, 0, '2019-01-08 05:59:01'),
(759, 9, 9, 1, 33, 19, 0, 1, 2, 0, '2019-01-08 05:59:01'),
(760, 9, 9, 1, 34, 18, 0, 1, 2, 0, '2019-01-08 05:59:01'),
(761, 9, 9, 1, 35, 20, 0, 1, 2, 0, '2019-01-08 05:59:01'),
(762, 9, 9, 1, 36, 25, 0, 1, 2, 0, '2019-01-08 05:59:01'),
(763, 9, 9, 1, 38, 29, 0, 1, 2, 0, '2019-01-08 05:59:01'),
(764, 9, 9, 1, 39, 28, 0, 1, 2, 0, '2019-01-08 05:59:01'),
(765, 9, 9, 1, 40, 27, 0, 1, 2, 0, '2019-01-08 05:59:01'),
(766, 9, 9, 1, 13, 29, 0, 1, 2, 0, '2019-01-08 05:59:01'),
(767, 10, 10, 1, 1, 25, 0, 1, 1, 0, '2019-01-08 05:59:01'),
(768, 10, 10, 1, 2, 29, 0, 1, 1, 0, '2019-01-08 05:59:01'),
(769, 10, 10, 1, 3, 27, 0, 1, 1, 0, '2019-01-08 05:59:01'),
(770, 10, 10, 1, 4, 25, 0, 1, 1, 0, '2019-01-08 05:59:01'),
(771, 10, 10, 1, 5, 28, 0, 1, 1, 0, '2019-01-08 05:59:01'),
(772, 10, 10, 1, 6, 29, 0, 1, 1, 0, '2019-01-08 05:59:01'),
(773, 10, 10, 1, 7, 27, 0, 1, 1, 0, '2019-01-08 05:59:01'),
(774, 10, 10, 1, 8, 28, 0, 1, 1, 0, '2019-01-08 05:59:01'),
(775, 10, 10, 1, 9, 29, 0, 1, 1, 0, '2019-01-08 05:59:01'),
(776, 10, 10, 1, 10, 25, 0, 1, 1, 0, '2019-01-08 05:59:01'),
(777, 10, 10, 1, 11, 2, 0, 1, 1, 0, '2019-01-08 05:59:01'),
(778, 10, 10, 1, 12, 28, 0, 1, 1, 0, '2019-01-08 05:59:01'),
(779, 10, 10, 1, 14, 28, 0, 1, 1, 0, '2019-01-08 05:59:01'),
(780, 10, 10, 1, 15, 29, 0, 1, 1, 0, '2019-01-08 05:59:01'),
(781, 10, 10, 1, 16, 16, 0, 1, 1, 0, '2019-01-08 05:59:01'),
(782, 10, 10, 1, 17, 18, 0, 1, 1, 0, '2019-01-08 05:59:01'),
(783, 10, 10, 1, 18, 19, 0, 1, 1, 0, '2019-01-08 05:59:01'),
(784, 10, 10, 1, 19, 18, 0, 1, 1, 0, '2019-01-08 05:59:01'),
(785, 10, 10, 1, 20, 19, 0, 1, 1, 0, '2019-01-08 05:59:01'),
(786, 10, 10, 1, 21, 17, 0, 1, 1, 0, '2019-01-08 05:59:01'),
(787, 10, 10, 1, 22, 18, 0, 1, 1, 0, '2019-01-08 05:59:01'),
(788, 10, 10, 1, 23, 19, 0, 1, 1, 0, '2019-01-08 05:59:01'),
(789, 10, 10, 1, 24, 20, 0, 1, 1, 0, '2019-01-08 05:59:01'),
(790, 10, 10, 1, 25, 22, 0, 1, 1, 0, '2019-01-08 05:59:01'),
(791, 10, 10, 1, 26, 25, 0, 1, 1, 0, '2019-01-08 05:59:01'),
(792, 10, 10, 1, 27, 28, 0, 1, 1, 0, '2019-01-08 05:59:01'),
(793, 10, 10, 1, 28, 29, 0, 1, 1, 0, '2019-01-08 05:59:01'),
(794, 10, 10, 1, 29, 27, 0, 1, 1, 0, '2019-01-08 05:59:01'),
(795, 10, 10, 1, 30, 24, 0, 1, 1, 0, '2019-01-08 05:59:01'),
(796, 10, 10, 1, 31, 26, 0, 1, 1, 0, '2019-01-08 05:59:01'),
(797, 10, 10, 1, 32, 28, 0, 1, 1, 0, '2019-01-08 05:59:01'),
(798, 10, 10, 1, 33, 29, 0, 1, 1, 0, '2019-01-08 05:59:01'),
(799, 10, 10, 1, 34, 26, 0, 1, 1, 0, '2019-01-08 05:59:01'),
(800, 10, 10, 1, 35, 25, 0, 1, 1, 0, '2019-01-08 05:59:01'),
(801, 10, 10, 1, 36, 26, 0, 1, 1, 0, '2019-01-08 05:59:01'),
(802, 10, 10, 1, 38, 24, 0, 1, 1, 0, '2019-01-08 05:59:01'),
(803, 10, 10, 1, 39, 25, 0, 1, 1, 0, '2019-01-08 05:59:01'),
(804, 10, 10, 1, 40, 22, 0, 1, 1, 0, '2019-01-08 05:59:01'),
(805, 10, 10, 1, 13, 25, 0, 1, 1, 0, '2019-01-08 05:59:01'),
(806, 10, 10, 1, 1, 24, 0, 1, 2, 0, '2019-01-08 05:59:01'),
(807, 10, 10, 1, 2, 21, 0, 1, 2, 0, '2019-01-08 05:59:01'),
(808, 10, 10, 1, 3, 28, 0, 1, 2, 0, '2019-01-08 05:59:01'),
(809, 10, 10, 1, 4, 29, 0, 1, 2, 0, '2019-01-08 05:59:01'),
(810, 10, 10, 1, 5, 27, 0, 1, 2, 0, '2019-01-08 05:59:01'),
(811, 10, 10, 1, 6, 28, 0, 1, 2, 0, '2019-01-08 05:59:01'),
(812, 10, 10, 1, 7, 29, 0, 1, 2, 0, '2019-01-08 05:59:01'),
(813, 10, 10, 1, 8, 25, 0, 1, 2, 0, '2019-01-08 05:59:01'),
(814, 10, 10, 1, 9, 26, 0, 1, 2, 0, '2019-01-08 05:59:01'),
(815, 10, 10, 1, 10, 28, 0, 1, 2, 0, '2019-01-08 05:59:01'),
(816, 10, 10, 1, 11, 29, 0, 1, 2, 0, '2019-01-08 05:59:01'),
(817, 10, 10, 1, 12, 27, 0, 1, 2, 0, '2019-01-08 05:59:01'),
(818, 10, 10, 1, 14, 25, 0, 1, 2, 0, '2019-01-08 05:59:01'),
(819, 10, 10, 1, 15, 28, 0, 1, 2, 0, '2019-01-08 05:59:01'),
(820, 10, 10, 1, 16, 29, 0, 1, 2, 0, '2019-01-08 05:59:01'),
(821, 10, 10, 1, 17, 19, 0, 1, 2, 0, '2019-01-08 05:59:01'),
(822, 10, 10, 1, 18, 18, 0, 1, 2, 0, '2019-01-08 05:59:01'),
(823, 10, 10, 1, 19, 17, 0, 1, 2, 0, '2019-01-08 05:59:01'),
(824, 10, 10, 1, 20, 19, 0, 1, 2, 0, '2019-01-08 05:59:01'),
(825, 10, 10, 1, 21, 15, 0, 1, 2, 0, '2019-01-08 05:59:01'),
(826, 10, 10, 1, 22, 18, 0, 1, 2, 0, '2019-01-08 05:59:01'),
(827, 10, 10, 1, 23, 19, 0, 1, 2, 0, '2019-01-08 05:59:01'),
(828, 10, 10, 1, 24, 17, 0, 1, 2, 0, '2019-01-08 05:59:01'),
(829, 10, 10, 1, 25, 18, 0, 1, 2, 0, '2019-01-08 05:59:01'),
(830, 10, 10, 1, 26, 19, 0, 1, 2, 0, '2019-01-08 05:59:01'),
(831, 10, 10, 1, 27, 26, 0, 1, 2, 0, '2019-01-08 05:59:01'),
(832, 10, 10, 1, 28, 28, 0, 1, 2, 0, '2019-01-08 05:59:01'),
(833, 10, 10, 1, 29, 29, 0, 1, 2, 0, '2019-01-08 05:59:01'),
(834, 10, 10, 1, 30, 27, 0, 1, 2, 0, '2019-01-08 05:59:01'),
(835, 10, 10, 1, 31, 24, 0, 1, 2, 0, '2019-01-08 05:59:01'),
(836, 10, 10, 1, 32, 25, 0, 1, 2, 0, '2019-01-08 05:59:01'),
(837, 10, 10, 1, 33, 26, 0, 1, 2, 0, '2019-01-08 05:59:01'),
(838, 10, 10, 1, 34, 23, 0, 1, 2, 0, '2019-01-08 05:59:01'),
(839, 10, 10, 1, 35, 22, 0, 1, 2, 0, '2019-01-08 05:59:01'),
(840, 10, 10, 1, 36, 21, 0, 1, 2, 0, '2019-01-08 05:59:01'),
(841, 10, 10, 1, 38, 25, 0, 1, 2, 0, '2019-01-08 05:59:01'),
(842, 10, 10, 1, 39, 20, 0, 1, 2, 0, '2019-01-08 05:59:01'),
(843, 10, 10, 1, 40, 22, 0, 1, 2, 0, '2019-01-08 05:59:01'),
(844, 10, 10, 1, 13, 28, 0, 1, 2, 0, '2019-01-08 05:59:01'),
(845, 11, 11, 1, 1, 25, 0, 1, 1, 0, '2019-01-08 05:59:01'),
(846, 11, 11, 1, 2, 29, 0, 1, 1, 0, '2019-01-08 05:59:01'),
(847, 11, 11, 1, 3, 28, 0, 1, 1, 0, '2019-01-08 05:59:01'),
(848, 11, 11, 1, 4, 26, 0, 1, 1, 0, '2019-01-08 05:59:01'),
(849, 11, 11, 1, 5, 25, 0, 1, 1, 0, '2019-01-08 05:59:01'),
(850, 11, 11, 1, 6, 23, 0, 1, 1, 0, '2019-01-08 05:59:01'),
(851, 11, 11, 1, 7, 21, 0, 1, 1, 0, '2019-01-08 05:59:01'),
(852, 11, 11, 1, 8, 22, 0, 1, 1, 0, '2019-01-08 05:59:01'),
(853, 11, 11, 1, 9, 22, 0, 1, 1, 0, '2019-01-08 05:59:01'),
(854, 11, 11, 1, 10, 20, 0, 1, 1, 0, '2019-01-08 05:59:01'),
(855, 11, 11, 1, 11, 21, 0, 1, 1, 0, '2019-01-08 05:59:01'),
(856, 11, 11, 1, 12, 25, 0, 1, 1, 0, '2019-01-08 05:59:01'),
(857, 11, 11, 1, 14, 23, 0, 1, 1, 0, '2019-01-08 05:59:01'),
(858, 11, 11, 1, 15, 25, 0, 1, 1, 0, '2019-01-08 05:59:01'),
(859, 11, 11, 1, 16, 26, 0, 1, 1, 0, '2019-01-08 05:59:01'),
(860, 11, 11, 1, 17, 24, 0, 1, 1, 0, '2019-01-08 05:59:01'),
(861, 11, 11, 1, 18, 28, 0, 1, 1, 0, '2019-01-08 05:59:01'),
(862, 11, 11, 1, 19, 24, 0, 1, 1, 0, '2019-01-08 05:59:01'),
(863, 11, 11, 1, 20, 25, 0, 1, 1, 0, '2019-01-08 05:59:01'),
(864, 11, 11, 1, 21, 26, 0, 1, 1, 0, '2019-01-08 05:59:01'),
(865, 11, 11, 1, 22, 24, 0, 1, 1, 0, '2019-01-08 05:59:01'),
(866, 11, 11, 1, 23, 23, 0, 1, 1, 0, '2019-01-08 05:59:01'),
(867, 11, 11, 1, 24, 22, 0, 1, 1, 0, '2019-01-08 05:59:01'),
(868, 11, 11, 1, 25, 20, 0, 1, 1, 0, '2019-01-08 05:59:01'),
(869, 11, 11, 1, 26, 21, 0, 1, 1, 0, '2019-01-08 05:59:01'),
(870, 11, 11, 1, 27, 25, 0, 1, 1, 0, '2019-01-08 05:59:01'),
(871, 11, 11, 1, 28, 29, 0, 1, 1, 0, '2019-01-08 05:59:01'),
(872, 11, 11, 1, 29, 27, 0, 1, 1, 0, '2019-01-08 05:59:01'),
(873, 11, 11, 1, 30, 26, 0, 1, 1, 0, '2019-01-08 05:59:01'),
(874, 11, 11, 1, 31, 24, 0, 1, 1, 0, '2019-01-08 05:59:01'),
(875, 11, 11, 1, 32, 25, 0, 1, 1, 0, '2019-01-08 05:59:01'),
(876, 11, 11, 1, 33, 26, 0, 1, 1, 0, '2019-01-08 05:59:01'),
(877, 11, 11, 1, 34, 28, 0, 1, 1, 0, '2019-01-08 05:59:01');
INSERT INTO `ut` (`ut_id`, `ut_semester_id`, `ut_course_id`, `ut_scheme_id`, `ut_student_id`, `ut_marks`, `ut_outof`, `ut_dept`, `ut_number`, `ut_stud_ab`, `ut_date_time`) VALUES
(878, 11, 11, 1, 35, 29, 0, 1, 1, 0, '2019-01-08 05:59:01'),
(879, 11, 11, 1, 36, 27, 0, 1, 1, 0, '2019-01-08 05:59:01'),
(880, 11, 11, 1, 38, 24, 0, 1, 1, 0, '2019-01-08 05:59:01'),
(881, 11, 11, 1, 39, 25, 0, 1, 1, 0, '2019-01-08 05:59:01'),
(882, 11, 11, 1, 40, 26, 0, 1, 1, 0, '2019-01-08 05:59:01'),
(883, 11, 11, 1, 13, 21, 0, 1, 1, 0, '2019-01-08 05:59:01'),
(884, 11, 11, 1, 1, 21, 0, 1, 2, 0, '2019-01-08 05:59:01'),
(885, 11, 11, 1, 2, 24, 0, 1, 2, 0, '2019-01-08 05:59:01'),
(886, 11, 11, 1, 3, 28, 0, 1, 2, 0, '2019-01-08 05:59:01'),
(887, 11, 11, 1, 4, 29, 0, 1, 2, 0, '2019-01-08 05:59:01'),
(888, 11, 11, 1, 5, 25, 0, 1, 2, 0, '2019-01-08 05:59:01'),
(889, 11, 11, 1, 6, 26, 0, 1, 2, 0, '2019-01-08 05:59:01'),
(890, 11, 11, 1, 7, 27, 0, 1, 2, 0, '2019-01-08 05:59:01'),
(891, 11, 11, 1, 8, 28, 0, 1, 2, 0, '2019-01-08 05:59:01'),
(892, 11, 11, 1, 9, 29, 0, 1, 2, 0, '2019-01-08 05:59:01'),
(893, 11, 11, 1, 10, 21, 0, 1, 2, 0, '2019-01-08 05:59:01'),
(894, 11, 11, 1, 11, 25, 0, 1, 2, 0, '2019-01-08 05:59:01'),
(895, 11, 11, 1, 12, 18, 0, 1, 2, 0, '2019-01-08 05:59:01'),
(896, 11, 11, 1, 14, 19, 0, 1, 2, 0, '2019-01-08 05:59:01'),
(897, 11, 11, 1, 15, 15, 0, 1, 2, 0, '2019-01-08 05:59:01'),
(898, 11, 11, 1, 16, 16, 0, 1, 2, 0, '2019-01-08 05:59:01'),
(899, 11, 11, 1, 17, 18, 0, 1, 2, 0, '2019-01-08 05:59:01'),
(900, 11, 11, 1, 18, 17, 0, 1, 2, 0, '2019-01-08 05:59:01'),
(901, 11, 11, 1, 19, 15, 0, 1, 2, 0, '2019-01-08 05:59:01'),
(902, 11, 11, 1, 20, 16, 0, 1, 2, 0, '2019-01-08 05:59:01'),
(903, 11, 11, 1, 21, 17, 0, 1, 2, 0, '2019-01-08 05:59:01'),
(904, 11, 11, 1, 22, 18, 0, 1, 2, 0, '2019-01-08 05:59:01'),
(905, 11, 11, 1, 23, 19, 0, 1, 2, 0, '2019-01-08 05:59:01'),
(906, 11, 11, 1, 24, 17, 0, 1, 2, 0, '2019-01-08 05:59:01'),
(907, 11, 11, 1, 25, 14, 0, 1, 2, 0, '2019-01-08 05:59:01'),
(908, 11, 11, 1, 26, 15, 0, 1, 2, 0, '2019-01-08 05:59:01'),
(909, 11, 11, 1, 27, 18, 0, 1, 2, 0, '2019-01-08 05:59:01'),
(910, 11, 11, 1, 28, 19, 0, 1, 2, 0, '2019-01-08 05:59:01'),
(911, 11, 11, 1, 29, 15, 0, 1, 2, 0, '2019-01-08 05:59:01'),
(912, 11, 11, 1, 30, 18, 0, 1, 2, 0, '2019-01-08 05:59:01'),
(913, 11, 11, 1, 31, 19, 0, 1, 2, 0, '2019-01-08 05:59:01'),
(914, 11, 11, 1, 32, 25, 0, 1, 2, 0, '2019-01-08 05:59:01'),
(915, 11, 11, 1, 33, 29, 0, 1, 2, 0, '2019-01-08 05:59:01'),
(916, 11, 11, 1, 34, 27, 0, 1, 2, 0, '2019-01-08 05:59:01'),
(917, 11, 11, 1, 35, 28, 0, 1, 2, 0, '2019-01-08 05:59:01'),
(918, 11, 11, 1, 36, 26, 0, 1, 2, 0, '2019-01-08 05:59:01'),
(919, 11, 11, 1, 38, 25, 0, 1, 2, 0, '2019-01-08 05:59:01'),
(920, 11, 11, 1, 39, 29, 0, 1, 2, 0, '2019-01-08 05:59:01'),
(921, 11, 11, 1, 40, 24, 0, 1, 2, 0, '2019-01-08 05:59:01'),
(922, 11, 11, 1, 13, 22, 0, 1, 2, 0, '2019-01-08 05:59:01'),
(923, 12, 12, 1, 1, 24, 0, 1, 1, 0, '2019-01-08 05:59:01'),
(924, 12, 12, 1, 2, 25, 0, 1, 1, 0, '2019-01-08 05:59:01'),
(925, 12, 12, 1, 3, 28, 0, 1, 1, 0, '2019-01-08 05:59:01'),
(926, 12, 12, 1, 4, 29, 0, 1, 1, 0, '2019-01-08 05:59:01'),
(927, 12, 12, 1, 5, 24, 0, 1, 1, 0, '2019-01-08 05:59:01'),
(928, 12, 12, 1, 6, 25, 0, 1, 1, 0, '2019-01-08 05:59:01'),
(929, 12, 12, 1, 7, 21, 0, 1, 1, 0, '2019-01-08 05:59:01'),
(930, 12, 12, 1, 8, 20, 0, 1, 1, 0, '2019-01-08 05:59:01'),
(931, 12, 12, 1, 9, 29, 0, 1, 1, 0, '2019-01-08 05:59:01'),
(932, 12, 12, 1, 10, 28, 0, 1, 1, 0, '2019-01-08 05:59:01'),
(933, 12, 12, 1, 11, 26, 0, 1, 1, 0, '2019-01-08 05:59:01'),
(934, 12, 12, 1, 12, 28, 0, 1, 1, 0, '2019-01-08 05:59:01'),
(935, 12, 12, 1, 14, 23, 0, 1, 1, 0, '2019-01-08 05:59:01'),
(936, 12, 12, 1, 15, 22, 0, 1, 1, 0, '2019-01-08 05:59:01'),
(937, 12, 12, 1, 16, 21, 0, 1, 1, 0, '2019-01-08 05:59:01'),
(938, 12, 12, 1, 17, 25, 0, 1, 1, 0, '2019-01-08 05:59:01'),
(939, 12, 12, 1, 18, 28, 0, 1, 1, 0, '2019-01-08 05:59:01'),
(940, 12, 12, 1, 19, 29, 0, 1, 1, 0, '2019-01-08 05:59:01'),
(941, 12, 12, 1, 20, 27, 0, 1, 1, 0, '2019-01-08 05:59:01'),
(942, 12, 12, 1, 21, 25, 0, 1, 1, 0, '2019-01-08 05:59:01'),
(943, 12, 12, 1, 22, 26, 0, 1, 1, 0, '2019-01-08 05:59:01'),
(944, 12, 12, 1, 23, 29, 0, 1, 1, 0, '2019-01-08 05:59:01'),
(945, 12, 12, 1, 24, 24, 0, 1, 1, 0, '2019-01-08 05:59:01'),
(946, 12, 12, 1, 25, 27, 0, 1, 1, 0, '2019-01-08 05:59:01'),
(947, 12, 12, 1, 26, 28, 0, 1, 1, 0, '2019-01-08 05:59:01'),
(948, 12, 12, 1, 27, 29, 0, 1, 1, 0, '2019-01-08 05:59:01'),
(949, 12, 12, 1, 28, 25, 0, 1, 1, 0, '2019-01-08 05:59:01'),
(950, 12, 12, 1, 29, 29, 0, 1, 1, 0, '2019-01-08 05:59:01'),
(951, 12, 12, 1, 30, 24, 0, 1, 1, 0, '2019-01-08 05:59:01'),
(952, 12, 12, 1, 31, 25, 0, 1, 1, 0, '2019-01-08 05:59:01'),
(953, 12, 12, 1, 32, 21, 0, 1, 1, 0, '2019-01-08 05:59:01'),
(954, 12, 12, 1, 33, 20, 0, 1, 1, 0, '2019-01-08 05:59:01'),
(955, 12, 12, 1, 34, 25, 0, 1, 1, 0, '2019-01-08 05:59:01'),
(956, 12, 12, 1, 35, 29, 0, 1, 1, 0, '2019-01-08 05:59:01'),
(957, 12, 12, 1, 36, 24, 0, 1, 1, 0, '2019-01-08 05:59:01'),
(958, 12, 12, 1, 38, 25, 0, 1, 1, 0, '2019-01-08 05:59:01'),
(959, 12, 12, 1, 39, 28, 0, 1, 1, 0, '2019-01-08 05:59:01'),
(960, 12, 12, 1, 40, 26, 0, 1, 1, 0, '2019-01-08 05:59:01'),
(961, 12, 12, 1, 13, 25, 0, 1, 1, 0, '2019-01-08 05:59:01'),
(962, 12, 12, 1, 1, 24, 0, 1, 2, 0, '2019-01-08 05:59:01'),
(963, 12, 12, 1, 2, 28, 0, 1, 2, 0, '2019-01-08 05:59:01'),
(964, 12, 12, 1, 3, 29, 0, 1, 2, 0, '2019-01-08 05:59:01'),
(965, 12, 12, 1, 4, 26, 0, 1, 2, 0, '2019-01-08 05:59:01'),
(966, 12, 12, 1, 5, 27, 0, 1, 2, 0, '2019-01-08 05:59:01'),
(967, 12, 12, 1, 6, 25, 0, 1, 2, 0, '2019-01-08 05:59:01'),
(968, 12, 12, 1, 7, 28, 0, 1, 2, 0, '2019-01-08 05:59:01'),
(969, 12, 12, 1, 8, 26, 0, 1, 2, 0, '2019-01-08 05:59:01'),
(970, 12, 12, 1, 9, 24, 0, 1, 2, 0, '2019-01-08 05:59:01'),
(971, 12, 12, 1, 10, 21, 0, 1, 2, 0, '2019-01-08 05:59:01'),
(972, 12, 12, 1, 11, 20, 0, 1, 2, 0, '2019-01-08 05:59:01'),
(973, 12, 12, 1, 12, 23, 0, 1, 2, 0, '2019-01-08 05:59:01'),
(974, 12, 12, 1, 14, 25, 0, 1, 2, 0, '2019-01-08 05:59:01'),
(975, 12, 12, 1, 15, 25, 0, 1, 2, 0, '2019-01-08 05:59:01'),
(976, 12, 12, 1, 16, 29, 0, 1, 2, 0, '2019-01-08 05:59:01'),
(977, 12, 12, 1, 17, 25, 0, 1, 2, 0, '2019-01-08 05:59:01'),
(978, 12, 12, 1, 18, 26, 0, 1, 2, 0, '2019-01-08 05:59:01'),
(979, 12, 12, 1, 19, 27, 0, 1, 2, 0, '2019-01-08 05:59:01'),
(980, 12, 12, 1, 20, 28, 0, 1, 2, 0, '2019-01-08 05:59:01'),
(981, 12, 12, 1, 21, 25, 0, 1, 2, 0, '2019-01-08 05:59:01'),
(982, 12, 12, 1, 22, 27, 0, 1, 2, 0, '2019-01-08 05:59:01'),
(983, 12, 12, 1, 23, 28, 0, 1, 2, 0, '2019-01-08 05:59:01'),
(984, 12, 12, 1, 24, 26, 0, 1, 2, 0, '2019-01-08 05:59:01'),
(985, 12, 12, 1, 25, 27, 0, 1, 2, 0, '2019-01-08 05:59:01'),
(986, 12, 12, 1, 26, 28, 0, 1, 2, 0, '2019-01-08 05:59:01'),
(987, 12, 12, 1, 27, 21, 0, 1, 2, 0, '2019-01-08 05:59:01'),
(988, 12, 12, 1, 28, 20, 0, 1, 2, 0, '2019-01-08 05:59:01'),
(989, 12, 12, 1, 29, 25, 0, 1, 2, 0, '2019-01-08 05:59:01'),
(990, 12, 12, 1, 30, 28, 0, 1, 2, 0, '2019-01-08 05:59:01'),
(991, 12, 12, 1, 31, 29, 0, 1, 2, 0, '2019-01-08 05:59:01'),
(992, 12, 12, 1, 32, 24, 0, 1, 2, 0, '2019-01-08 05:59:01'),
(993, 12, 12, 1, 33, 25, 0, 1, 2, 0, '2019-01-08 05:59:01'),
(994, 12, 12, 1, 34, 28, 0, 1, 2, 0, '2019-01-08 05:59:01'),
(995, 12, 12, 1, 35, 26, 0, 1, 2, 0, '2019-01-08 05:59:01'),
(996, 12, 12, 1, 36, 27, 0, 1, 2, 0, '2019-01-08 05:59:01'),
(997, 12, 12, 1, 38, 28, 0, 1, 2, 0, '2019-01-08 05:59:01'),
(998, 12, 12, 1, 39, 25, 0, 1, 2, 0, '2019-01-08 05:59:01'),
(999, 12, 12, 1, 40, 14, 0, 1, 2, 0, '2019-01-08 05:59:01'),
(1000, 12, 12, 1, 13, 19, 0, 1, 2, 0, '2019-01-08 05:59:01'),
(1001, 1, 1, 1, 43, 22, 0, 1, 1, 0, '2019-01-08 06:29:05'),
(1002, 1, 1, 1, 43, 25, 0, 1, 2, 0, '2019-01-08 06:29:22');

--
-- Indexes for dumped tables
--

--
-- Indexes for table `accesscontrol`
--
ALTER TABLE `accesscontrol`
  ADD PRIMARY KEY (`access_level`);

--
-- Indexes for table `attendance`
--
ALTER TABLE `attendance`
  ADD PRIMARY KEY (`attendance_id`),
  ADD KEY `attendance_student_id` (`attendance_student_id`),
  ADD KEY `attendance_subject_id` (`attendance_subject_id`),
  ADD KEY `attendance_dept_id` (`attendance_dept_id`),
  ADD KEY `attendance_teacher_id` (`attendance_teacher_id`);

--
-- Indexes for table `cancled_students`
--
ALTER TABLE `cancled_students`
  ADD PRIMARY KEY (`student_id`),
  ADD UNIQUE KEY `student_enrollmentno` (`student_enrollmentno`),
  ADD UNIQUE KEY `student_email` (`student_email`),
  ADD UNIQUE KEY `student_phno` (`student_phno`),
  ADD KEY `student_dept_id` (`student_dept_id`),
  ADD KEY `student_scheme_id` (`student_scheme_id`),
  ADD KEY `student_caste_category_id` (`student_caste_category_id`);

--
-- Indexes for table `caste_category`
--
ALTER TABLE `caste_category`
  ADD PRIMARY KEY (`CATEGORYID`);

--
-- Indexes for table `caste_ntb`
--
ALTER TABLE `caste_ntb`
  ADD PRIMARY KEY (`SN`),
  ADD KEY `caste_category_id` (`caste_category_id`);

--
-- Indexes for table `caste_sc_st_sbc_obc`
--
ALTER TABLE `caste_sc_st_sbc_obc`
  ADD PRIMARY KEY (`id`),
  ADD KEY `cast_sc_st_sbc_obc_ibfk_1` (`category_id`);

--
-- Indexes for table `caste_vj_dt`
--
ALTER TABLE `caste_vj_dt`
  ADD PRIMARY KEY (`id`),
  ADD KEY `caste_category_id` (`caste_category_id`);

--
-- Indexes for table `course`
--
ALTER TABLE `course`
  ADD PRIMARY KEY (`course_id`),
  ADD KEY `course_scheme_id` (`course_scheme_id`);

--
-- Indexes for table `course_reg`
--
ALTER TABLE `course_reg`
  ADD PRIMARY KEY (`course_reg_id`),
  ADD KEY `course_reg_student_id` (`course_reg_student_id`),
  ADD KEY `course_reg_course_id` (`course_reg_course_id`);

--
-- Indexes for table `dept`
--
ALTER TABLE `dept`
  ADD PRIMARY KEY (`dept_id`);

--
-- Indexes for table `exam`
--
ALTER TABLE `exam`
  ADD PRIMARY KEY (`exam_id`),
  ADD KEY `exam_student_id` (`exam_student_id`),
  ADD KEY `exam_semister_id` (`exam_semister_id`);

--
-- Indexes for table `exam_reg`
--
ALTER TABLE `exam_reg`
  ADD PRIMARY KEY (`exam_reg_id`),
  ADD KEY `exam_reg_course_reg_id` (`exam_reg_course_reg_id`),
  ADD KEY `exam_reg_student_id` (`exam_reg_student_id`);

--
-- Indexes for table `faculty`
--
ALTER TABLE `faculty`
  ADD PRIMARY KEY (`faculty_id`),
  ADD UNIQUE KEY `faculty_email` (`faculty_email`),
  ADD UNIQUE KEY `faculty_phno` (`faculty_phno`),
  ADD UNIQUE KEY `faculty_number` (`faculty_employee_id`),
  ADD KEY `faculty_dept_id` (`faculty_dept_id`),
  ADD KEY `access_level` (`access_level`);

--
-- Indexes for table `facultytocourse`
--
ALTER TABLE `facultytocourse`
  ADD PRIMARY KEY (`facultytocourse_id`),
  ADD KEY `facultytocourse_faculty_id` (`facultytocourse_faculty_id`),
  ADD KEY `facultytocourse_course_id` (`facultytocourse_course_id`),
  ADD KEY `facultytocourse_semester` (`facultytocourse_semester`);

--
-- Indexes for table `faculty_cancel`
--
ALTER TABLE `faculty_cancel`
  ADD PRIMARY KEY (`faculty_id`),
  ADD UNIQUE KEY `faculty_email` (`faculty_email`),
  ADD UNIQUE KEY `faculty_phno` (`faculty_phno`),
  ADD UNIQUE KEY `faculty_number` (`faculty_employee_id`),
  ADD KEY `faculty_dept_id` (`faculty_dept_id`),
  ADD KEY `access_level` (`access_level`);

--
-- Indexes for table `msg_of_day`
--
ALTER TABLE `msg_of_day`
  ADD PRIMARY KEY (`msg_of_day_id`),
  ADD UNIQUE KEY `msg_details` (`msg_details`),
  ADD KEY `created_by` (`created_by`);

--
-- Indexes for table `notice`
--
ALTER TABLE `notice`
  ADD PRIMARY KEY (`notice_id`),
  ADD KEY `created_by` (`created_by`);

--
-- Indexes for table `reports`
--
ALTER TABLE `reports`
  ADD PRIMARY KEY (`report_id`),
  ADD UNIQUE KEY `report_key` (`report_key`),
  ADD KEY `report_generator` (`report_generator`);

--
-- Indexes for table `room`
--
ALTER TABLE `room`
  ADD PRIMARY KEY (`room_id`),
  ADD KEY `room_dept_id` (`room_dept_id`);

--
-- Indexes for table `scheme`
--
ALTER TABLE `scheme`
  ADD PRIMARY KEY (`scheme_id`),
  ADD KEY `scheme_dept_id` (`scheme_dept_id`);

--
-- Indexes for table `semester`
--
ALTER TABLE `semester`
  ADD PRIMARY KEY (`semester_id`),
  ADD KEY `semister_scheme_id` (`semester_scheme_id`),
  ADD KEY `semister_course_id` (`semester_course_id`);

--
-- Indexes for table `semester_result`
--
ALTER TABLE `semester_result`
  ADD PRIMARY KEY (`semester_result_id`),
  ADD KEY `sem_internal_marks_id` (`semester_result_marks_id`);

--
-- Indexes for table `sem_internal_marks`
--
ALTER TABLE `sem_internal_marks`
  ADD PRIMARY KEY (`sem_internal_id`),
  ADD KEY `sem_op2_course_id` (`sem_internal_course_id`),
  ADD KEY `sem_op2_student_id` (`sem_internal_student_id`),
  ADD KEY `sem_op2_ibfk_4` (`sem_internal_semister_id`);

--
-- Indexes for table `sem_op1`
--
ALTER TABLE `sem_op1`
  ADD PRIMARY KEY (`sem_op1_id`),
  ADD KEY `sem_internal_marks_id` (`sem_op1_internal_marks_id`),
  ADD KEY `sem_op2_user_id` (`sem_op1_user_id`);

--
-- Indexes for table `sem_op2`
--
ALTER TABLE `sem_op2`
  ADD PRIMARY KEY (`sem_op2_id`),
  ADD KEY `sem_internal_marks_id` (`sem_op2_internal_marks_id`),
  ADD KEY `sem_op2_user_id` (`sem_op2_user_id`);

--
-- Indexes for table `students`
--
ALTER TABLE `students`
  ADD PRIMARY KEY (`student_id`),
  ADD UNIQUE KEY `student_enrollmentno` (`student_enrollmentno`),
  ADD UNIQUE KEY `student_email` (`student_email`),
  ADD UNIQUE KEY `student_phno` (`student_phno`),
  ADD KEY `student_dept_id` (`student_dept_id`),
  ADD KEY `student_scheme_id` (`student_scheme_id`),
  ADD KEY `student_caste_category_id` (`student_caste_category_id`);

--
-- Indexes for table `ut`
--
ALTER TABLE `ut`
  ADD PRIMARY KEY (`ut_id`),
  ADD KEY `1ut_semister_id` (`ut_semester_id`),
  ADD KEY `1ut_course_id` (`ut_course_id`),
  ADD KEY `1ut_scheme_id` (`ut_scheme_id`),
  ADD KEY `1ut_student_id` (`ut_student_id`),
  ADD KEY `ut1_dept` (`ut_dept`);

--
-- AUTO_INCREMENT for dumped tables
--

--
-- AUTO_INCREMENT for table `attendance`
--
ALTER TABLE `attendance`
  MODIFY `attendance_id` int(11) NOT NULL AUTO_INCREMENT, AUTO_INCREMENT=601;

--
-- AUTO_INCREMENT for table `cancled_students`
--
ALTER TABLE `cancled_students`
  MODIFY `student_id` int(11) NOT NULL AUTO_INCREMENT, AUTO_INCREMENT=42;

--
-- AUTO_INCREMENT for table `caste_sc_st_sbc_obc`
--
ALTER TABLE `caste_sc_st_sbc_obc`
  MODIFY `id` int(11) NOT NULL AUTO_INCREMENT, AUTO_INCREMENT=925;

--
-- AUTO_INCREMENT for table `caste_vj_dt`
--
ALTER TABLE `caste_vj_dt`
  MODIFY `id` int(11) NOT NULL AUTO_INCREMENT, AUTO_INCREMENT=59;

--
-- AUTO_INCREMENT for table `course`
--
ALTER TABLE `course`
  MODIFY `course_id` int(11) NOT NULL AUTO_INCREMENT, AUTO_INCREMENT=37;

--
-- AUTO_INCREMENT for table `course_reg`
--
ALTER TABLE `course_reg`
  MODIFY `course_reg_id` int(11) NOT NULL AUTO_INCREMENT, AUTO_INCREMENT=898;

--
-- AUTO_INCREMENT for table `dept`
--
ALTER TABLE `dept`
  MODIFY `dept_id` int(11) NOT NULL AUTO_INCREMENT, AUTO_INCREMENT=4;

--
-- AUTO_INCREMENT for table `exam`
--
ALTER TABLE `exam`
  MODIFY `exam_id` int(11) NOT NULL AUTO_INCREMENT;

--
-- AUTO_INCREMENT for table `exam_reg`
--
ALTER TABLE `exam_reg`
  MODIFY `exam_reg_id` int(11) NOT NULL AUTO_INCREMENT, AUTO_INCREMENT=1283;

--
-- AUTO_INCREMENT for table `faculty`
--
ALTER TABLE `faculty`
  MODIFY `faculty_id` int(11) NOT NULL AUTO_INCREMENT, AUTO_INCREMENT=39;

--
-- AUTO_INCREMENT for table `facultytocourse`
--
ALTER TABLE `facultytocourse`
  MODIFY `facultytocourse_id` int(11) NOT NULL AUTO_INCREMENT, AUTO_INCREMENT=61;

--
-- AUTO_INCREMENT for table `faculty_cancel`
--
ALTER TABLE `faculty_cancel`
  MODIFY `faculty_id` int(11) NOT NULL AUTO_INCREMENT;

--
-- AUTO_INCREMENT for table `msg_of_day`
--
ALTER TABLE `msg_of_day`
  MODIFY `msg_of_day_id` int(11) NOT NULL AUTO_INCREMENT;

--
-- AUTO_INCREMENT for table `notice`
--
ALTER TABLE `notice`
  MODIFY `notice_id` int(11) NOT NULL AUTO_INCREMENT;

--
-- AUTO_INCREMENT for table `reports`
--
ALTER TABLE `reports`
  MODIFY `report_id` int(11) NOT NULL AUTO_INCREMENT, AUTO_INCREMENT=543;

--
-- AUTO_INCREMENT for table `room`
--
ALTER TABLE `room`
  MODIFY `room_id` int(11) NOT NULL AUTO_INCREMENT;

--
-- AUTO_INCREMENT for table `scheme`
--
ALTER TABLE `scheme`
  MODIFY `scheme_id` int(11) NOT NULL AUTO_INCREMENT, AUTO_INCREMENT=2;

--
-- AUTO_INCREMENT for table `semester`
--
ALTER TABLE `semester`
  MODIFY `semester_id` int(11) NOT NULL AUTO_INCREMENT, AUTO_INCREMENT=37;

--
-- AUTO_INCREMENT for table `semester_result`
--
ALTER TABLE `semester_result`
  MODIFY `semester_result_id` int(11) NOT NULL AUTO_INCREMENT, AUTO_INCREMENT=352;

--
-- AUTO_INCREMENT for table `sem_internal_marks`
--
ALTER TABLE `sem_internal_marks`
  MODIFY `sem_internal_id` int(11) NOT NULL AUTO_INCREMENT, AUTO_INCREMENT=1469;

--
-- AUTO_INCREMENT for table `sem_op1`
--
ALTER TABLE `sem_op1`
  MODIFY `sem_op1_id` int(11) NOT NULL AUTO_INCREMENT, AUTO_INCREMENT=44;

--
-- AUTO_INCREMENT for table `sem_op2`
--
ALTER TABLE `sem_op2`
  MODIFY `sem_op2_id` int(11) NOT NULL AUTO_INCREMENT, AUTO_INCREMENT=44;

--
-- AUTO_INCREMENT for table `students`
--
ALTER TABLE `students`
  MODIFY `student_id` int(11) NOT NULL AUTO_INCREMENT, AUTO_INCREMENT=66;

--
-- AUTO_INCREMENT for table `ut`
--
ALTER TABLE `ut`
  MODIFY `ut_id` int(11) NOT NULL AUTO_INCREMENT, AUTO_INCREMENT=1003;

--
-- Constraints for dumped tables
--

--
-- Constraints for table `attendance`
--
ALTER TABLE `attendance`
  ADD CONSTRAINT `attendance_ibfk_1` FOREIGN KEY (`attendance_student_id`) REFERENCES `students` (`student_id`) ON DELETE CASCADE ON UPDATE CASCADE,
  ADD CONSTRAINT `attendance_ibfk_2` FOREIGN KEY (`attendance_subject_id`) REFERENCES `course` (`course_id`) ON DELETE CASCADE ON UPDATE CASCADE,
  ADD CONSTRAINT `attendance_ibfk_3` FOREIGN KEY (`attendance_dept_id`) REFERENCES `dept` (`dept_id`) ON DELETE CASCADE ON UPDATE CASCADE,
  ADD CONSTRAINT `attendance_ibfk_4` FOREIGN KEY (`attendance_teacher_id`) REFERENCES `faculty` (`faculty_id`) ON DELETE CASCADE ON UPDATE CASCADE;

--
-- Constraints for table `caste_ntb`
--
ALTER TABLE `caste_ntb`
  ADD CONSTRAINT `caste_ntb_ibfk_1` FOREIGN KEY (`caste_category_id`) REFERENCES `caste_category` (`CATEGORYID`) ON DELETE CASCADE ON UPDATE CASCADE;

--
-- Constraints for table `caste_sc_st_sbc_obc`
--
ALTER TABLE `caste_sc_st_sbc_obc`
  ADD CONSTRAINT `caste_sc_st_sbc_obc_ibfk_1` FOREIGN KEY (`category_id`) REFERENCES `caste_category` (`CATEGORYID`) ON DELETE CASCADE ON UPDATE CASCADE;

--
-- Constraints for table `caste_vj_dt`
--
ALTER TABLE `caste_vj_dt`
  ADD CONSTRAINT `caste_vj_dt_ibfk_1` FOREIGN KEY (`caste_category_id`) REFERENCES `caste_category` (`CATEGORYID`) ON DELETE CASCADE ON UPDATE CASCADE;

--
-- Constraints for table `course`
--
ALTER TABLE `course`
  ADD CONSTRAINT `course_ibfk_1` FOREIGN KEY (`course_scheme_id`) REFERENCES `scheme` (`scheme_id`) ON DELETE CASCADE ON UPDATE CASCADE;

--
-- Constraints for table `course_reg`
--
ALTER TABLE `course_reg`
  ADD CONSTRAINT `course_reg_ibfk_1` FOREIGN KEY (`course_reg_student_id`) REFERENCES `students` (`student_id`) ON DELETE CASCADE ON UPDATE CASCADE,
  ADD CONSTRAINT `course_reg_ibfk_2` FOREIGN KEY (`course_reg_course_id`) REFERENCES `course` (`course_id`) ON DELETE CASCADE ON UPDATE CASCADE;

--
-- Constraints for table `exam`
--
ALTER TABLE `exam`
  ADD CONSTRAINT `exam_ibfk_1` FOREIGN KEY (`exam_student_id`) REFERENCES `students` (`student_id`) ON DELETE CASCADE ON UPDATE CASCADE,
  ADD CONSTRAINT `exam_ibfk_2` FOREIGN KEY (`exam_semister_id`) REFERENCES `semester` (`semester_id`) ON DELETE CASCADE ON UPDATE CASCADE;

--
-- Constraints for table `exam_reg`
--
ALTER TABLE `exam_reg`
  ADD CONSTRAINT `exam_reg_ibfk_1` FOREIGN KEY (`exam_reg_course_reg_id`) REFERENCES `course_reg` (`course_reg_id`) ON DELETE CASCADE ON UPDATE CASCADE,
  ADD CONSTRAINT `exam_reg_ibfk_2` FOREIGN KEY (`exam_reg_student_id`) REFERENCES `students` (`student_id`) ON DELETE CASCADE ON UPDATE CASCADE;

--
-- Constraints for table `faculty`
--
ALTER TABLE `faculty`
  ADD CONSTRAINT `faculty_ibfk_1` FOREIGN KEY (`faculty_dept_id`) REFERENCES `dept` (`dept_id`) ON DELETE CASCADE ON UPDATE CASCADE,
  ADD CONSTRAINT `faculty_ibfk_2` FOREIGN KEY (`access_level`) REFERENCES `accesscontrol` (`access_level`) ON DELETE CASCADE ON UPDATE CASCADE;

--
-- Constraints for table `facultytocourse`
--
ALTER TABLE `facultytocourse`
  ADD CONSTRAINT `facultytocourse_ibfk_1` FOREIGN KEY (`facultytocourse_faculty_id`) REFERENCES `faculty` (`faculty_id`) ON DELETE CASCADE ON UPDATE CASCADE,
  ADD CONSTRAINT `facultytocourse_ibfk_2` FOREIGN KEY (`facultytocourse_course_id`) REFERENCES `course` (`course_id`) ON DELETE CASCADE ON UPDATE CASCADE,
  ADD CONSTRAINT `facultytocourse_ibfk_3` FOREIGN KEY (`facultytocourse_semester`) REFERENCES `semester` (`semester_id`) ON DELETE CASCADE ON UPDATE CASCADE;

--
-- Constraints for table `msg_of_day`
--
ALTER TABLE `msg_of_day`
  ADD CONSTRAINT `msg_of_day_ibfk_1` FOREIGN KEY (`created_by`) REFERENCES `faculty` (`faculty_id`) ON DELETE CASCADE ON UPDATE CASCADE;

--
-- Constraints for table `notice`
--
ALTER TABLE `notice`
  ADD CONSTRAINT `notice_ibfk_1` FOREIGN KEY (`created_by`) REFERENCES `faculty` (`faculty_id`) ON DELETE CASCADE ON UPDATE CASCADE;

--
-- Constraints for table `reports`
--
ALTER TABLE `reports`
  ADD CONSTRAINT `reports_ibfk_1` FOREIGN KEY (`report_generator`) REFERENCES `faculty` (`faculty_id`) ON DELETE CASCADE ON UPDATE CASCADE;

--
-- Constraints for table `room`
--
ALTER TABLE `room`
  ADD CONSTRAINT `room_ibfk_1` FOREIGN KEY (`room_dept_id`) REFERENCES `dept` (`dept_id`) ON DELETE CASCADE ON UPDATE CASCADE;

--
-- Constraints for table `scheme`
--
ALTER TABLE `scheme`
  ADD CONSTRAINT `scheme_ibfk_1` FOREIGN KEY (`scheme_dept_id`) REFERENCES `dept` (`dept_id`) ON DELETE CASCADE ON UPDATE CASCADE;

--
-- Constraints for table `semester`
--
ALTER TABLE `semester`
  ADD CONSTRAINT `semester_ibfk_1` FOREIGN KEY (`semester_scheme_id`) REFERENCES `scheme` (`scheme_id`) ON DELETE CASCADE ON UPDATE CASCADE,
  ADD CONSTRAINT `semester_ibfk_2` FOREIGN KEY (`semester_course_id`) REFERENCES `course` (`course_id`) ON DELETE CASCADE ON UPDATE CASCADE;

--
-- Constraints for table `semester_result`
--
ALTER TABLE `semester_result`
  ADD CONSTRAINT `semester_result_ibfk_1` FOREIGN KEY (`semester_result_marks_id`) REFERENCES `sem_internal_marks` (`sem_internal_id`) ON DELETE CASCADE ON UPDATE CASCADE;

--
-- Constraints for table `sem_internal_marks`
--
ALTER TABLE `sem_internal_marks`
  ADD CONSTRAINT `sem_internal_marks_ibfk_1` FOREIGN KEY (`sem_internal_semister_id`) REFERENCES `semester` (`semester_id`) ON DELETE CASCADE ON UPDATE CASCADE,
  ADD CONSTRAINT `sem_internal_marks_ibfk_2` FOREIGN KEY (`sem_internal_course_id`) REFERENCES `course` (`course_id`) ON DELETE CASCADE ON UPDATE CASCADE,
  ADD CONSTRAINT `sem_internal_marks_ibfk_3` FOREIGN KEY (`sem_internal_student_id`) REFERENCES `students` (`student_id`) ON DELETE CASCADE ON UPDATE CASCADE;

--
-- Constraints for table `sem_op1`
--
ALTER TABLE `sem_op1`
  ADD CONSTRAINT `sem_op1_ibfk_1` FOREIGN KEY (`sem_op1_internal_marks_id`) REFERENCES `sem_internal_marks` (`sem_internal_id`) ON DELETE CASCADE ON UPDATE CASCADE,
  ADD CONSTRAINT `sem_op1_ibfk_2` FOREIGN KEY (`sem_op1_user_id`) REFERENCES `faculty` (`faculty_id`) ON DELETE NO ACTION ON UPDATE NO ACTION;

--
-- Constraints for table `sem_op2`
--
ALTER TABLE `sem_op2`
  ADD CONSTRAINT `sem_op2_ibfk_1` FOREIGN KEY (`sem_op2_internal_marks_id`) REFERENCES `sem_internal_marks` (`sem_internal_id`) ON DELETE CASCADE ON UPDATE CASCADE,
  ADD CONSTRAINT `sem_op2_ibfk_2` FOREIGN KEY (`sem_op2_user_id`) REFERENCES `faculty` (`faculty_id`) ON DELETE NO ACTION ON UPDATE NO ACTION;

--
-- Constraints for table `students`
--
ALTER TABLE `students`
  ADD CONSTRAINT `students_ibfk_1` FOREIGN KEY (`student_dept_id`) REFERENCES `dept` (`dept_id`) ON DELETE CASCADE ON UPDATE CASCADE,
  ADD CONSTRAINT `students_ibfk_2` FOREIGN KEY (`student_scheme_id`) REFERENCES `scheme` (`scheme_id`) ON DELETE CASCADE ON UPDATE CASCADE;

--
-- Constraints for table `ut`
--
ALTER TABLE `ut`
  ADD CONSTRAINT `ut_ibfk_1` FOREIGN KEY (`ut_semester_id`) REFERENCES `semester` (`semester_id`) ON DELETE CASCADE ON UPDATE CASCADE,
  ADD CONSTRAINT `ut_ibfk_2` FOREIGN KEY (`ut_course_id`) REFERENCES `course` (`course_id`) ON DELETE CASCADE ON UPDATE CASCADE,
  ADD CONSTRAINT `ut_ibfk_3` FOREIGN KEY (`ut_scheme_id`) REFERENCES `scheme` (`scheme_id`) ON DELETE CASCADE ON UPDATE CASCADE,
  ADD CONSTRAINT `ut_ibfk_4` FOREIGN KEY (`ut_student_id`) REFERENCES `students` (`student_id`) ON DELETE CASCADE ON UPDATE CASCADE,
  ADD CONSTRAINT `ut_ibfk_5` FOREIGN KEY (`ut_dept`) REFERENCES `dept` (`dept_id`) ON DELETE CASCADE ON UPDATE CASCADE;
COMMIT;

/*!40101 SET CHARACTER_SET_CLIENT=@OLD_CHARACTER_SET_CLIENT */;
/*!40101 SET CHARACTER_SET_RESULTS=@OLD_CHARACTER_SET_RESULTS */;
/*!40101 SET COLLATION_CONNECTION=@OLD_COLLATION_CONNECTION */;
